Report ID,Report Version,Reporting Entity,Report Type,Report Month,Report Year,Report Submission Date,VIN,VIN - Unknown,Serial Number,Make,Model,Model - Unknown,Model Year,Model Year - Unknown,Same Vehicle ID,Mileage,Mileage - Unknown,Driver / Operator Type,ADAS/ADS System Version,ADAS/ADS System Version - Unk,ADAS/ADS System Version CBI,ADAS/ADS Hardware Version,ADAS/ADS Hardware Version - Unk,ADAS/ADS Hardware Version CBI,ADAS/ADS Software Version,ADAS/ADS Software Version - Unk,ADAS/ADS Software Version CBI,Other Reporting Entities?,Other Reporting Entities? - Unk,Other Reporting Entities? - NA,Federal Regulatory Exemption?,Other Federal Reg. Exemption,Federal Reg. Exemption - Unk,Federal Reg. Exemption - No,State or Local Permit?,State or Local Permit,ADS Equipped?,Automation System Engaged?,Operating Entity,Operating Entity - Unknown,Source - Complaint/Claim,Source - Telematics,Source - Law Enforcement,Source - Field Report,Source - Testing,Source - Media,Source - Other,Source - Other Text,Incident Date,Incident Date - Unknown,Notice Received Date,Incident Time (24:00),Incident Time - Unknown,Same Incident ID,Latitude,Latitude - Unknown,Longitude,Longitude - Unknown,Address,Address - Unknown,City,City - Unknown,State,Zip Code,Zip Code - Unknown,Roadway Type,Roadway Surface,Roadway Description,Posted Speed Limit (MPH),Posted Speed Limit - Unknown,Lighting,Weather - Clear,Weather - Snow,Weather - Cloudy,Weather - Fog/Smoke,Weather - Rain,Weather - Severe Wind,Weather - Unknown,Weather - Other,Weather - Other Text,Crash With,Highest Injury Severity Alleged,Property Damage?,CP Pre-Crash Movement,CP Any Air Bags Deployed?,CP Was Vehicle Towed?,CP Contact Area - Rear Left,CP Contact Area - Left,CP Contact Area - Front Left,CP Contact Area - Rear,CP Contact Area - Top,CP Contact Area - Front,CP Contact Area - Rear Right,CP Contact Area - Right,CP Contact Area - Front Right,CP Contact Area - Bottom,CP Contact Area - Unknown,SV Pre-Crash Movement,SV Any Air Bags Deployed?,SV Was Vehicle Towed?,SV Were All Passengers Belted?,SV Precrash Speed (MPH),SV Pre-crash Speed - Unknown,SV Contact Area - Rear Left,SV Contact Area - Left,SV Contact Area - Front Left,SV Contact Area - Rear,SV Contact Area - Top,SV Contact Area - Front,SV Contact Area - Rear Right,SV Contact Area - Right,SV Contact Area - Front Right,SV Contact Area - Bottom,SV Contact Area - Unknown,Data Availability - EDR,Data Availability - Police Rpt,Data Availability - Telematics,Data Availability - Complaints,Data Availability - Video,Data Availability - Other,Data Availability - No Data,Data Availability - Unknown,Law Enforcement Investigating?,Investigating Agency,Investigating Agency - Unknown,Rep Ent Or Mfr Investigating?,Investigating Officer Name,Inv. Officer Name - Unknown,Investigating Officer Phone,Inv. Officer Phone - Unknown,Investigating Officer Email,Inv. Officer Email - Unknown,Within ODD?,Within ODD? - CBI,Narrative,Narrative - CBI?
30270-9430,1,Waymo LLC,Monthly,11,2024,DEC-2024,SADHW2S15M1, ,N/A,Jaguar,I-Pace, ,2021, ,18759114accd4fb,117674, ,None,5th Generation ADS, , ,5th Generation, , ,Version 9, , ,, ,Y,,, ,Y,Yes (specify below),ADOT   ,Yes,ADS,Waymo LLC, , ,Y, , , , , ,,NOV-2024, ,NOV-2024,16:52, ,326c05decff6b90,[MAY CONTAIN PERSONALLY IDENTIFIABLE INFORMATION], ,[MAY CONTAIN PERSONALLY IDENTIFIABLE INFORMATION], ,[MAY CONTAIN PERSONALLY IDENTIFIABLE INFORMATION], ,Phoenix, ,AZ ,[MAY CONTAIN PERSONALLY IDENTIFIABLE INFORMATION], ,Intersection,Dry,No Unusual Conditions,25, ,Daylight, , ,Y, , , , , ,,Passenger Car,No Injuries Reported,Yes,Proceeding Straight,No,No, , ,Y, , ,Y, , , , , ,Stopped,No,No,No Passengers in Vehicle,0, , , , ,Y, , ,Y, , , , , , ,Y, ,Y,Y, , ,No,, ,Yes,, ,, ,, ,Yes, ,"On November [XXX], 2024 at 4:52 PM MT a Waymo Autonomous Vehicle (Waymo AV) operating in Phoenix, Arizona was in a collision involving a passenger car on [XXX] at [XXX].
The Waymo AV was stopped in traffic for a red light on eastbound [XXX] when a passenger car approached the Waymo AV from behind. The front of the passenger car made contact with the rear of the Waymo AV. At the time of the impact, the Waymo AVs Level 4 ADS was engaged in autonomous mode. Both vehicles sustained damage.
Waymo is reporting this crash under Request No. 2 of Standing General Order 2021-01. Waymo may supplement or correct its reporting with additional information as it may become available.",
30270-9411,1,Waymo LLC,Monthly,11,2024,DEC-2024,SADHW2S11M1, ,N/A,Jaguar,I-Pace, ,2021, ,cd201ac4bbd4c98,125018, ,None,5th Generation ADS, , ,5th Generation, , ,Version 9, , ,, ,Y,,, ,Y,Yes (specify below),ADOT,Yes,ADS,Waymo LLC, , ,Y, , , , , ,,NOV-2024, ,NOV-2024,18:44, ,2086d3156e7d817,[MAY CONTAIN PERSONALLY IDENTIFIABLE INFORMATION], ,[MAY CONTAIN PERSONALLY IDENTIFIABLE INFORMATION], ,[MAY CONTAIN PERSONALLY IDENTIFIABLE INFORMATION], ,Tempe, ,AZ ,[MAY CONTAIN PERSONALLY IDENTIFIABLE INFORMATION], ,Street,Dry,No Unusual Conditions,45, ,Dark - Lighted,Y, , , , , , , ,,Van,Minor,Yes,Proceeding Straight,No,No, , , , , ,Y, , , , , ,Stopped,No,No,Yes,0, , , , ,Y, , , , , , , , , ,Y, ,Y,Y, , ,Yes,Tempe Police Department, ,Yes,[MAY CONTAIN PERSONALLY IDENTIFIABLE INFORMATION], ,,Y,,Y,Yes, ,"On November [XXX], 2024 at 6:44 PM MT a Waymo Autonomous Vehicle (""Waymo AV"") operating in Tempe, Arizona was in a collision involving a van on [XXX] at [XXX].
The Waymo AV was traveling north on [XXX] and came to a stop in the rightmost of two dedicated left turn lanes as the traffic signal changed to red at the intersection with [XXX]. A van located behind the Waymo AV proceeded in the turn lane without stopping and the front bumper of the van made contact with the rear bumper of the Waymo AV.  A passenger in the Waymo AV reported that their back was hurting but that they were not in need of emergency services.  At the time of the impact, the Waymo AV's Level 4 ADS was engaged in autonomous mode. Both vehicles sustained damage. The passenger in the Waymo AV reported a minor injury. 
Waymo is reporting this crash under Request No. 2 of Standing General Order 2021-01.  Waymo may supplement or correct its reporting with additional information as it may become available.",
30270-9410,1,Waymo LLC,Monthly,11,2024,DEC-2024,SADHW2S16M1, ,N/A,Jaguar,I-Pace, ,2021, ,ad80e645239c6c6,167268, ,None,5th Generation ADS, , ,5th Generation, , ,Version 9, , ,, ,Y,,, ,Y,Yes (specify below),ADOT,Yes,ADS,Waymo LLC, , ,Y, , , , , ,,NOV-2024, ,NOV-2024,04:25, ,f7a0ddbfdeb6188,[MAY CONTAIN PERSONALLY IDENTIFIABLE INFORMATION], ,[MAY CONTAIN PERSONALLY IDENTIFIABLE INFORMATION], ,[MAY CONTAIN PERSONALLY IDENTIFIABLE INFORMATION], ,Chandler, ,AZ ,[MAY CONTAIN PERSONALLY IDENTIFIABLE INFORMATION], ,Street,Dry,No Unusual Conditions,45, ,Dark - Lighted, , ,Y, , , , , ,,"Other, see Narrative",No Injuries Reported,Yes,"Other, see Narrative",Not Applicable,Not Applicable, , , , , , , , , , ,Y,Proceeding Straight,No,No,No Passengers in Vehicle,43, , , , , , , , , , ,Y, , , ,Y, ,Y,Y, , ,No,, ,Yes,, ,, ,, ,Yes, ,"On November [XXX], 2024 at 4:25 AM MT a Waymo Autonomous Vehicle (""Waymo AV"") operating in Chandler, Arizona was in a collision involving a street sign on [XXX] at [XXX].
The Waymo AV was traveling northbound on [XXX] and approached a broken street sign that was laying stationary across the Waymo AV's lane of travel. The Waymo AV continued forward and the front bumper made contact with the street sign. At the time of the impact, the Waymo AV's Level 4 ADS was engaged in autonomous mode. The Waymo AV sustained damage.
Waymo is reporting this crash under Request No. 2 of Standing General Order 2021-01. Waymo may supplement or correct its reporting with additional information as it may become available.",
30270-9409,1,Waymo LLC,Monthly,11,2024,DEC-2024,SADHW2S15M1, ,N/A,Jaguar,I-Pace, ,2021, ,18759114accd4fb,115716, ,None,5th Generation ADS, , ,5th Generation, , ,Version 9, , ,, ,Y,,, ,Y,Yes (specify below),ADOT,Yes,ADS,Waymo LLC, , ,Y, , , , , ,,NOV-2024, ,NOV-2024,01:27, ,5f48e9152ed0078,[MAY CONTAIN PERSONALLY IDENTIFIABLE INFORMATION], ,[MAY CONTAIN PERSONALLY IDENTIFIABLE INFORMATION], ,[MAY CONTAIN PERSONALLY IDENTIFIABLE INFORMATION], ,Scottsdale, ,AZ ,[MAY CONTAIN PERSONALLY IDENTIFIABLE INFORMATION], ,Street,Dry,No Unusual Conditions,25, ,Dark - Lighted,Y, , , , , , , ,,Passenger Car,No Injuries Reported,Yes,Traveling Wrong Way,No,No, , , , , , , ,Y, , , ,Stopped,No,No,"No, see Narrative",0, , , , , , , ,Y, , , , , , ,Y, ,Y,Y, , ,No,, ,Yes,, ,, ,, ,Yes, ,"On Saturday, November [XXX], 2024 at 1:27 AM MST, a Waymo Autonomous Vehicle (""Waymo AV"") operating in Scottsdale, Arizona was in a collision involving a passenger car on [XXX] at [XXX].
The Waymo AV was traveling north on [XXX] when it encountered a queue of double-parked vehicles in the northbound lane. The Waymo AV began passing the double-parked vehicles on the left, but as it did so the queue of double-parked vehicles began to proceed. The Waymo AV began to merge back into the northbound lane, but a vehicle in the queue then double-parked again before the Waymo AV could fully merge back into the northbound lane. The Waymo AV then began reversing to make space for southbound traffic but came to a stop before completing its reversing maneuver to yield to traffic approaching the Waymo AV from the rear.  A passenger car traveling south on [XXX] then crossed the double yellow line to pass the Waymo AV in the northbound lane. As it did so, the rear passenger side of the passenger car made contact with the rear driver side of the Waymo AV. The passenger was not belted at the time, likely because the AV had just departed its pickup location. At the time of the impact, the Waymo AV's Level 4 ADS was engaged in autonomous mode. The passenger car sustained damage.
Waymo is reporting this crash under Request No. 2 of Standing General Order 2021-01. Waymo may supplement or correct its reporting with additional information as it may become available.",
30270-9286,2,Waymo LLC,10-Day Update,,,DEC-2024,SADHW2S15M1, ,N/A,Jaguar,I-Pace, ,2021, ,85a9f39d9ae609d,133955, ,None,5th Generation ADS, , ,5th Generation, , ,Version 9, , ,, ,Y,,, ,Y,Yes (specify below),ADOT,Yes,ADS,Waymo LLC, , ,Y, , , , , ,,DEC-2024, ,DEC-2024,17:00, ,c48c470762385d9,[MAY CONTAIN PERSONALLY IDENTIFIABLE INFORMATION], ,[MAY CONTAIN PERSONALLY IDENTIFIABLE INFORMATION], ,[MAY CONTAIN PERSONALLY IDENTIFIABLE INFORMATION], ,Chandler, ,AZ ,[MAY CONTAIN PERSONALLY IDENTIFIABLE INFORMATION], ,Street,Dry,No Unusual Conditions,25, ,Daylight,Y, , , , , , , ,,"Other, see Narrative",No Injuries Reported,Yes,Proceeding Straight,No,No, , , , , ,Y, , , , , ,Proceeding Straight,No,No,No Passengers in Vehicle,1, , , , ,Y, , , , , , , , , ,Y, ,Y,Y, , ,No,, ,Yes,, ,, ,, ,Yes, ,"The content of this report is unchanged from the initial report submitted on December 6, 2024 [REDACTED, MAY CONTAIN CONFIDENTIAL BUSINESS INFORMATION]. 
On December [XXX], 2024 at 5:00 PM MT a Waymo Autonomous Vehicle (""Waymo AV"") operating in Chandler, Arizona was in a collision involving an ATV on [XXX] at [XXX].
The Waymo AV was traveling north west on [XXX] with an ATV following behind. While the Waymo AV slowed as it approached a stop sign at the intersection with [XXX], the front of the trailing ATV made contact with the rear of the Waymo AV. At the time of the impact, the Waymo AV's Level 4 ADS was engaged in autonomous mode. The Waymo AV sustained damage. 
Waymo is reporting this crash under Request No. 1 of Standing General Order 2021-01 because a vulnerable road user was involved. Waymo may supplement or correct its reporting with additional information as it may become available.",
30270-9417,1,Waymo LLC,Monthly,11,2024,DEC-2024,SADHW2S15M1, ,N/A,Jaguar,I-Pace, ,2021, ,da56693df88b7ca,121374, ,None,5th Generation ADS, , ,5th Generation, , ,Version 9, , ,, ,Y,,, ,Y,Yes (specify below),ADOT                                                                                                                ,Yes,ADS,Waymo LLC, , ,Y, , , , , ,,NOV-2024, ,NOV-2024,00:03, ,0785e3e49e6df60,[MAY CONTAIN PERSONALLY IDENTIFIABLE INFORMATION], ,[MAY CONTAIN PERSONALLY IDENTIFIABLE INFORMATION], ,[MAY CONTAIN PERSONALLY IDENTIFIABLE INFORMATION], ,Scottsdale, ,AZ ,[MAY CONTAIN PERSONALLY IDENTIFIABLE INFORMATION], ,Street,Dry,No Unusual Conditions,25, ,Dark - Lighted,Y, , , , , , , ,,Van,No Injuries Reported,Yes,Proceeding Straight,No,No,Y, , , , , , , , , , ,Stopped,No,No,"No, see Narrative",0, ,Y, , , , , , , , , , , , ,Y, ,Y,Y, , ,No,, ,Yes,, ,, ,, ,Yes, ,"On November [XXX], 2024 at 12:03 AM MT a Waymo Autonomous Vehicle (Waymo AV) operating in Scottsdale, Arizona was in a collision involving a van on [XXX] near [XXX].
The Waymo AV was stopped facing west on [XXX]  for a passenger pick-up. The Waymo AV remained stopped as an oncoming van in the narrow roadway with parked vehicles on both sides of the street approached it. As the oncoming van passed the stopped Waymo AV, the drivers side rear of the van made contact with the drivers side rear of the Waymo AV. At the time of the impact, the Waymo AVs Level 4 ADS was engaged in autonomous mode, and the passenger in the Waymo AV was in the process of putting on their seatbelt after boarding the Waymo AV. The Waymo AV sustained damage. 
Waymo is reporting this crash under Request No. 2 of Standing General Order 2021-01. Waymo may supplement or correct its reporting with additional information as it may become available.",
30270-9400,1,Waymo LLC,Monthly,11,2024,DEC-2024,SADHW2S15M1, ,N/A,Jaguar,I-Pace, ,2021, ,a4da19aa3243c05,139661, ,None,5th Generation ADS, , ,5th Generation, , ,Version 9, , ,, ,Y,,, ,Y,Yes (specify below),ADOT,Yes,ADS,Waymo LLC, , ,Y, , , , , ,,NOV-2024, ,NOV-2024,16:45, ,c131c5804d2499c,[MAY CONTAIN PERSONALLY IDENTIFIABLE INFORMATION], ,[MAY CONTAIN PERSONALLY IDENTIFIABLE INFORMATION], ,[MAY CONTAIN PERSONALLY IDENTIFIABLE INFORMATION], ,Phoenix, ,AZ ,[MAY CONTAIN PERSONALLY IDENTIFIABLE INFORMATION], ,Street,Dry,No Unusual Conditions,35, ,Daylight, , ,Y, , , , , ,,Pickup Truck,No Injuries Reported,Yes,Changing Lanes,No,No, , , , , , , , ,Y, , ,Stopped,No,No,Yes,0, ,Y, , , , , , , , , , , , ,Y, ,Y,Y, , ,Yes,Phoenix Police Department, ,Yes,[MAY CONTAIN PERSONALLY IDENTIFIABLE INFORMATION], ,,Y,,Y,Yes, ,"On November [XXX], 2024 at 4:45 PM MT a Waymo Autonomous Vehicle (""Waymo AV"") operating in Phoenix, Arizona was in a collision involving a pickup truck on [XXX] at [XXX].
The Waymo AV was stopped in the leftmost lane facing east on [XXX] in a queue of traffic for a red traffic signal at the intersection with [XXX]. As the queue of traffic began to proceed forward for a green traffic signal, a pickup truck directly behind the Waymo AV proceeded to pass the Waymo AV on the left to enter the beginning of the dedicated left turn lanes.  While the Waymo AV remained stationary in the queue of traffic, the right side of the pickup truck made contact with the rear of the Waymo AV.   At the time of the impact, the Waymo AV's Level 4 ADS was engaged in autonomous mode. Both vehicles sustained damage.
Waymo is reporting this crash under Request No. 2 of Standing General Order 2021-01. Waymo may supplement or correct its reporting with additional information as it may become available.",
33175-9303,1,Mobileye Vision Technologies,Monthly,11,2024,DEC-2024,,Y,,Volkswagen,ID.Buzz, ,2023, , ,,Y,In-Vehicle (Commercial / Test),,Y, ,,Y, ,,Y, ,"Volkswagen Group of America, Inc.", , ,,,Y, ,Unknown,,Yes,ADS,VWGoA- ADMT, , , , , , , ,Y,Volkswagen,JUN-2024, ,NOV-2024,12:54, , ,,Y,,Y,[MAY CONTAIN PERSONALLY IDENTIFIABLE INFORMATION], ,Austin, ,TX ,,Y,Street,Dry,No Unusual Conditions,35, ,Daylight, , , , , , ,Y, ,,SUV,No Injuries Reported,Yes,Proceeding Straight,No,No, , ,Y, , ,Y, , ,Y, , ,Proceeding Straight,No,No,Yes,,Y,Y, , ,Y, , ,Y, , , , , , , , , , , ,Y,Unknown,,Y,Unknown,,Y,,Y,,Y,"Unknown, see Narrative", ,"On JUL-2024, Volkswagen Group of America, Inc. (""VW"") filed an Incident Report (NHTSA-provided Report ID-1420-7995 - the ""Report"") under the Second Amended Standing General Order 2021-01, dated April 5, 2023 (the ""SGO""). The subject vehicle referred to in the Report contains the Reporter's  software and hardware. Since the Reporter is also a Reporting Entity under the SGO, the Reporter hereby submits this report. In order to avoid duplications and additional CBI requests, this submission includes the publicly available information of the Report and incorporates the Report by reference. This submission is based on the information provided to the Reporter by VW. The Reporter currently believes that it has no independent knowledge of the information in this report.
From Volkswagen:
The subject vehicle (autonomous vehicle - AV) was stopped at a red traffic light, in a queue of vehicles, heading west on [REDACTED, MAY CONTAIN CONFIDENTIAL BUSINESS INFORMATION], with autonomous driving (AD) mode engaged. Once the light turned green, the queue of vehicles started to move forward, the AV started to move forward with the queue, and prior to crossing the intersection, the AV was struck from behind by an SUV. After impact the safety driver of the AV applied the brakes to disengage AD mode and then proceeded to find a safe spot to assess the incident by turning right onto [REDACTED, MAY CONTAIN CONFIDENTIAL BUSINESS INFORMATION]. The driver of the SUV followed the AV to a safe location to assess the incident and exchange contact information. There were no reported injuries, airbag deployments, or tow-aways between either party involved.  The AV sustained minor damage to the rear of the vehicle including the rear bumper cover, rear bumper carrier, and a rear facing camera. The SUV damage was reported as scratches and dents to the front bumper cover. Both vehicles were able to safely drive away from the scene. VWGoA does not plan to investigate the incident any further as the facts and circumstances do not indicate any issue with the vehicle's performance.",
33175-9304,1,Mobileye Vision Technologies,Monthly,11,2024,DEC-2024,,Y,,Volkswagen,ID.Buzz, ,2023, , ,,Y,In-Vehicle (Commercial / Test),,Y, ,,Y, ,,Y, ,"Volkswagen Group of America, Inc.", , ,,,Y, ,Unknown,,Yes,ADS,ADMT - VWGoA, , , , , , , ,Y,Volkswagen,MAY-2024, ,NOV-2024,14:23, , ,,Y,,Y,[MAY CONTAIN PERSONALLY IDENTIFIABLE INFORMATION], ,Austin, ,TX ,,Y,Parking Lot,Dry,No Unusual Conditions,,Y,Daylight, , , , , , ,Y, ,,Passenger Car,No Injuries Reported,Yes,Passing,No,No, , , , , , , , , , ,Y,Stopped,No,No,Yes,0, ,Y, , , , , , , , , , , , , , , , , ,Y,Unknown,,Y,Unknown,,Y,,Y,,Y,"Unknown, see Narrative", ,"On JUN-2024, Volkswagen Group of America, Inc. (""VW"") filed an Incident Report (NHTSA-provided Report ID-1420-7914- the ""Report"") under the Second Amended Standing General Order 2021-01, dated April 5, 2023 (the ""SGO""). The subject vehicle referred to in the Report contains the Reporter's  software and hardware. Since the Reporter is also a Reporting Entity under the SGO, the Reporter hereby submits this report. In order to avoid duplications and additional CBI requests, this submission includes the publicly available information of the Report and incorporates the Report by reference. This submission is based on the information provided to the Reporter by VW. The Reporter currently believes that it has no independent knowledge of the information in this report.
From Volkswagen:
The subject vehicle (autonomous vehicle - AV) was proceeding through a parking garage while engaged in autonomous driving (AD) mode.  The AV detected an oncoming passenger vehicle (PV), made adjustments to its route by moving to the right, and slowed to a stop to provide additional space for the PV.  As the PV passed, it attempted to make a left-hand turn behind the AV, but the PV's driver side mirror scraped the rear driver's side LiDAR housing of the AV.  The passenger vehicle continued driving without stopping. After noticing the contact, the safety driver of the subject vehicle manually disengaged AD mode to assess the incident.  There were no reported injuries, airbag deployments, or tow-aways.  The damage to the subject vehicle was a scuff to the driver's side Short Range LiDAR trim cover.  VWGoA does not plan to investigate the incident any further as the facts and circumstances do not indicate any issue with the vehicle's performance.",
33175-9305,1,Mobileye Vision Technologies,Monthly,11,2024,DEC-2024,,Y,,Volkswagen,ID.Buzz, ,2023, , ,,Y,In-Vehicle (Commercial / Test),,Y, ,,Y, ,,Y, ,"Volkswagen Group of America, Inc.", , ,,,Y, ,Unknown,,Yes,ADS,ADMT- VWGoA, , , , , , , ,Y,Volkswagen,APR-2024, ,NOV-2024,10:20, , ,,Y,,Y,[MAY CONTAIN PERSONALLY IDENTIFIABLE INFORMATION], ,Austin, ,TX ,,Y,Street,Wet,No Unusual Conditions,35, ,Daylight, , , , , , ,Y, ,,Passenger Car,No Injuries Reported,Yes,Stopped,No,No, , , , , ,Y, , , , , ,Stopped,No,No,Yes,0, , , , ,Y, , , , , , , , , , , , , , ,Y,Unknown,,Y,Unknown,,Y,,Y,,Y,"Unknown, see Narrative", ,"On MAY-2024, Volkswagen Group of America, Inc. (""VW"") filed an Incident Report (NHTSA-provided Report ID-1420-7671 - the ""Report"") under the Second Amended Standing General Order 2021-01, dated April 5, 2023 (the ""SGO""). The subject vehicle referred to in the Report contains the Reporter's  software and hardware. Since the Reporter is also a Reporting Entity under the SGO, the Reporter hereby submits this report. In order to avoid duplications and additional CBI requests, this submission includes the publicly available information of the Report and incorporates the Report by reference. This submission is based on the information provided to the Reporter by VW. The Reporter currently believes that it has no independent knowledge of the information in this report.
From Volkswagen:
The subject vehicle (autonomous vehicle- AV) was stopped, in the far right turn lane on westbound [REDACTED, MAY CONTAIN CONFIDENTIAL BUSINESS INFORMATION], waiting to turn right onto northbound [REDACTED, MAY CONTAIN CONFIDENTIAL BUSINESS INFORMATION]. The other vehicle was a 2021 Mercedes Benz GLE (MB) that was noted as being stopped prior to making contact with the rear right bumper of the subject vehicle.  The AV, while remaining stationary, was struck from the rear by the MB. The driver of the AV signaled to the other vehicle to pull over safely in the adjacent parking lot. The driver's of both vehicles exchanged information and assessed the damage. Both vehicles had one occupant and there were no reported injuries, airbag deployments, or tow-aways. The damage to the subject vehicle is stated as scratches/markings of the right rear bumper, and the damage to the other vehicle is a bent frontal license plate. Both vehicles were able to safely leave the scene.  VWGoA does not plan to investigate the incident any further as the AV was within its ODD at the time of the incident and was struck from behind while waiting for traffic to clear to safely complete a turn.",
33175-9306,1,Mobileye Vision Technologies,Monthly,11,2024,DEC-2024,,Y,,Volkswagen,ID.Buzz, ,2023, , ,,Y,In-Vehicle (Commercial / Test),,Y, ,,Y, ,,Y, ,"Volkswagen Group of America, Inc.", , ,,,Y, ,Unknown,,Yes,ADS,ADMT- VWGoA, , , , , , , ,Y,Volkswagen,FEB-2024, ,NOV-2024,11:20, , ,,Y,,Y,[MAY CONTAIN PERSONALLY IDENTIFIABLE INFORMATION], ,Austin, ,TX ,,Y,Intersection,Dry,No Unusual Conditions,40, ,Daylight, , , , , , ,Y, ,,Passenger Car,No Injuries Reported,Unknown,Proceeding Straight,Unknown,Unknown, , , , , ,Y, , , , , ,Stopped,No,No,Yes,0, , , , , , , ,Y, , , , , , , , , , , ,Y,Unknown,,Y,Unknown,,Y,,Y,,Y,"Unknown, see Narrative", ,"On MAR-2024, Volkswagen Group of America, Inc. (""VW"") filed an Incident Report (NHTSA-provided Report ID-1420-7244 - the ""Report"") under the Second Amended Standing General Order 2021-01, dated April 5, 2023 (the ""SGO""). The subject vehicle referred to in the Report contains the Reporter's  software and hardware. Since the Reporter is also a Reporting Entity under the SGO, the Reporter hereby submits this report. In order to avoid duplications and additional CBI requests, this submission includes the publicly available information of the Report and incorporates the Report by reference. This submission is based on the information provided to the Reporter by VW. The Reporter currently believes that it has no independent knowledge of the information in this report.
From Volkswagen:
The subject vehicle was stopped at the intersection of [REDACTED, MAY CONTAIN CONFIDENTIAL BUSINESS INFORMATION] and [REDACTED, MAY CONTAIN CONFIDENTIAL BUSINESS INFORMATION] with the ADS system engaged, waiting for the traffic light to turn green. The passenger car (Toyota Tacoma, equipped with front grille/brush guard) approached from behind, honked the horn, and struck the stationary subject vehicle. The driver of the subject vehicle proceed through the intersection and pulled over into an empty parking lot to safely assess the incident. The passenger car is noted as remaining at the light for an additional cycle of the traffic light before driving off and not pulling over with the vehicle it just struck. The subject vehicle's 3 occupants reported feeling the impact but report no injuries, airbag deployments, or tow-aways. The subject vehicle's damage was to the right rear bumper, including the right rear sensor and mounting bracket.",
33175-9307,1,Mobileye Vision Technologies,Monthly,11,2024,DEC-2024,,Y,,Volkswagen,ID.Buzz, ,2023, , ,,Y,In-Vehicle (Commercial / Test),,Y, ,,Y, ,,Y, ,"Volkswagen Group of America, Inc.", , ,,,Y, ,Unknown,,Yes,ADS,ADMT- VWGoA, , , , , , , ,Y,Volkswagen,JAN-2024, ,NOV-2024,09:00, , ,,Y,,Y,[MAY CONTAIN PERSONALLY IDENTIFIABLE INFORMATION], ,Austin, ,TX ,,Y,Intersection,Dry,No Unusual Conditions,35, ,Daylight, , , , , , ,Y, ,,Passenger Car,No Injuries Reported,Unknown,Proceeding Straight,Unknown,Unknown, , , , , ,Y, , , , , ,Stopped,No,No,Yes,0, , , , ,Y, , ,Y, , , , , , , , , , , ,Y,Unknown,,Y,Unknown,,Y,,Y,,Y,"Unknown, see Narrative", ,"On FEB-2024, Volkswagen Group of America, Inc. (""VW"") filed an Incident Report (NHTSA-provided Report ID-1420-7081- the ""Report"") under the Second Amended Standing General Order 2021-01, dated April 5, 2023 (the ""SGO""). The subject vehicle referred to in the Report contains the Reporter's  software and hardware. Since the Reporter is also a Reporting Entity under the SGO, the Reporter hereby submits this report. In order to avoid duplications and additional CBI requests, this submission includes the publicly available information of the Report and incorporates the Report by reference. This submission is based on the information provided to the Reporter by VW. The Reporter currently believes that it has no independent knowledge of the information in this report.
From Volkswagen:
The subject vehicle was stopped at a traffic light at the corner of [REDACTED, MAY CONTAIN CONFIDENTIAL BUSINESS INFORMATION] and [REDACTED, MAY CONTAIN CONFIDENTIAL BUSINESS INFORMATION] (Austin,TX) while traveling westbound on [REDACTED, MAY CONTAIN CONFIDENTIAL BUSINESS INFORMATION]  While ADS was engaged, the subject vehicle was stationary, the passenger car behind the subject vehicle proceeded forward from a stationary position and bumped into the rear bumper of the subject vehicle.  The passenger vehicle reversed away from the subject vehicle. The operator of the subject vehicle then turned on the hazard lights, proceeded through the intersection once the light changed to green and turned right onto [REDACTED, MAY CONTAIN CONFIDENTIAL BUSINESS INFORMATION] in order to check for a safe spot to park.  The passenger vehicle, after reversing away from the subject vehicle, did not follow the subject vehicle and instead proceeded to turn right onto [REDACTED, MAY CONTAIN CONFIDENTIAL BUSINESS INFORMATION]. Once the operator pulled over they then followed protocol to call in the incident, took photos to document, and waited for manager and service to arrive at the scene to verify the damage. There were no known injuries, airbag deployments, or tow-away of anyone involved.  There was no significant damage to the subject vehicle and it was driven back to the depot to debrief and provide information to incident response team on the incident.",