Report ID,Report Version,Reporting Entity,Report Type,Report Month,Report Year,Report Submission Date,VIN,VIN - Unknown,Serial Number,Make,Model,Model - Unknown,Model Year,Model Year - Unknown,Same Vehicle ID,Mileage,Mileage - Unknown,Driver / Operator Type,ADAS/ADS System Version,ADAS/ADS System Version - Unk,ADAS/ADS System Version CBI,ADAS/ADS Hardware Version,ADAS/ADS Hardware Version - Unk,ADAS/ADS Hardware Version CBI,ADAS/ADS Software Version,ADAS/ADS Software Version - Unk,ADAS/ADS Software Version CBI,Other Reporting Entities?,Other Reporting Entities? - Unk,Other Reporting Entities? - NA,Federal Regulatory Exemption?,Other Federal Reg. Exemption,Federal Reg. Exemption - Unk,Federal Reg. Exemption - No,State or Local Permit?,State or Local Permit,ADS Equipped?,Automation System Engaged?,Operating Entity,Operating Entity - Unknown,Source - Complaint/Claim,Source - Telematics,Source - Law Enforcement,Source - Field Report,Source - Testing,Source - Media,Source - Other,Source - Other Text,Incident Date,Incident Date - Unknown,Notice Received Date,Incident Time (24:00),Incident Time - Unknown,Same Incident ID,Latitude,Latitude - Unknown,Longitude,Longitude - Unknown,Address,Address - Unknown,City,City - Unknown,State,Zip Code,Zip Code - Unknown,Roadway Type,Roadway Surface,Roadway Description,Posted Speed Limit (MPH),Posted Speed Limit - Unknown,Lighting,Weather - Clear,Weather - Snow,Weather - Cloudy,Weather - Fog/Smoke,Weather - Rain,Weather - Severe Wind,Weather - Unknown,Weather - Other,Weather - Other Text,Crash With,Highest Injury Severity Alleged,Property Damage?,CP Pre-Crash Movement,CP Any Air Bags Deployed?,CP Was Vehicle Towed?,CP Contact Area - Rear Left,CP Contact Area - Left,CP Contact Area - Front Left,CP Contact Area - Rear,CP Contact Area - Top,CP Contact Area - Front,CP Contact Area - Rear Right,CP Contact Area - Right,CP Contact Area - Front Right,CP Contact Area - Bottom,CP Contact Area - Unknown,SV Pre-Crash Movement,SV Any Air Bags Deployed?,SV Was Vehicle Towed?,SV Were All Passengers Belted?,SV Precrash Speed (MPH),SV Pre-crash Speed - Unknown,SV Contact Area - Rear Left,SV Contact Area - Left,SV Contact Area - Front Left,SV Contact Area - Rear,SV Contact Area - Top,SV Contact Area - Front,SV Contact Area - Rear Right,SV Contact Area - Right,SV Contact Area - Front Right,SV Contact Area - Bottom,SV Contact Area - Unknown,Data Availability - EDR,Data Availability - Police Rpt,Data Availability - Telematics,Data Availability - Complaints,Data Availability - Video,Data Availability - Other,Data Availability - No Data,Data Availability - Unknown,Law Enforcement Investigating?,Investigating Agency,Investigating Agency - Unknown,Rep Ent Or Mfr Investigating?,Investigating Officer Name,Inv. Officer Name - Unknown,Investigating Officer Phone,Inv. Officer Phone - Unknown,Investigating Officer Email,Inv. Officer Email - Unknown,Within ODD?,Within ODD? - CBI,Narrative,Narrative - CBI?
30391-8984,1,Kodiak Robotics,Monthly,10,2024,NOV-2024,1XKYD49X1PJ, ,N/A,Kenworth,T680, ,2022, ,de1d6e7b03175e6,122330, ,In-Vehicle (Commercial / Test),"[REDACTED, MAY CONTAIN CONFIDENTIAL BUSINESS INFORMATION]", ,Y,"[REDACTED, MAY CONTAIN CONFIDENTIAL BUSINESS INFORMATION]", ,Y,"[REDACTED, MAY CONTAIN CONFIDENTIAL BUSINESS INFORMATION]", ,Y,PACCAR Incorporated, , ,,, ,Y,No,,Yes,ADS,"Kodiak Robotics, Inc.", , , , , ,Y, , ,,OCT-2024, ,OCT-2024,12:38, ,8563d4571c2a4f2,[MAY CONTAIN PERSONALLY IDENTIFIABLE INFORMATION], ,[MAY CONTAIN PERSONALLY IDENTIFIABLE INFORMATION], ,[MAY CONTAIN PERSONALLY IDENTIFIABLE INFORMATION], ,Gainesville, ,TX ,[MAY CONTAIN PERSONALLY IDENTIFIABLE INFORMATION], ,Highway / Freeway,Dry,Work Zone,65, ,Daylight,Y, , , , , , , ,,Other Fixed Object,No Injuries Reported,Yes,,,, , , , , , , , , , , ,Proceeding Straight,No,No,Yes,52, , , , , , , ,Y, , , , , , ,Y, ,Y, , , ,No,, ,No,, ,, ,, ,Yes, ,"On October [XXX] at 12:38 PM CT, a tractor-trailer encroached into the lane of a Kodiak Driver-equipped autonomous truck traveling southbound through a work zone on [XXX] in Gainesville, Texas. The Kodiak Safety Driver disengaged the system at the time of the encroachment, and proceeded to move to the far right of the lane to avoid the encroaching vehicle. While moving over to the right to make room for the encroaching vehicle, the right rear tires of the Kodiak trucks trailer made contact with a concrete construction barrier. This minor crash occurred approximately 5 seconds after the Kodiak Safety Driver disengaged the self-driving system.
No material property damage occurred, just surface abrasion to the tires. There were no injuries reported, and no vehicles were towed from the scene.",
30270-8941,1,Waymo LLC,5-Day,,,OCT-2024,SADHW2S15R1, ,N/A,Jaguar,I-Pace, ,2024, ,6a246dfae8a60c0,10330, ,None,5th Generation ADS, , ,5th Generation, , ,Version 9, , ,, ,Y,,, ,Y,Yes (specify below),ADOT,Yes,ADS,Waymo LLC, , ,Y, , , , , ,,OCT-2024, ,OCT-2024,19:43, ,03b95c1cf4c1985,[MAY CONTAIN PERSONALLY IDENTIFIABLE INFORMATION], ,[MAY CONTAIN PERSONALLY IDENTIFIABLE INFORMATION], ,[MAY CONTAIN PERSONALLY IDENTIFIABLE INFORMATION], ,Scottsdale, ,AZ ,[MAY CONTAIN PERSONALLY IDENTIFIABLE INFORMATION], ,Street,Dry,No Unusual Conditions,45, ,Dark - Lighted,Y, , , , , , , ,,Passenger Car,No Injuries Reported,Yes,Proceeding Straight,No,No, , , , , ,Y, , ,Y, , ,Stopped,No,Yes,No Passengers in Vehicle,0, ,Y, , ,Y, , , , , , , , , ,Y, ,Y,Y, , ,No,, ,Yes,, ,, ,, ,Yes, ,"On October [XXX], 2024 at 7:43 PM MT a Waymo Autonomous Vehicle (Waymo AV) operating in Scottsdale, Arizona was in a collision involving a passenger car on [XXX] near [XXX].  
The Waymo AV was stopped in traffic on [XXX] near the intersection with [XXX] when a passenger car approached the Waymo AV from behind. The front of the passenger car made contact with the rear of the Waymo AV. At the time of the impact, the Waymo AVs Level 4 ADS was engaged in autonomous mode. Both vehicles sustained damage.
Waymo is reporting this crash under Request No. 1 of Standing General Order 2021-01 because a vehicle involved was towed away. Waymo may supplement or correct its reporting with additional information as it may become available.",
30270-8929,1,Waymo LLC,5-Day,,,OCT-2024,SADHW2S11M1, ,N/A,Jaguar,I-Pace, ,2021, ,3945f0146606314,103652, ,None,5th Generation ADS, , ,5th Generation, , ,Version 9, , ,, ,Y,,, ,Y,Yes (specify below),ADOT               ,Yes,ADS,Waymo LLC, , ,Y, , , , , ,,OCT-2024, ,OCT-2024,09:59, ,7360347cc3d1693,[MAY CONTAIN PERSONALLY IDENTIFIABLE INFORMATION], ,[MAY CONTAIN PERSONALLY IDENTIFIABLE INFORMATION], ,[MAY CONTAIN PERSONALLY IDENTIFIABLE INFORMATION], ,Phoenix, ,AZ ,[MAY CONTAIN PERSONALLY IDENTIFIABLE INFORMATION], ,Parking Lot,Dry,No Unusual Conditions,15, ,Daylight,Y, , , , , , , ,,Heavy Truck,No Injuries Reported,Yes,Making Right Turn,No,No, , , , , , , ,Y, , , ,Stopped,No,Yes,No Passengers in Vehicle,0, , ,Y,Y, , ,Y, , , , , , , ,Y, ,Y,Y, , ,Yes,Phoenix Police Department, ,Yes,[MAY CONTAIN PERSONALLY IDENTIFIABLE INFORMATION], ,,Y,,Y,Yes, ,"On October [XXX], 2024 at 9:59 AM MT a Waymo Autonomous Vehicle (Waymo AV) operating in Phoenix, Arizona was in a collision involving a heavy truck near [XXX]. 
The Waymo AV was traveling through an industrial parking lot towards the exit driveway in preparation for making a right turn onto [XXX] when it came to a stop to the right of a stopped heavy truck. As the Waymo AV remained stopped, the heavy truck began to make a right turn onto [XXX] and the passenger side of the heavy truck made contact with the driver side of the Waymo AV. At the time of the impact, the Waymo AVs Level 4 ADS was engaged in autonomous mode. The Waymo AV sustained damage.
Waymo is reporting this crash under Request No. 1 of Standing General Order 2021-01 because a vehicle involved was towed away. Waymo may supplement or correct its reporting with additional information as it may become available.",
30270-8919,1,Waymo LLC,5-Day,,,OCT-2024,SADHW2S19M1, ,N/A,Jaguar,I-Pace, ,2021, ,82ca7b5717c14e4,174479, ,None,5th Generation ADS, , ,5th Generation, , ,Version 9, , ,, ,Y,,, ,Y,Yes (specify below),ADOT,Yes,ADS,Waymo LLC, , ,Y, , , , , ,,OCT-2024, ,OCT-2024,16:49, ,ecc8371e01450b8,[MAY CONTAIN PERSONALLY IDENTIFIABLE INFORMATION], ,[MAY CONTAIN PERSONALLY IDENTIFIABLE INFORMATION], ,[MAY CONTAIN PERSONALLY IDENTIFIABLE INFORMATION], ,Phoenix, ,AZ ,[MAY CONTAIN PERSONALLY IDENTIFIABLE INFORMATION], ,Intersection,Dry,No Unusual Conditions,25, ,Daylight,Y, , , , , , , ,,Pickup Truck,No Injuries Reported,Yes,Lane / Road Departure,No,No, , ,Y, , ,Y, , , , , ,Making Right Turn,No,Yes,Yes,6, ,Y,Y, , , , , , , , , , , ,Y, ,Y,Y, , ,No,, ,Yes,, ,, ,, ,Yes, ,"On October [XXX], 2024 at 4:49 PM MT a Waymo Autonomous Vehicle (Waymo AV) operating in Phoenix, Arizona was in a collision involving a pickup truck on [XXX] at [XXX].
The Waymo AV was traveling north on [XXX] when it slowed to a stop at a stop sign at the intersection with [XXX]. As the Waymo AV prepared to make a right turn onto [XXX], a pickup truck traveling east on [XXX] veered to its right as it reached the intersection with [XXX] and made contact with the driver side of the Waymo AV. At the time of the impact, the Waymo AVs Level 4 ADS was engaged in autonomous mode. Both vehicles sustained damage and the pickup truck left the scene.
Waymo is reporting this crash under Request No. 1 of Standing General Order 2021-01 because a vehicle involved was towed away. Waymo may supplement or correct its reporting with additional information as it may become available.",
30270-8915,1,Waymo LLC,5-Day,,,OCT-2024,SADHW2S1XM1, ,N/A,Jaguar,I-Pace, ,2021, ,0126c8d65d54d9f,106289, ,None,5th Generation ADS, , ,5th Generation, , ,Version 9, , ,, ,Y,,, ,Y,Yes (specify below),ADOT,Yes,ADS,Waymo LLC, , ,Y, , , , , ,,OCT-2024, ,OCT-2024,09:21, ,7759f3dd1772fd8,[MAY CONTAIN PERSONALLY IDENTIFIABLE INFORMATION], ,[MAY CONTAIN PERSONALLY IDENTIFIABLE INFORMATION], ,[MAY CONTAIN PERSONALLY IDENTIFIABLE INFORMATION], ,Phoenix, ,AZ ,[MAY CONTAIN PERSONALLY IDENTIFIABLE INFORMATION], ,Street,Dry,No Unusual Conditions,25, ,Daylight,Y, , , , , , , ,,Van,No Injuries Reported,Yes,Passing,No,Yes, , , , , , , ,Y,Y, , ,Parked,No,Yes,No Passengers in Vehicle,0, ,Y,Y, , , , , , , , , , , ,Y, ,Y,Y, , ,No,, ,Yes,, ,, ,, ,Yes, ,"On October [XXX], 2024 at 9:21 AM MT a Waymo Autonomous Vehicle (Waymo AV) operating in Phoenix, Arizona was in a collision involving a van on [XXX] near [XXX]. 
The Waymo AV was parked at the curb on the right side of [XXX] when a van traveling west on [XXX] approached the Waymo AV and, as the van passed the parked Waymo AV, the van drifted toward the Waymo AV and its front passenger side made contact with the driver side of the Waymo AV.  At the time of the impact, the Waymo AVs Level 4 ADS was engaged in autonomous mode. Both vehicles sustained damage.
Waymo is reporting this crash under Request No. 1 of Standing General Order 2021-01 because a vehicle involved was towed away.  Waymo may supplement or correct its reporting with additional information as it may become available.",
33257-8867,1,"VinFast Auto, LLC",Monthly,10,2024,OCT-2024,RLLV1AFA3PH, ,n/a,Vinfast,VF8, ,2023, ,be604973e95bd27,5963, ,Consumer,,Y, ,,Y, ,,Y, ,"VinFast Auto, LLC", , ,,, ,Y,No,,Yes,ADAS,, ,Y, , , , , , ,,SEP-2024, ,SEP-2024,,Y,a8f47357de2a17a,,Y,,Y,[MAY CONTAIN PERSONALLY IDENTIFIABLE INFORMATION], ,Poulsbo, ,WA ,[MAY CONTAIN PERSONALLY IDENTIFIABLE INFORMATION], ,Rural Road,Dry,Missing / Degraded Markings,35, ,Unknown, , , , , , ,Y, ,,Other Fixed Object,No Injuries Reported,Yes,,,, , , , , , , , , , , ,Crossing into Opposing Lane,No,Yes,Yes,,Y, , , , , , , ,Y, , , , , , ,Y, , , , ,No,, ,No,, ,, ,, ,Yes, ,"The customer was traveling on a two lane, country road, which was missing lane markings on the sides of the road - only the middle line was properly marked. The speed limit on the country road is 35MPH. The customer noticed a pothole on the side of the road, swerved towards the middle of the road to avoid it, but the LKA assist engaged and moved the vehicle back in the lane. By doing so, the vehicle ran over the pothole, with both front and back passenger side tires and damaged both wheel and tires in the process. During our investigation, we determined that in this case the LKA worked as intended. The system is designed to prioritize a solid line, and can't detect a pothole, and since the road is very narrow (our estimate is less than 3m per side) the vehicle unfortunately ran over the pothole. LKA/ELK system limitations throughout the industry are similar: the LKA/ELK systems try to keep vehicle inside the lane, to prevent a vehicle from drifting out, and the system can't predict driver intention, for example: Is the driver crossing solid lane intentionally or by accident, is hard to distinguish. Relevant override conditions in this case are:
- Steering wheel speed  200deg/s
- Steering torque  3.5Nm
In our application, the override force is limited by the EU homologation test and therefore, we feel that the vehicle behaved as expected and should have been over-powered by the driver to avoid the pothole, thus eliminating a costly replacement cost of two wheels and tires.",
30531-8902,1,Transdev Alternative Services,Monthly,9,2024,OCT-2024,SADHW2S13R1, ,N/A,Jaguar,I-Pace, ,2024, ,df813095ba967dd,20216, ,In-Vehicle (Commercial / Test),5th Generation ADS, , ,5th Generation, , ,Version 9, , ,Waymo LLC, , ,,, ,Y,No,,Yes,ADS,Waymo LLC, , ,Y, , , , , ,,SEP-2024, ,SEP-2024,16:26, ,0840f6bd96c46ca,[MAY CONTAIN PERSONALLY IDENTIFIABLE INFORMATION], ,[MAY CONTAIN PERSONALLY IDENTIFIABLE INFORMATION], ,[MAY CONTAIN PERSONALLY IDENTIFIABLE INFORMATION], ,Austin, ,TX ,[MAY CONTAIN PERSONALLY IDENTIFIABLE INFORMATION], ,Street,Dry,No Unusual Conditions,50, ,Daylight, , ,Y, , , , , ,,Passenger Car,Minor,Yes,Changing Lanes,No,No, , , , , , , , ,Y, , ,Proceeding Straight,No,No,Yes,44, , ,Y, , , , , , , , , , , ,Y, ,Y,Y, , ,No,, ,Yes,, ,, ,, ,Yes, ,"On September [XXX], 2024 at 4:26 PM CT a Waymo Autonomous Vehicle (""Waymo AV"") operating in Austin, Texas was in a collision involving a passenger car on [XXX] near [XXX].
The Waymo AV was traveling westbound on [XXX] in the middle lane of a three lane road.   A passenger car in the left most lane merged onto [XXX] and changed lanes into the Waymo AV in the middle lane.  The passenger side and front corner of the passenger car made contact with the driver side of the Waymo AV.  At the time of the impact, the Waymo AV's level 4 ADS was engaged in autonomous mode, and a test driver was present.  Both vehicles sustained damage.
Transdev Alternative Services is reporting this crash under Request No. 2 of Standing General Order 2021-01.  Transdev may supplement or correct its reporting with additional information as it may become available.  This report is a duplicate of NHTSA report ID 30270-8823-1 and 30270-8823-2.",
30270-8832,2,Waymo LLC,Update,,,OCT-2024,SADHW2S13R1, ,N/A,Jaguar,I-Pace, ,2024, ,7f6a9c1a5281ae6,2486, ,None,5th Generation ADS, , ,5th Generation, , ,Version 9, , ,, ,Y,,, ,Y,No,,Yes,ADS,Waymo LLC, , ,Y, , , , , ,,SEP-2024, ,SEP-2024,06:52, ,7b4715420d002e8,[MAY CONTAIN PERSONALLY IDENTIFIABLE INFORMATION], ,[MAY CONTAIN PERSONALLY IDENTIFIABLE INFORMATION], ,[MAY CONTAIN PERSONALLY IDENTIFIABLE INFORMATION], ,Austin, ,TX ,[MAY CONTAIN PERSONALLY IDENTIFIABLE INFORMATION], ,Intersection,Wet,No Unusual Conditions,15, ,Dawn / Dusk, , ,Y, , , , , ,,"Other, see Narrative",No Injuries Reported,Yes,Making Right Turn,Not Applicable,No, , , , , , ,Y,Y, , , ,Stopped,No,No,No Passengers in Vehicle,0, , , ,Y, , , , , , , , , , ,Y, ,Y,Y, , ,No,, ,Yes,, ,, ,, ,Yes, ,"Waymo is submitting this updated report to correct an erroneously reported VIN for the Waymo AV. This updated report is being submitted the same day the original report was submitted, on the monthly reporting due date of October 15, 2024. The remainder of the report and narrative is unchanged.
On September[XXX], 2024 at 6:52 AM CT a Waymo Autonomous Vehicle (Waymo AV) operating in Austin, Texas was in a collision involving a heavy trucks trailer near [XXX] and [XXX].
The Waymo AV was in the driveway of a business park in the inner lane near the curb preparing to turn right onto [XXX] with a heavy truck in the left lane next to the Waymo AV, preparing to also turn right onto [XXX]. The Waymo AV was stationary while yielding to the heavy truck and trailer making a right turn from the outer left lane when the trailers rear passenger side and rear tires made contact with the driver side front of the Waymo AV. At the time of the impact, the Waymo AVs Level 4 ADS was engaged in autonomous mode. Both vehicles sustained damage.
Waymo is reporting this crash under Request No. 2 of Standing General Order 2021-01. Waymo may supplement or correct its reporting with additional information as it may become available.",
30270-8823,2,Waymo LLC,Update,,,OCT-2024,SADHW2S13R1, ,N/A,Jaguar,I-Pace, ,2024, ,df813095ba967dd,20216, ,In-Vehicle (Commercial / Test),5th Generation ADS, , ,5th Generation, , ,Version 9, , ,Transdev Alternative Services, , ,,, ,Y,No,,Yes,ADS,Waymo LLC, , ,Y, , , , , ,,SEP-2024, ,SEP-2024,16:26, ,0840f6bd96c46ca,[MAY CONTAIN PERSONALLY IDENTIFIABLE INFORMATION], ,[MAY CONTAIN PERSONALLY IDENTIFIABLE INFORMATION], ,[MAY CONTAIN PERSONALLY IDENTIFIABLE INFORMATION], ,Austin, ,TX ,[MAY CONTAIN PERSONALLY IDENTIFIABLE INFORMATION], ,Street,Dry,No Unusual Conditions,50, ,Daylight, , ,Y, , , , , ,,Passenger Car,Minor,Yes,Changing Lanes,No,No, , , , , , , , ,Y, , ,Proceeding Straight,No,No,Yes,44, , ,Y, , , , , , , , , , , ,Y, ,Y,Y, , ,No,, ,Yes,, ,, ,, ,Yes, ,"Waymo is submitting this updated report to correct an erroneously reported VIN for the Waymo AV. This updated report is being submitted the same day the original report was submitted, on the monthly reporting due date of October 15, 2024. The remainder of the report and narrative is unchanged.
On September [XXX], 2024 at 4:26 PM CT a Waymo Autonomous Vehicle (Waymo AV) operating in Austin, Texas was in a collision involving a passenger car on [XXX] near [XXX]. 
The Waymo AV was traveling westbound on [XXX] in the middle lane of a three lane road. A passenger car in the left most lane merged onto [XXX] and changed lanes into the Waymo AV in the middle lane. The passenger side and front corner of the passenger car made contact with the driver side of the Waymo AV. At the time of the impact, the Waymo AVs Level 4 ADS was engaged in autonomous mode, and a test driver was present. Both vehicles sustained damage.
Waymo is reporting this crash under Request No. 2 of Standing General Order 2021-01. Waymo may supplement or correct its reporting with additional information as it may become available.",
30270-8890,1,Waymo LLC,Monthly,9,2024,OCT-2024,SADHW2S10R1, ,N/A,Jaguar,I-Pace, ,2024, ,0b22b7fd6cdc053,12419, ,None,5th Generation ADS, , ,5th Generation, , ,Version 9, , ,, ,Y,,, ,Y,Yes (specify below),ADOT,Yes,ADS,Waymo LLC, , ,Y, , , , , ,,SEP-2024, ,SEP-2024,05:44, ,1a87dbc84bf780c,[MAY CONTAIN PERSONALLY IDENTIFIABLE INFORMATION], ,[MAY CONTAIN PERSONALLY IDENTIFIABLE INFORMATION], ,[MAY CONTAIN PERSONALLY IDENTIFIABLE INFORMATION], ,Tempe, ,AZ ,[MAY CONTAIN PERSONALLY IDENTIFIABLE INFORMATION], ,Street,Dry,No Unusual Conditions,25, ,Dark - Lighted,Y, , , , , , , ,,Passenger Car,No Injuries Reported,Yes,Proceeding Straight,No,No, , , , , ,Y, , , , , ,Stopped,No,No,Yes,0, , , , ,Y, , , , , , , , , ,Y, ,Y,Y, , ,No,, ,Yes,, ,, ,, ,Yes, ,"On September [XXX], 2024 at 5:44 AM MT a Waymo Autonomous Vehicle (Waymo AV) operating in Tempe, Arizona was in a collision involving a passenger car on [XXX] at [XXX].
The Waymo AV was stopped in a queue of traffic in the left turn lane of eastbound [XXX] for a red light at the intersection with [XXX]. A passenger car approached the Waymo AV from behind, and the front of the passenger car made contact with the rear of the Waymo AV. At the time of the impact, the Waymo AVs Level 4 ADS was engaged in autonomous mode. The Waymo AV sustained damage.
Waymo is reporting this crash under Request No. 2 of Standing General Order 2021-01. Waymo may supplement or correct its reporting with additional information as it may become available.",
30270-8887,1,Waymo LLC,Monthly,9,2024,OCT-2024,SADHW2S18M1, ,N/A,Jaguar,I-Pace, ,2021, ,9f856ec3c68a0d1,113087, ,None,5th Generation ADS, , ,5th Generation, , ,Version 9, , ,, ,Y,,, ,Y,Yes (specify below),ADOT,Yes,ADS,Waymo LLC, , ,Y, , , , , ,,SEP-2024, ,SEP-2024,07:55, ,406e173fd8a7b3b,[MAY CONTAIN PERSONALLY IDENTIFIABLE INFORMATION], ,[MAY CONTAIN PERSONALLY IDENTIFIABLE INFORMATION], ,[MAY CONTAIN PERSONALLY IDENTIFIABLE INFORMATION], ,Phoenix, ,AZ ,[MAY CONTAIN PERSONALLY IDENTIFIABLE INFORMATION], ,Street,Dry,No Unusual Conditions,25, ,Daylight,Y, , , , , , , ,,Pickup Truck,No Injuries Reported,Yes,Backing,No,No, , , ,Y, , , , , , , ,Parked,No,No,No Passengers in Vehicle,0, , , , , , ,Y, , , , , , , ,Y, ,Y,Y, , ,No,, ,Yes,, ,, ,, ,Yes, ,"On September [XXX], 2024 at 7:55 AM MT a Waymo Autonomous Vehicle (Waymo AV) operating in Phoenix, Arizona was in a collision involving a pickup truck on [XXX] near [XXX]. 
The Waymo AV was parked at the curb on northbound [XXX] when a pickup truck in front of the Waymo AV began to reverse. The rear of the pickup truck made contact with the front of the Waymo AV. At the time of the impact, the Waymo AVs Level 4 ADS was engaged in autonomous mode. The Waymo AV sustained damage.
Waymo is reporting this crash under Request No. 2 of Standing General Order 2021-01. Waymo may supplement or correct its reporting with additional information as it may become available.",
30270-8883,1,Waymo LLC,Monthly,9,2024,OCT-2024,SADHW2S16R1, ,N/A,Jaguar,I-Pace, ,2024, ,47f52a90423d10d,3594, ,None,5th Generation ADS, , ,5th Generation, , ,Version 9, , ,, ,Y,,, ,Y,No,,Yes,ADS,Waymo LLC, , ,Y, , , , , ,,SEP-2024, ,SEP-2024,16:09, ,1c682da2746b2c4,[MAY CONTAIN PERSONALLY IDENTIFIABLE INFORMATION], ,[MAY CONTAIN PERSONALLY IDENTIFIABLE INFORMATION], ,[MAY CONTAIN PERSONALLY IDENTIFIABLE INFORMATION], ,Austin, ,TX ,[MAY CONTAIN PERSONALLY IDENTIFIABLE INFORMATION], ,Street,Dry,No Unusual Conditions,30, ,Daylight,Y, , , , , , , ,,Pickup Truck,No Injuries Reported,Yes,Passing,No,No, , , , , , ,Y, , , , ,Stopped,No,No,No Passengers in Vehicle,0, ,Y, , , , , , , , , , , , ,Y, ,Y,Y, , ,No,, ,Yes,, ,, ,, ,Yes, ,"On September [XXX], 2024 at 4:09 PM CT a Waymo Autonomous Vehicle (Waymo AV) operating in Austin, Texas was in a collision involving a pickup truck on [XXX] near [XXX]. 
The Waymo AV had stopped to yield to oncoming traffic on eastbound [XXX] with parked vehicles on both sides of the street. While the Waymo AV remained stopped, a pickup truck that had been stopped behind the Waymo AV entered the oncoming lane of eastbound [XXX] to maneuver around the Waymo AV. As the pickup truck was passing the stopped Waymo AV, the passenger side of the pickup truck made contact with the rear driver side of the Waymo AV. At the time of the impact, the Waymo AVs Level 4 ADS was engaged in autonomous mode. Both vehicles sustained damage.
Waymo is reporting this crash under Request No. 2 of Standing General Order 2021-01. Waymo may supplement or correct its reporting with additional information as it may become available.",
30270-8881,1,Waymo LLC,Monthly,9,2024,OCT-2024,SADHW2S14R1, ,N/A,Jaguar,I-Pace, ,2024, ,35c4c3c49dbd114,2935, ,None,5th Generation ADS, , ,5th Generation, , ,Version 9, , ,, ,Y,,, ,Y,Yes (specify below),ADOT,Yes,ADS,Waymo LLC, , ,Y, , , , , ,,SEP-2024, ,SEP-2024,22:33, ,5ddb21b77d7eb02,[MAY CONTAIN PERSONALLY IDENTIFIABLE INFORMATION], ,[MAY CONTAIN PERSONALLY IDENTIFIABLE INFORMATION], ,[MAY CONTAIN PERSONALLY IDENTIFIABLE INFORMATION], ,Tempe, ,AZ ,[MAY CONTAIN PERSONALLY IDENTIFIABLE INFORMATION], ,Street,Dry,No Unusual Conditions,35, ,Dark - Lighted,Y, , , , , , , ,,Passenger Car,No Injuries Reported,Yes,Proceeding Straight,No,No, , , , , ,Y, , , , , ,Stopped,No,No,No Passengers in Vehicle,0, , , , ,Y, , , , , , , , , ,Y, ,Y,Y, , ,No,, ,Yes,, ,, ,, ,Yes, ,"On September [XXX], 2024 at 10:33 PM MT a Waymo Autonomous Vehicle (Waymo AV) operating in Tempe, Arizona was in a collision involving a passenger car on [XXX] at [XXX]. 
The Waymo AV was traveling northbound on [XXX] and came to a stop in a queue of traffic for a red light at the intersection with [XXX]. While the Waymo AV remained stopped, a passenger car approached the Waymo AV from behind, and the front of the passenger car made contact with the rear of the Waymo AV. At the time of the impact, the Waymo AVs Level 4 ADS was engaged in autonomous mode. The Waymo AV sustained damage.
Waymo is reporting this crash under Request No. 2 of Standing General Order 2021-01. Waymo may supplement or correct its reporting with additional information as it may become available.",
30270-8809,1,Waymo LLC,Monthly,9,2024,OCT-2024,SADHW2S19M1, ,N/A,Jaguar,I-Pace, ,2021, ,1e05d1db16a76d7,148060, ,None,5th Generation ADS, , ,5th Generation, , ,Version 9, , ,, ,Y,,, ,Y,Yes (specify below),ADOT,Yes,ADS,Waymo LLC, , ,Y, , , , , ,,SEP-2024, ,SEP-2024,22:02, ,91efef66b8dc417,[MAY CONTAIN PERSONALLY IDENTIFIABLE INFORMATION], ,[MAY CONTAIN PERSONALLY IDENTIFIABLE INFORMATION], ,[MAY CONTAIN PERSONALLY IDENTIFIABLE INFORMATION], ,Scottsdale, ,AZ ,[MAY CONTAIN PERSONALLY IDENTIFIABLE INFORMATION], ,Street,Dry,Work Zone,35, ,Dark - Lighted,Y, , , , , , , ,,Other Fixed Object,No Injuries Reported,Yes,,,, , , , , , , , , , , ,Making Right Turn,No,No,Yes,1, , , , , , ,Y, , , , , , , ,Y, ,Y,Y, , ,No,, ,Yes,, ,, ,, ,Yes, ,"On September [XXX], 2024 at 10:02 PM MT a Waymo Autonomous Vehicle (Waymo AV) operating in Scottsdale, Arizona was in a collision involving a temporary lane control sign on [XXX] near [XXX].
At this section of [XXX] at this time, the roadway was under construction, there were no lane markings, and lane usage was defined with temporary lane control signage and traffic cones within the roadway. The Waymo AV was exiting a parking lot, making a right turn onto northbound [XXX]. As the Waymo AV was completing the right turn, the front of the Waymo AV made contact with a road sign placed in the roadway between the right turning lane and center straight lane. At the time of the impact, the Waymo AVs Level 4 ADS was engaged in autonomous mode. The Waymo AV sustained damage.
Waymo is reporting this crash under Request No. 2 of Standing General Order 2021-01. Waymo may supplement or correct its reporting with additional information as it may become available.",