Report ID,Report Version,Reporting Entity,Report Type,Report Month,Report Year,Report Submission Date,VIN,VIN - Unknown,Serial Number,Make,Model,Model - Unknown,Model Year,Model Year - Unknown,Same Vehicle ID,Mileage,Mileage - Unknown,Driver / Operator Type,ADAS/ADS System Version,ADAS/ADS System Version - Unk,ADAS/ADS System Version CBI,ADAS/ADS Hardware Version,ADAS/ADS Hardware Version - Unk,ADAS/ADS Hardware Version CBI,ADAS/ADS Software Version,ADAS/ADS Software Version - Unk,ADAS/ADS Software Version CBI,Other Reporting Entities?,Other Reporting Entities? - Unk,Other Reporting Entities? - NA,Federal Regulatory Exemption?,Other Federal Reg. Exemption,Federal Reg. Exemption - Unk,Federal Reg. Exemption - No,State or Local Permit?,State or Local Permit,ADS Equipped?,Automation System Engaged?,Operating Entity,Operating Entity - Unknown,Source - Complaint/Claim,Source - Telematics,Source - Law Enforcement,Source - Field Report,Source - Testing,Source - Media,Source - Other,Source - Other Text,Incident Date,Incident Date - Unknown,Notice Received Date,Incident Time (24:00),Incident Time - Unknown,Same Incident ID,Latitude,Latitude - Unknown,Longitude,Longitude - Unknown,Address,Address - Unknown,City,City - Unknown,State,Zip Code,Zip Code - Unknown,Roadway Type,Roadway Surface,Roadway Description,Posted Speed Limit (MPH),Posted Speed Limit - Unknown,Lighting,Weather - Clear,Weather - Snow,Weather - Cloudy,Weather - Fog/Smoke,Weather - Rain,Weather - Severe Wind,Weather - Unknown,Weather - Other,Weather - Other Text,Crash With,Highest Injury Severity Alleged,Property Damage?,CP Pre-Crash Movement,CP Any Air Bags Deployed?,CP Was Vehicle Towed?,CP Contact Area - Rear Left,CP Contact Area - Left,CP Contact Area - Front Left,CP Contact Area - Rear,CP Contact Area - Top,CP Contact Area - Front,CP Contact Area - Rear Right,CP Contact Area - Right,CP Contact Area - Front Right,CP Contact Area - Bottom,CP Contact Area - Unknown,SV Pre-Crash Movement,SV Any Air Bags Deployed?,SV Was Vehicle Towed?,SV Were All Passengers Belted?,SV Precrash Speed (MPH),SV Pre-crash Speed - Unknown,SV Contact Area - Rear Left,SV Contact Area - Left,SV Contact Area - Front Left,SV Contact Area - Rear,SV Contact Area - Top,SV Contact Area - Front,SV Contact Area - Rear Right,SV Contact Area - Right,SV Contact Area - Front Right,SV Contact Area - Bottom,SV Contact Area - Unknown,Data Availability - EDR,Data Availability - Police Rpt,Data Availability - Telematics,Data Availability - Complaints,Data Availability - Video,Data Availability - Other,Data Availability - No Data,Data Availability - Unknown,Law Enforcement Investigating?,Investigating Agency,Investigating Agency - Unknown,Rep Ent Or Mfr Investigating?,Investigating Officer Name,Inv. Officer Name - Unknown,Investigating Officer Phone,Inv. Officer Phone - Unknown,Investigating Officer Email,Inv. Officer Email - Unknown,Within ODD?,Within ODD? - CBI,Narrative,Narrative - CBI?
1420-7671,1,"Volkswagen Group of America, Inc.",Monthly,5,2024,MAY-2024,WV2ZZZEB4PH, ,n/a,Volkswagen,ID.Buzz, ,2023, ,fe576f7e0cb214e,2679, ,In-Vehicle (Commercial / Test),"[REDACTED, MAY CONTAIN CONFIDENTIAL BUSINESS INFORMATION]", ,Y,"[REDACTED, MAY CONTAIN CONFIDENTIAL BUSINESS INFORMATION]", ,Y,"[REDACTED, MAY CONTAIN CONFIDENTIAL BUSINESS INFORMATION]", ,Y,, ,Y,Part 591 Exemption for certifying manufacturers,, , ,No,,Yes,ADS,ADMT- VWGoA, , , , ,Y,Y, , ,,APR-2024, ,APR-2024,10:20, ,747a10541edff5d,[MAY CONTAIN PERSONALLY IDENTIFIABLE INFORMATION], ,[MAY CONTAIN PERSONALLY IDENTIFIABLE INFORMATION], ,[MAY CONTAIN PERSONALLY IDENTIFIABLE INFORMATION], ,Austin, ,TX ,[MAY CONTAIN PERSONALLY IDENTIFIABLE INFORMATION], ,Street,Wet,No Unusual Conditions,35, ,Daylight, , , , ,Y, , , ,,Passenger Car,No Injuries Reported,Yes,Stopped,No,No, , , , , ,Y, , , , , ,Stopped,No,No,Yes,0, , , , ,Y, , , , , , , , , , , , , , ,Y,No,, ,Yes,, ,, ,, ,Yes, ,"The subject vehicle (autonomous vehicle- AV) was stopped, in the far right turn lane on westbound [XXX], waiting to turn right onto northbound [XXX]. The other vehicle was a 2021 Mercedes Benz GLE (MB) that was noted as being stopped prior to making contact with the rear right bumper of the subject vehicle.  The AV, while remaining stationary, was struck from the rear by the MB. The driver of the AV signaled to the other vehicle to pull over safely in the adjacent parking lot. The driver's of both vehicles exchanged information and assessed the damage. Both vehicles had one occupant and there were no reported injuries, airbag deployments, or tow-aways. The damage to the subject vehicle is stated as scratches/markings of the right rear bumper, and the damage to the other vehicle is a bent frontal license plate. Both vehicles were able to safely leave the scene.  VWGoA does not plan to investigate the incident any further as the AV was within its ODD at the time of the incident and was struck from behind while waiting for traffic to clear to safely complete a turn.",
30530-7680,1,"Aurora Operations, Inc.",Monthly,5,2024,MAY-2024,1XPBD49X7RD, ,N/A,Peterbilt,Peterbilt 579, ,2024, ,ee340784e6b5cdb,31782, ,In-Vehicle (Commercial / Test),"[REDACTED, MAY CONTAIN CONFIDENTIAL BUSINESS INFORMATION]", ,Y,, , ,, , ,PACCAR Incorporated, , ,,, ,Y,No,,Yes,ADS,"Aurora Operations, Inc.", , ,Y, ,Y, , , ,,APR-2024, ,APR-2024,10:56, ,39987aac7f64fd3,[MAY CONTAIN PERSONALLY IDENTIFIABLE INFORMATION], ,[MAY CONTAIN PERSONALLY IDENTIFIABLE INFORMATION], ,[MAY CONTAIN PERSONALLY IDENTIFIABLE INFORMATION], ,Conroe, ,TX ,[MAY CONTAIN PERSONALLY IDENTIFIABLE INFORMATION], ,Highway / Freeway,Dry,No Unusual Conditions,65, ,Daylight, , ,Y, , , , , ,,"Other, see Narrative",No Injuries Reported,Yes,"Other, see Narrative",Not Applicable,Not Applicable, , , , , , , , , , ,Y,Proceeding Straight,No,No,Yes,62, , , ,Y, , , , , , , , , , ,Y, ,Y, , , ,No,, ,No,, ,, ,, ,Yes, ,"On April [XXX], at 10:56 CDT, an Aurora truck was in autonomy traveling southbound on [XXX] in Conroe, Texas. The Aurora truck made contact with a shovel on the roadway, cracking the front left headlight. The vehicle operator proceeded in manual mode to the next exit and inspected the truck. The vehicle operator determined the truck was drivable and resumed the mission in autonomy. We are not aware of any injuries or additional damage to the truck or trailer.",
30610-7674,1,"Zoox, Inc.",Monthly,4,2024,MAY-2024,5TDDGRFH2HS, ,N/A,Toyota,Highlander, ,2017, ,b95e440cb6696d4,57577, ,In-Vehicle (Commercial / Test),171.24.04.23, , ,171.24.04.23, , ,171.24.04.23, , ,, ,Y,,, ,Y,Yes (specify below),NV DMV AVT Permit,Yes,ADS,Zoox, , , , ,Y,Y, , ,,APR-2024, ,APR-2024,13:49, ,f1ec18cb75ea63a,[MAY CONTAIN PERSONALLY IDENTIFIABLE INFORMATION], ,[MAY CONTAIN PERSONALLY IDENTIFIABLE INFORMATION], ,[MAY CONTAIN PERSONALLY IDENTIFIABLE INFORMATION], ,Las Vegas, ,NV ,[MAY CONTAIN PERSONALLY IDENTIFIABLE INFORMATION], ,Intersection,Dry,No Unusual Conditions,45, ,Daylight,Y, , , , , , , ,,Passenger Car,No Injuries Reported,Yes,Making Right Turn,No,No, , , , , ,Y, , ,Y, , ,Making Right Turn,No,No,Yes,1, ,Y, , ,Y, , , , , , , , , ,Y, ,Y, , , ,No,, ,No,, ,, ,, ,Yes, ,A Zoox vehicle (Vehicle 1) in autonomy was in the process of making a right turn at a traffic light from westbound [XXX] onto [XXX]. The Zoox vehicle had advanced and then came to a stop as it yielded to cross traffic. Just when the Zoox vehicle began to move again it was rear ended by a passenger car (Vehicle 2) behind. The safety operator disengaged after the collision. The Zoox vehicle sustained minor damage. There were no reported injuries and the police were not called.,
30270-7637,1,Waymo LLC,5-Day,,,MAY-2024,SADHW2S17M1, ,N/A,Jaguar,I-Pace, ,2021, ,a89e2161ea6f7ac,134602, ,None,5th Generation, , ,5th Generation, , ,Version 8, , ,, ,Y,,, ,Y,Yes (specify below),ADOT,Yes,ADS,Waymo LLC, , ,Y, , , , , ,,MAY-2024, ,MAY-2024,14:56, ,84ff2f9ead1afe1,[MAY CONTAIN PERSONALLY IDENTIFIABLE INFORMATION], ,[MAY CONTAIN PERSONALLY IDENTIFIABLE INFORMATION], ,[MAY CONTAIN PERSONALLY IDENTIFIABLE INFORMATION], ,Phoenix, ,AZ ,[MAY CONTAIN PERSONALLY IDENTIFIABLE INFORMATION], ,Intersection,Dry,No Unusual Conditions,40, ,Daylight,Y, , , , , , , ,,SUV,No Injuries Reported,Yes,Proceeding Straight,No,No, , , , , , , , ,Y, , ,Making Left Turn,No,Yes,No Passengers in Vehicle,3, , , , , , , , ,Y,Y, , , , ,Y, ,Y,Y, , ,Yes,Phoenix Police Department, ,Yes,[MAY CONTAIN PERSONALLY IDENTIFIABLE INFORMATION], ,,Y,,Y,Yes, ,"On May [XXX], 2024 at 2:56 PM MT a Waymo Autonomous Vehicle (Waymo AV) operating in Phoenix, Arizona was in a collision involving a Mercedes SUV on [XXX] at [XXX].
The Waymo AV was traveling east on [XXX] at the intersection with [XXX]. As the Waymo AV approached the intersection and prepared to make an unprotected left turn onto northbound [XXX], a Honda SUV on the opposite side of the intersection slowed down in the westbound lane of [XXX] to prepare for an unprotected left onto southbound [XXX]. As the Waymo AV was beginning its unprotected left turn, a Mercedes SUV became visible and was passing on the right side of a line of traffic behind the Honda SUV, partially in the westbound bicycle lane and partially in a paved area between the bicycle lane and the curb of E. Campbell Avenue. The Mercedes SUV then entered the intersection and the front passenger side corner of the Mercedes SUV made contact with the passenger side of the Waymo AV. At the time of the impact, the Waymo AVs Level 4 ADS was engaged in autonomous mode. Both vehicles sustained damage.
Waymo is reporting this crash under Request No. 1 of Standing General Order 2021-01 because a vehicle involved was towed away. Waymo may supplement or correct its reporting with additional information as it may become available.",
30610-7578,2,"Zoox, Inc.",10-Day Update,,,MAY-2024,5TDDGRFH3KS, ,N/A,Toyota,Highlander, ,2019, ,2011e07aac8b837,59843, ,In-Vehicle (Commercial / Test),241.24.04.24, , ,241.24.04.24, , ,241.24.04.24, , ,, ,Y,,, ,Y,Yes (specify below),NV DMV AVT Permit,Yes,ADS,Zoox, , , , ,Y,Y, , ,,APR-2024, ,APR-2024,16:54, ,d877dc9952ead25,[MAY CONTAIN PERSONALLY IDENTIFIABLE INFORMATION], ,[MAY CONTAIN PERSONALLY IDENTIFIABLE INFORMATION], ,[MAY CONTAIN PERSONALLY IDENTIFIABLE INFORMATION], ,Spring Valley, ,NV ,[MAY CONTAIN PERSONALLY IDENTIFIABLE INFORMATION], ,Street,Dry,No Unusual Conditions,45, ,Daylight,Y, , , , , , , ,,Motorcycle,Minor,Yes,Making Right Turn,Not Applicable,No, , ,Y, , , , ,Y,Y, , ,Making Right Turn,No,No,Yes,2, ,Y, , , , , , , , , , , , ,Y, ,Y, , , ,No,, ,Yes,, ,, ,, ,Yes, ,"A Zoox vehicle (Vehicle 1) in autonomy was traveling west on [XXX] and turning right onto [XXX]. While executing a low-speed turn, the Zoox vehicle braked and then the operator disengaged. As the Zoox vehicle was slowing, the motorcycle (Vehicle 2) operator accelerated in an apparent attempt to overtake the Zoox vehicle. The motorcycle then struck the driver's side rear bumper and quarter panel of the Zoox vehicle and the motorcycle and the operator fell to the ground. The motorcycle sustained scrapes and the Zoox vehicle sustained minor damage to the rear bumper and trim. Both parties exchanged information. The police were not called. The motorcycle operator did not report any injuries and rode their motorcycle from the scene. Subsequently, the Zoox vehicle operator reported lower back pain/tightness.
The content of this report is unchanged from the initial report and provides complete information to date for this incident.",
30270-7257,2,Waymo LLC,Update,,,APR-2024,SADHW2S12M1, ,N/A,Jaguar,I-Pace, ,2021, ,af3c4fdcb398df9,118480, ,None,5th Generation ADS, , ,5th Generation, , ,Version 8, , ,, ,Y,,, ,Y,Yes (specify below),ADOT,Yes,ADS,Waymo LLC, ,Y,Y, , , , , ,,FEB-2024, ,FEB-2024,06:43, ,8fc225c9f30de07,[MAY CONTAIN PERSONALLY IDENTIFIABLE INFORMATION], ,[MAY CONTAIN PERSONALLY IDENTIFIABLE INFORMATION], ,[MAY CONTAIN PERSONALLY IDENTIFIABLE INFORMATION], ,Tempe, ,AZ ,[MAY CONTAIN PERSONALLY IDENTIFIABLE INFORMATION], ,Street,Dry,No Unusual Conditions,35, ,Daylight,Y, , , , , , , ,,Passenger Car,Minor,No,Proceeding Straight,No,No, , , , , ,Y, , , , , ,Stopped,No,Yes,Yes,0, , , , ,Y, , , , , , , , , ,Y, ,Y,Y, , ,No,, ,Yes,, ,, ,, ,Yes, ,"On February [XXX], 2024 at 7:43 AM MT a Waymo Autonomous Vehicle (""Waymo AV"") operating in Tempe, Arizona was in a collision involving a passenger car on [XXX] at [XXX]. 
While the Waymo AV was stopped in a queue of cars at a red light in the leftmost through lane of northbound [XXX], the passenger car behind the Waymo AV proceeded forward from a stop and the front of the passenger car made contact with the rear of the Waymo AV. At the time of the impact, the Waymo's Level 4 ADS was engaged in autonomous mode. Neither vehicle sustained damage, and there were no injuries reported at the time of the collision. Waymo subsequently received notice of an allegation of minor injury from the Waymo passenger.
Waymo is reporting this crash under Request No. 1 because a vehicle involved was towed away, in part to test a new internal process related to vehicle retrievals. Waymo may supplement or correct its reporting with additional information as it may become available.
This is an update to the previously submitted report 30270-7257 submitted on March 6th, 2024, which had incorrectly provided the DRIVER / OPERATOR TYPE as ""In Vehicle (Commercial / Test)"".",
30610-7578,1,"Zoox, Inc.",1-Day,,,APR-2024,5TDDGRFH3KS, ,N/A,Toyota,Highlander, ,2019, ,2011e07aac8b837,59843, ,In-Vehicle (Commercial / Test),241.24.04.24, , ,241.24.04.24, , ,241.24.04.24, , ,, ,Y,,, ,Y,Yes (specify below),NV DMV AVT Permit,Yes,ADS,Zoox, , , , ,Y,Y, , ,,APR-2024, ,APR-2024,16:54, ,d877dc9952ead25,[MAY CONTAIN PERSONALLY IDENTIFIABLE INFORMATION], ,[MAY CONTAIN PERSONALLY IDENTIFIABLE INFORMATION], ,[MAY CONTAIN PERSONALLY IDENTIFIABLE INFORMATION], ,Spring Valley, ,NV ,[MAY CONTAIN PERSONALLY IDENTIFIABLE INFORMATION], ,Street,Dry,No Unusual Conditions,45, ,Daylight,Y, , , , , , , ,,Motorcycle,Minor,Yes,Making Right Turn,Not Applicable,No, , ,Y, , , , ,Y,Y, , ,Making Right Turn,No,No,Yes,2, ,Y, , , , , , , , , , , , ,Y, ,Y, , , ,No,, ,Yes,, ,, ,, ,Yes, ,"A Zoox vehicle (Vehicle 1) in autonomy was traveling west on [XXX] and turning right onto [XXX]. While executing a low-speed turn, the Zoox vehicle braked and then the operator disengaged. As the Zoox vehicle was slowing, the motorcycle (Vehicle 2) operator accelerated in an apparent attempt to overtake the Zoox vehicle. The motorcycle then struck the driver's side rear bumper and quarter panel of the Zoox vehicle and the motorcycle and the operator fell to the ground. The motorcycle sustained scrapes and the Zoox vehicle sustained minor damage to the rear bumper and trim. Both parties exchanged information. The police were not called. The motorcycle operator did not report any injuries and rode their motorcycle from the scene. Subsequently, the Zoox vehicle operator reported lower back pain/tightness.",
988-7550,1,PACCAR Incorporated,Monthly,4,2024,APR-2024,1XPBD49X6PD, ,[MAY CONTAIN PERSONALLY IDENTIFIABLE INFORMATION],Peterbilt,579, ,2023, ,eef7ddcb9ef4832,105033, ,In-Vehicle (Commercial / Test),"[REDACTED, MAY CONTAIN CONFIDENTIAL BUSINESS INFORMATION]", ,Y,, , ,, , ,"Aurora Operations, Inc.", , ,,,Y, ,No,,Yes,ADS,"Aurora Operations, Inc.", , ,Y, ,Y, , , ,,MAR-2024, ,MAR-2024,13:52, ,ea43ae9eed8d13b,[MAY CONTAIN PERSONALLY IDENTIFIABLE INFORMATION], ,[MAY CONTAIN PERSONALLY IDENTIFIABLE INFORMATION], ,[MAY CONTAIN PERSONALLY IDENTIFIABLE INFORMATION], ,Barstow, ,TX ,[MAY CONTAIN PERSONALLY IDENTIFIABLE INFORMATION], ,Highway / Freeway,Dry,No Unusual Conditions,75, ,Daylight,Y, , , , , , , ,,Passenger Car,No Injuries Reported,Yes,Lane / Road Departure,No,No, , , , , , , , ,Y, , ,Proceeding Straight,No,No,Yes,,Y,Y, , , , , , , , , , ,Y, ,Y, ,Y, , , ,No,, ,Yes,, ,, ,, ,Yes, ,"This incident occurred on March [XXX], 2024 at approximately 13:52 CT near Barstow, TX on [XXX]. The Aurora truck was operating in autonomy at the time. Weather and road conditions were clear. A white passenger car veered into the lane of the Aurora truck and made contact with the left rear of the trailer. The Aurora Driver detected the collision and both the passenger car and the Aurora truck pulled over to the shoulder. Aurora notified law enforcement who arrived on the scene. We have no reports of injuries. The Aurora truck had damage to its rear left impact guard (ICC bar). The white passenger car had damage to its right side front quarter panel. Both vehicles departed the scene.",
30531-7548,1,Transdev Alternative Services,Monthly,3,2023,APR-2024,SADHW2S10R1, ,N/A,Jaguar,I-Pace, ,2024, ,be94d70cddb6506,676, ,In-Vehicle (Commercial / Test),5th Generation ADS, , ,5th Generation, , ,Version 9, , ,Waymo LLC, , ,,, ,Y,No,,Yes,ADS,Waymo LLC, , ,Y, , , , , ,,MAR-2024, ,MAR-2024,10:03, ,d5770d65e2e965b,[MAY CONTAIN PERSONALLY IDENTIFIABLE INFORMATION], ,[MAY CONTAIN PERSONALLY IDENTIFIABLE INFORMATION], ,[MAY CONTAIN PERSONALLY IDENTIFIABLE INFORMATION], ,Austin, ,TX ,[MAY CONTAIN PERSONALLY IDENTIFIABLE INFORMATION], ,Intersection,Dry,No Unusual Conditions,30, ,Daylight,Y, , , , , , , ,,Heavy Truck,No Injuries Reported,Yes,Backing,No,No, , , ,Y, , , , , , , ,Stopped,No,No,Yes,0, , , , , , ,Y, , , , , , , ,Y, ,Y,Y, , ,No,, ,Yes,, ,, ,, ,Yes, ,"On March [XXX], 2024 at 10:03 AM CDT a Waymo Autonomous Vehicle (""Waymo AV"") operating in Austin, Texas was in a collision involving a heavy truck on [XXX] near [XXX].
The Waymo AV was traveling sout-eastbound on [XXX] in autonomous mode when it came to a stop behind a heavy truck stopped at a stop sign at the intersection of [XXX].  The heavy truck then began reversing, and the Waymo AV test driver transitioned to manual mode.  While the Waymo AV remained stopped, the heavy truk continued reversing and made contact with the front of the Waymo AV.  At the time of the impact, the Waymo AV's Level 4 ADS was not engaged and a test driver was operating the Waymo AV in manual mode.  The Waymo AV sustained damage.  
This is a duplicate of report ID 30270-7541-1.",
30270-7541,1,Waymo LLC,Monthly,3,2024,APR-2024,SADHW2S10R1, ,N/A,Jaguar,I-Pace, ,2024, ,be94d70cddb6506,676, ,In-Vehicle (Commercial / Test),5th Generation ADS, , ,5th Generation, , ,Version 9, , ,Transdev Alternative Services, , ,,, ,Y,No,,Yes,ADS,Waymo LLC, , ,Y, , , , , ,,MAR-2024, ,MAR-2024,10:03, ,d5770d65e2e965b,[MAY CONTAIN PERSONALLY IDENTIFIABLE INFORMATION], ,[MAY CONTAIN PERSONALLY IDENTIFIABLE INFORMATION], ,[MAY CONTAIN PERSONALLY IDENTIFIABLE INFORMATION], ,Austin, ,TX ,[MAY CONTAIN PERSONALLY IDENTIFIABLE INFORMATION], ,Intersection,Dry,No Unusual Conditions,30, ,Daylight,Y, , , , , , , ,,Heavy Truck,No Injuries Reported,Yes,Backing,No,No, , , ,Y, , , , , , , ,Stopped,No,No,Yes,0, , , , , , ,Y, , , , , , , ,Y, ,Y,Y, , ,No,, ,Yes,, ,, ,, ,Yes, ,"On March [XXX], 2024 at 10:03 AM CDT a Waymo Autonomous Vehicle (Waymo AV) operating in Austin, Texas was in a collision involving a heavy truck on [XXX] near [XXX]. 
The Waymo AV was traveling south-eastbound on [XXX] in autonomous mode when it came to a stop behind a heavy truck stopped at a stop sign at the intersection of [XXX]. The heavy truck then began reversing, and the Waymo AV test driver transitioned to manual mode. While the Waymo AV remained stopped, the heavy truck continued reversing and made contact with the front of the Waymo AV. At the time of the impact, the Waymo AVs Level 4 ADS was not engaged and a test driver was operating the Waymo AV in manual mode. The Waymo AV sustained damage.
Waymo is reporting this crash under Request No. 2 of Standing General Order 2021-01. Waymo may supplement or correct its reporting with additional information as it may become available.",
30270-7533,1,Waymo LLC,Monthly,3,2024,APR-2024,SADHW2S18M1, ,N/A,Jaguar,I-Pace, ,2021, ,8421b5ab003ef6c,101912, ,None,5th Generation ADS, , ,5th Generation, , ,Version 8, , ,, ,Y,,, ,Y,Yes (specify below),ADOT,Yes,ADS,Waymo LLC, , ,Y, , , , , ,,MAR-2024, ,APR-2024,21:49, ,2282a5d9e915876,[MAY CONTAIN PERSONALLY IDENTIFIABLE INFORMATION], ,[MAY CONTAIN PERSONALLY IDENTIFIABLE INFORMATION], ,[MAY CONTAIN PERSONALLY IDENTIFIABLE INFORMATION], ,Tempe, ,AZ ,[MAY CONTAIN PERSONALLY IDENTIFIABLE INFORMATION], ,Street,Dry,No Unusual Conditions,30, ,Dark - Lighted,Y, , , , , , , ,,Other Fixed Object,No Injuries Reported,Yes,,,, , , , , , , , , , , ,Lane / Road Departure,No,No,Yes,19, , , ,Y, , , ,Y, , , , , , ,Y, ,Y,Y, , ,No,, ,Yes,, ,, ,, ,Yes, ,"On March [XXX], 2024 at 9:49 PM MST a Waymo Autonomous Vehicle (Waymo AV) operating in Tempe, Arizona made contact with a median curb, while avoiding a collision with a SUV near [XXX]. 
The Waymo AV was traveling northbound in the left lane of [XXX] near the intersection with [XXX] when it began passing an SUV traveling in the right lane.  As the Waymo AV approached the SUV, the SUV merged into the left lane in front of the Waymo AV to pass a leading passenger car in the right lane which was slowing for a right turn into a driveway.  The Waymo AV maneuvered to the left in response to the SUVs lane change and the Waymo AVs wheels made contact with the median curb.  At the time of the impact, the Waymo AVs Level 4 ADS was engaged in autonomous mode. The Waymo AV sustained damage, and the SUV left the scene.
Waymo is reporting this crash under Request No. 2 of Standing General Order 2021-01. Waymo may supplement or correct its reporting with additional information as it may become available.",
30270-7522,1,Waymo LLC,Monthly,3,2024,APR-2024,SADHW2S14M1, ,N/A,Jaguar,I-Pace, ,2021, ,09f6e9bd642f040,1150344, ,None,5th Generation ADS, , ,5th Generation, , ,Version 8, , ,, ,Y,,, ,Y,Yes (specify below),ADOT,Yes,ADS,Waymo LLC, , ,Y, , , , , ,,MAR-2024, ,MAR-2024,19:45, ,07a39da372f5123,[MAY CONTAIN PERSONALLY IDENTIFIABLE INFORMATION], ,[MAY CONTAIN PERSONALLY IDENTIFIABLE INFORMATION], ,[MAY CONTAIN PERSONALLY IDENTIFIABLE INFORMATION], ,Phoenix, ,AZ ,[MAY CONTAIN PERSONALLY IDENTIFIABLE INFORMATION], ,Intersection,Dry,No Unusual Conditions,25, ,Dark - Lighted,Y, , , , , , , ,,Passenger Car,No Injuries Reported,Yes,Backing,No,No, , , , , , ,Y, , , , ,Stopped,No,No,No Passengers in Vehicle,0, , , , , , ,Y, , , , , , , ,Y, ,Y,Y, , ,Yes,Phoenix Police Department, ,Yes,[MAY CONTAIN PERSONALLY IDENTIFIABLE INFORMATION], ,,Y,,Y,Yes, ,"On March [XXX], 2024 at 7:45 PM MST a Waymo Autonomous Vehicle (Waymo AV) operating in Phoenix, Arizona was in a collision involving a passenger car on [XXX] at [XXX]. 
While the Waymo AV was traveling westbound on [XXX], a passenger car on the oncoming side of [XXX] attempted to complete a multi-point turn at the intersection with [XXX]. As the Waymo AV approached the intersection with [XXX], it began to make a right turn, but slowed to a stop as the passenger car began reversing again. While the Waymo AV remained stopped, the passenger car continued reversing and made contact with the front of the Waymo AV. At the time of the impact, the Waymo AVs Level 4 ADS was engaged in autonomous mode. The Waymo AV sustained damage and the passenger car left the scene.
Waymo is reporting this crash under Request No. 2 of Standing General Order 2021-01. Waymo may supplement or correct its reporting with additional information as it may become available.",
30270-7515,1,Waymo LLC,Monthly,3,2024,APR-2024,SADHW2S10M1, ,N/A,Jaguar,I-Pace, ,2021, ,f6ce80fd458f116,1119636, ,None,5th Generation ADS, , ,5th Generation, , ,Version 8, , ,, ,Y,,, ,Y,Yes (specify below),ADOT,Yes,ADS,Waymo LLC, , ,Y, , , , , ,,MAR-2024, ,MAR-2024,20:58, ,6f824fc70e86827,[MAY CONTAIN PERSONALLY IDENTIFIABLE INFORMATION], ,[MAY CONTAIN PERSONALLY IDENTIFIABLE INFORMATION], ,[MAY CONTAIN PERSONALLY IDENTIFIABLE INFORMATION], ,Mesa, ,AZ ,[MAY CONTAIN PERSONALLY IDENTIFIABLE INFORMATION], ,Intersection,Dry,No Unusual Conditions,40, ,Dark - Lighted,Y, , , , , , , ,,"Other, see Narrative",No Injuries Reported,Yes,"Other, see Narrative",Not Applicable,Not Applicable, , , , , , , , , , ,Y,Lane / Road Departure,No,No,"No, see Narrative",19, , , , , , , ,Y, ,Y, , , , ,Y, ,Y,Y, , ,No,, ,Yes,, ,, ,, ,Yes, ,"On March [XXX], 2024 at 8:58 PM MST a Waymo Autonomous Vehicle (Waymo AV) operating in Mesa, Arizona was in a collision involving a curb on [XXX] at [XXX]. 
The Waymo AV was traveling eastbound in the rightmost lane of [XXX]. As it was crossing the intersection with [XXX], a bus traveling alongside the Waymo AV in the left adjacent lane to the Waymo AV began to move into the rightmost lane. As the Waymo AV moved closer to the right side of its lane to increase lateral distance from the bus, the passenger side tires made contact with the curb.  At the time of the impact, the Waymo AVs Level 4 ADS was engaged in autonomous mode, and one of the four passengers was wearing a seatbelt. The Waymo AV sustained damage.
Waymo is reporting this crash under Request No. 2 of Standing General Order 2021-01. Waymo may supplement or correct its reporting with additional information as it may become available.",
30270-7532,1,Waymo LLC,Monthly,3,2024,APR-2024,SADHW2S18R1, ,N/A,Jaguar,I-Pace, ,2024, ,312cee7e826305d,10257, ,None,5th Generation ADS, , ,5th Generation, , ,Version 8, , ,, ,Y,,, ,Y,Yes (specify below),ADOT,Yes,ADS,Waymo LLC, , ,Y, , , , , ,,MAR-2024, ,MAR-2024,21:42, ,a2cf0c9aeb22dc5,[MAY CONTAIN PERSONALLY IDENTIFIABLE INFORMATION], ,[MAY CONTAIN PERSONALLY IDENTIFIABLE INFORMATION], ,[MAY CONTAIN PERSONALLY IDENTIFIABLE INFORMATION], ,Chandler, ,AZ ,[MAY CONTAIN PERSONALLY IDENTIFIABLE INFORMATION], ,Street,Dry,Work Zone,45, ,Dark - Lighted,Y, , , , , , , ,,"Other, see Narrative",No Injuries Reported,Yes,"Other, see Narrative",Not Applicable,Not Applicable, , , , , , , , , , ,Y,Proceeding Straight,No,No,No Passengers in Vehicle,12, ,Y,Y, , , , , , , , , , , ,Y, ,Y,Y, , ,No,, ,Yes,, ,, ,, ,Yes, ,"On March [XXX], 2024 at 9:42 PM MST a Waymo Autonomous Vehicle (Waymo AV) operating in Chandler, Arizona was in a collision involving an object on [XXX] near [XXX].                                                                                                                                                                                                                                                                                                    
The Waymo AV was traveling eastbound in the rightmost lane of [XXX] when the driver side of the Waymo AV made contact with an object used for construction (possibly a vacuum) that was rolling into the Waymo AVs lane from the construction zone on the left side of the road. The Waymo AV moved to the right but was not able to avoid contact. At the time of the impact, the Waymo AVs Level 4 ADS was engaged in autonomous mode. The Waymo AV sustained damage.
Waymo is reporting this crash under Request No. 2 of Standing General Order 2021-01. Waymo may supplement or correct its reporting with additional information as it may become available.",