Report ID,Report Version,Reporting Entity,Report Type,Report Month,Report Year,Report Submission Date,VIN,VIN - Unknown,Serial Number,Make,Model,Model - Unknown,Model Year,Model Year - Unknown,Same Vehicle ID,Mileage,Mileage - Unknown,Driver / Operator Type,ADAS/ADS System Version,ADAS/ADS System Version - Unk,ADAS/ADS System Version CBI,ADAS/ADS Hardware Version,ADAS/ADS Hardware Version - Unk,ADAS/ADS Hardware Version CBI,ADAS/ADS Software Version,ADAS/ADS Software Version - Unk,ADAS/ADS Software Version CBI,Other Reporting Entities?,Other Reporting Entities? - Unk,Other Reporting Entities? - NA,Federal Regulatory Exemption?,Other Federal Reg. Exemption,Federal Reg. Exemption - Unk,Federal Reg. Exemption - No,State or Local Permit?,State or Local Permit,ADS Equipped?,Automation System Engaged?,Operating Entity,Operating Entity - Unknown,Source - Complaint/Claim,Source - Telematics,Source - Law Enforcement,Source - Field Report,Source - Testing,Source - Media,Source - Other,Source - Other Text,Incident Date,Incident Date - Unknown,Notice Received Date,Incident Time (24:00),Incident Time - Unknown,Same Incident ID,Latitude,Latitude - Unknown,Longitude,Longitude - Unknown,Address,Address - Unknown,City,City - Unknown,State,Zip Code,Zip Code - Unknown,Roadway Type,Roadway Surface,Roadway Description,Posted Speed Limit (MPH),Posted Speed Limit - Unknown,Lighting,Weather - Clear,Weather - Snow,Weather - Cloudy,Weather - Fog/Smoke,Weather - Rain,Weather - Severe Wind,Weather - Unknown,Weather - Other,Weather - Other Text,Crash With,Highest Injury Severity Alleged,Property Damage?,CP Pre-Crash Movement,CP Any Air Bags Deployed?,CP Was Vehicle Towed?,CP Contact Area - Rear Left,CP Contact Area - Left,CP Contact Area - Front Left,CP Contact Area - Rear,CP Contact Area - Top,CP Contact Area - Front,CP Contact Area - Rear Right,CP Contact Area - Right,CP Contact Area - Front Right,CP Contact Area - Bottom,CP Contact Area - Unknown,SV Pre-Crash Movement,SV Any Air Bags Deployed?,SV Was Vehicle Towed?,SV Were All Passengers Belted?,SV Precrash Speed (MPH),SV Pre-crash Speed - Unknown,SV Contact Area - Rear Left,SV Contact Area - Left,SV Contact Area - Front Left,SV Contact Area - Rear,SV Contact Area - Top,SV Contact Area - Front,SV Contact Area - Rear Right,SV Contact Area - Right,SV Contact Area - Front Right,SV Contact Area - Bottom,SV Contact Area - Unknown,Data Availability - EDR,Data Availability - Police Rpt,Data Availability - Telematics,Data Availability - Complaints,Data Availability - Video,Data Availability - Other,Data Availability - No Data,Data Availability - Unknown,Law Enforcement Investigating?,Investigating Agency,Investigating Agency - Unknown,Rep Ent Or Mfr Investigating?,Investigating Officer Name,Inv. Officer Name - Unknown,Investigating Officer Phone,Inv. Officer Phone - Unknown,Investigating Officer Email,Inv. Officer Email - Unknown,Within ODD?,Within ODD? - CBI,Narrative,Narrative - CBI?
30410-6792,1,Motional,1-Day,,,DEC-2023,KMHCBACB9H1, ,N/A,Hyundai,Ioniq 5, ,2022, ,e3e4516cdf04334,609, ,In-Vehicle (Commercial / Test),"[REDACTED, MAY CONTAIN CONFIDENTIAL BUSINESS INFORMATION]", ,Y,"[REDACTED, MAY CONTAIN CONFIDENTIAL BUSINESS INFORMATION]", ,Y,"[REDACTED, MAY CONTAIN CONFIDENTIAL BUSINESS INFORMATION]", ,Y,, ,Y,Part 591 Exemption granted by permission letter from NHTSA,, , ,Yes (specify below),Nevada,Yes,ADS,Motional, , , , ,Y, , , ,,DEC-2023, ,DEC-2023,13:24, ,670484ffbbaf0e4,[MAY CONTAIN PERSONALLY IDENTIFIABLE INFORMATION], ,[MAY CONTAIN PERSONALLY IDENTIFIABLE INFORMATION], ,[MAY CONTAIN PERSONALLY IDENTIFIABLE INFORMATION], ,Las Vegas, ,NV ,[MAY CONTAIN PERSONALLY IDENTIFIABLE INFORMATION], ,Intersection,Dry,No Unusual Conditions,15, ,Daylight,Y, , , , , , , ,,SUV,No Injuries Reported,Yes,Making Right Turn,No,No, , ,Y, , ,Y, , , , , ,Proceeding Straight,No,Yes,Yes,0, , , , , , , ,Y,Y, , , , , , , ,Y, , , ,No,, ,Yes,, ,, ,, ,"[REDACTED, MAY CONTAIN CONFIDENTIAL BUSINESS INFORMATION]",Y,"The Motional vehicle was traveling in autonomous mode [REDACTED, MAY CONTAIN CONFIDENTIAL BUSINESS INFORMATION] (a two-lane road with traffic in two directions), heading toward [REDACTED, MAY CONTAIN CONFIDENTIAL BUSINESS INFORMATION].  The Motional vehicle braked as it began to pass the exit driveway of a parking garage that perpendicularly intersects the eastbound lane of [REDACTED, MAY CONTAIN CONFIDENTIAL BUSINESS INFORMATION]. The braking occurred when the Motional vehicle perceived a black SUV traveling north, quickly exiting the garage driveway toward [REDACTED, MAY CONTAIN CONFIDENTIAL BUSINESS INFORMATION].  That SUV had not stopped at a stop sign at the garage exit.  Instead, after passing the stop sign the SUV  slowed but may not have come to a complete stop before traversing the crosswalk and entering [REDACTED, MAY CONTAIN CONFIDENTIAL BUSINESS INFORMATION].  The SUV then entered [REDACTED, MAY CONTAIN CONFIDENTIAL BUSINESS INFORMATION] and struck and damaged the rear right side panel and rear bumper of the Motional vehicle. Although driveable, the Motional vehicle was towed from the scene as a precaution.  No injuries were reported, and law enforcement was not involved.",Y
30270-6765,1,Waymo LLC,5-Day,,,DEC-2023,SADHW2S17M1, ,N/A,Jaguar,I-Pace, ,2021, ,babd9e394701cba,86018, ,None,5th Generation, , ,5th Generation, , ,Version 8, , ,, ,Y,,, ,Y,Yes (specify below),ADOT,Yes,ADS,Waymo LLC, , ,Y, , , , , ,,NOV-2023, ,NOV-2023,17:40, ,94b0ffeeebb0686,[MAY CONTAIN PERSONALLY IDENTIFIABLE INFORMATION], ,[MAY CONTAIN PERSONALLY IDENTIFIABLE INFORMATION], ,[MAY CONTAIN PERSONALLY IDENTIFIABLE INFORMATION], ,Scottsdale, ,AZ ,[MAY CONTAIN PERSONALLY IDENTIFIABLE INFORMATION], ,Intersection,Wet,No Unusual Conditions,45, ,Dark - Lighted, , , , ,Y, , , ,,Passenger Car,No Injuries Reported,Yes,Proceeding Straight,No,No, , ,Y, , ,Y, , ,Y, , ,Stopped,No,Yes,Yes,0, ,Y, , ,Y, , ,Y, , , , , , ,Y, ,Y,Y, , ,Yes,Scottsdale Police Department, ,Yes,,Y,,Y,,Y,Yes, ,"On November [XXX], 2023 at 5:40 PM PT a Waymo Autonomous Vehicle (Waymo AV) operating in Scottsdale, Arizona was in a collision involving a passenger car on [XXX] and [XXX]. 
The Waymo AV was traveling northbound on [XXX] and was approaching the intersection with [XXX], when it detected an approaching emergency vehicle, which was traveling southbound on [XXX] and approaching the intersection with [XXX]. The Waymo AV braked to a stop soon after passing the nearside crosswalk in an attempt to keep the intersection clear for the emergency vehicle. A passenger vehicle approached from behind and then made contact with the rear of the Waymo AV. At the time of the impact, the Waymo AVs Level 4 ADS was engaged in autonomous mode. Both vehicles sustained damage.
Waymo is reporting this crash under Request No. 1 of Standing General Order 2021-01 because a vehicle involved was towed away. Waymo may supplement or correct its reporting with additional information as it may become available.",
30270-6668,1,Waymo LLC,Monthly,10,2023,NOV-2023,SADHW2S12M1, ,N/A,Jaguar,I-Pace, ,2023, ,fb102df46e11179,54469, ,None,5th Generation, , ,5th Generation, , ,Version 8, , ,, ,Y,,, ,Y,Yes (specify below),ADOT,Yes,ADS,Waymo LLC, , ,Y, , , , , ,,OCT-2023, ,OCT-2023,11:04, ,e1a078add1d307e,[MAY CONTAIN PERSONALLY IDENTIFIABLE INFORMATION], ,[MAY CONTAIN PERSONALLY IDENTIFIABLE INFORMATION], ,[MAY CONTAIN PERSONALLY IDENTIFIABLE INFORMATION], ,Tempe, ,AZ ,[MAY CONTAIN PERSONALLY IDENTIFIABLE INFORMATION], ,Intersection,Dry,No Unusual Conditions,25, ,Daylight,Y, , , , , , , ,,Passenger Car,No Injuries Reported,Yes,Proceeding Straight,No,No, , , , , , , , ,Y, , ,Making Right Turn,No,No,No Passengers in Vehicle,3, ,Y, , , , , , , , , , , , ,Y, ,Y,Y, , ,No,, ,Yes,, ,, ,, ,Yes, ,"On October [XXX], 2023 at 11:04 AM PT a Waymo Autonomous Vehicle (Waymo AV) operating in Tempe, AZ was in a collision involving a passenger car on [XXX] and [XXX]. 
The Waymo AV was traveling southeast on [XXX] when it slowed to stop for a red traffic light at the intersection with [XXX]. The front of the passenger car that was traveling behind the Waymo AV made contact with the rear of the Wamyo AV. At the time of the impact, the Waymo AVs Level 4 ADS was engaged in autonomous mode. Both vehicles sustained damage.
Waymo is reporting this crash under Request No. 2 of Standing General Order 2021-01.",
30270-6664,1,Waymo LLC,Monthly,10,2023,NOV-2023,SADHW2S14M1, ,N/A,Jaguar,I-Pace, ,2021, ,09f6e9bd642f040,82124, ,None,5th Generation, , ,5th Generation, , ,Version 8, , ,, ,Y,,, ,Y,Yes (specify below),ADOT						,Yes,ADS,Waymo LLC, , ,Y, , , , , ,,OCT-2023, ,OCT-2023,18:02, ,77012ffc07d558c,[MAY CONTAIN PERSONALLY IDENTIFIABLE INFORMATION], ,[MAY CONTAIN PERSONALLY IDENTIFIABLE INFORMATION], ,[MAY CONTAIN PERSONALLY IDENTIFIABLE INFORMATION], ,Phoenix, ,AZ ,[MAY CONTAIN PERSONALLY IDENTIFIABLE INFORMATION], ,Parking Lot,Dry,No Unusual Conditions,15, ,Dawn / Dusk,Y, , , , , , , ,,Van,No Injuries Reported,Yes,Proceeding Straight,No,No, , , , , , , ,Y, , , ,Stopped,No,No,No Passengers in Vehicle,0, ,Y, , , , , , , , , , , , ,Y, ,Y,Y, , ,No,, ,Yes,, ,, ,, ,Yes, ,"On October [XXX], 2023 at 6:02 PM PT a Waymo Autonomous Vehicle (Waymo AV) operating in Phoenix, Arizona was in a collision involving a shuttle van in a parking lot at [XXX]. 
The Waymo AV was stopped in the parking lot at [XXX] when a shuttle van passed the Waymo AV. As the van was passing behind the Waymo AV, the right side of the van made contact with the rear left corner of the Waymo AV. At the time of the impact, the Waymo AVs Level 4 ADS was engaged in autonomous mode. The Waymo AV sustained damage.
Waymo is reporting this crash under Request No. 2 of Standing General Order 2021-01.",
30413-6684,1,May Mobility,Monthly,10,2023,NOV-2023,5TDYRKEC9MS, ,N/A,Toyota,Sienna, ,2021, ,1d51bed7f4387da,20960, ,In-Vehicle (Commercial / Test),4, , ,4, , ,4, , ,, ,Y,,, ,Y,Unknown,,Yes,ADS,May Mobility, , , , ,Y, , , ,,OCT-2023, ,OCT-2023,10:03, ,0bb88b017273830,[MAY CONTAIN PERSONALLY IDENTIFIABLE INFORMATION], ,[MAY CONTAIN PERSONALLY IDENTIFIABLE INFORMATION], ,[MAY CONTAIN PERSONALLY IDENTIFIABLE INFORMATION], ,Grand Rapids, ,MN ,[MAY CONTAIN PERSONALLY IDENTIFIABLE INFORMATION], ,Street,Dry,No Unusual Conditions,30, ,Daylight, , ,Y, , , , , ,,Other Fixed Object,No Injuries Reported,No,,,, , , , , , , , , , , ,Proceeding Straight,No,No,Yes,27, , , , , , ,Y, , ,Y, , , , , , ,Y, , , ,No,, ,No,, ,, ,, ,Yes, ,"The May vehicle was traveling eastbound on [XXX] in autonomy. The vehicles internal facing cameras show that the operator started to fall asleep while applying physical input to the steering wheel. The road started to bend to the left. The physical input from the operator was enough to deviate the vehicle from its intended path but not enough to trigger an intervention and take the vehicle out of autonomy. The vehicle, going straight as the road curved, then struck the curb, resulting in minor vehicle damage. Due to the vehicle being off path, the vehicle begins to stop. This occurs as the operator wakes up. The operator was not injured and no third parties were impacted or otherwise affected by the incident. 
The local May Mobility site staff did not notice any signs of fatigue from this operator prior to going out in the vehicle. The operator had responded to audio check-ins from site staff at a regular interval. We are exploring additional risk mitigation options for in-cabin health monitoring, in addition to the existing cameras and radio check-ins.",
540-6468,2,"General Motors, LLC",Update,,,NOV-2023,5G21A6P05P4, ,N/A,Cruise,AV, ,2023, ,d1dc1e37d4e7591,9518, ,Remote (Commercial / Test),,Y, ,,Y, ,,Y, ,Cruise LLC, , ,,, ,Y,No,,Yes,ADS,Cruise LLC, , ,Y, ,Y, , , ,,SEP-2023, ,NOV-2023,22:36, ,3bc34604bd403d1,[MAY CONTAIN PERSONALLY IDENTIFIABLE INFORMATION], ,[MAY CONTAIN PERSONALLY IDENTIFIABLE INFORMATION], ,[MAY CONTAIN PERSONALLY IDENTIFIABLE INFORMATION], ,Austin, ,TX ,[MAY CONTAIN PERSONALLY IDENTIFIABLE INFORMATION], ,Intersection,Dry,No Unusual Conditions,30, ,Dark - Lighted,Y, , , , , , , ,,SUV,No Injuries Reported,Yes,Proceeding Straight,No,No, , , , , , , , ,Y, , ,Changing Lanes,No,No,Yes,24, , ,Y, , , , , , , , , ,Y, ,Y, ,Y,Y, , ,No,, ,Yes,, ,, ,, ,"Unknown, see Narrative", ,"On November 15, 2023, GM Cruise Holdings LLC (""Cruise"") filed an updated Incident Report (the ""Report"") under the Second Amended Standing General Order 2021-01, dated April 5, 2023 (the ""Order"") General Motors LLC (GM) manufactured the Cruise-operated motor vehicle involved in the incident summarized in the Incident Report. Because GM is also a Reporting Entity under the Order, GM is submitting a duplicate of the redacted public copy of the Report. GM has selected ""Unknown"" in the ""ADS version"" and ""ODD time"" fields solely to avoid a second submission of nonpublic Cruise CBI GM is in possession of Cruise's responses to these fields, and incorporates Cruise's responses into this submission by reference. GM's submission is based on facts supplied to GM by Cruise. GM has not investigated the alleged incident and currently believes, based on a reasonable inquiry, that it has no independent knowledge of the facts in the Report. (Reference file: 30412-6445-2)",
30412-6445,2,Cruise LLC,Update,,,NOV-2023,5G21A6P05P4, ,N/A,Cruise,AV, ,2023, ,d1dc1e37d4e7591,9518, ,Remote (Commercial / Test),"[REDACTED, MAY CONTAIN CONFIDENTIAL BUSINESS INFORMATION]", ,Y,"[REDACTED, MAY CONTAIN CONFIDENTIAL BUSINESS INFORMATION]", ,Y,"[REDACTED, MAY CONTAIN CONFIDENTIAL BUSINESS INFORMATION]", ,Y,"General Motors, LLC", , ,,, ,Y,No,,Yes,ADS,Cruise LLC, , ,Y, ,Y, , , ,,SEP-2023, ,SEP-2023,22:36, ,3bc34604bd403d1,[MAY CONTAIN PERSONALLY IDENTIFIABLE INFORMATION], ,[MAY CONTAIN PERSONALLY IDENTIFIABLE INFORMATION], ,[MAY CONTAIN PERSONALLY IDENTIFIABLE INFORMATION], ,Austin, ,TX ,[MAY CONTAIN PERSONALLY IDENTIFIABLE INFORMATION], ,Intersection,Dry,No Unusual Conditions,30, ,Dark - Lighted,Y, , , , , , , ,,SUV,No Injuries Reported,Yes,Proceeding Straight,No,No, , , , , , , , ,Y, , ,Changing Lanes,No,No,Yes,24, , ,Y, , , , , , , , , ,Y, ,Y, ,Y,Y, , ,No,, ,Yes,, ,, ,, ,"[REDACTED, MAY CONTAIN CONFIDENTIAL BUSINESS INFORMATION]",Y,"There are updates related to this incident since the original submission (30412-6445-1) on October 12, 2023. A Cruise autonomous vehicle (""AV""), operating in driverless autonomous mode, was traveling eastbound on [XXX] in the third lane from the left between [XXX] and [XXX]. As the AV approached the intersection with [XXX], the AV began changing lanes into the left adjacent lane of travel and, shortly thereafter, made contact with a black Cadillac Escalade traveling behind and to the left of the AV in the adjacent lane. This caused damage to the AV's front and rear driver side doors. The parties exchanged information and there were no reported injuries. [REDACTED, MAY CONTAIN CONFIDENTIAL BUSINESS INFORMATION]",Y
540-6644,1,"General Motors, LLC",Monthly,10,2023,NOV-2023,5G21A6P03P4, ,N/A,Cruise,AV, ,2023, ,5110d23f90cc3a5,7929, ,Remote (Commercial / Test),,Y, ,,Y, ,,Y, ,Cruise LLC, , ,,, ,Y,No,,Yes,ADS,Cruise LLC, , ,Y, ,Y, , , ,,OCT-2023, ,NOV-2023,02:24, ,167c0e19aa7af30,[MAY CONTAIN PERSONALLY IDENTIFIABLE INFORMATION], ,[MAY CONTAIN PERSONALLY IDENTIFIABLE INFORMATION], ,[MAY CONTAIN PERSONALLY IDENTIFIABLE INFORMATION], ,Houston, ,TX ,[MAY CONTAIN PERSONALLY IDENTIFIABLE INFORMATION], ,Street,Dry,No Unusual Conditions,25, ,Dark - Lighted,Y, , , , , , , ,,Passenger Car,No Injuries Reported,Yes,Proceeding Straight,No,No, , , ,Y, , , , , , , ,Proceeding Straight,No,No,No Passengers in Vehicle,5, , , , , , ,Y, , ,Y, , ,Y, ,Y, ,Y,Y, , ,Yes,Houston Police Department, ,Yes,[MAY CONTAIN PERSONALLY IDENTIFIABLE INFORMATION], ,,Y,,Y,"Unknown, see Narrative", ,"On November 13, 2023, GM Cruise Holdings LLC (""Cruise"") filed an Incident Report (the ""Report"") under the Second Amended Standing General Order 2021-01, dated April 5, 2023 (the ""Order"") General Motors LLC (GM) manufactured the Cruise-operated motor vehicle involved in the incident summarized in the Incident Report. Because GM is also a Reporting Entity under the Order, GM is submitting a duplicate of the redacted public copy of the Report. GM has selected ""Unknown"" in the ""ADS version"" and ""ODD time"" fields solely to avoid a second submission of nonpublic Cruise CBI GM is in possession of Cruise's responses to these fields, and incorporates Cruise's responses into this submission by reference. GM's submission is based on facts supplied to GM by Cruise. GM has not investigated the alleged incident and currently believes, based on a reasonable inquiry, that it has no independent knowledge of the facts in the Report. (Reference file: 30412-6597-1).",
540-6642,1,"General Motors, LLC",Monthly,10,2023,NOV-2023,5G21A6P03P4, ,N/A,Cruise,AV, ,2023, ,438c22f3ff264b2,10601, ,Remote (Commercial / Test),,Y, ,,Y, ,,Y, ,Cruise LLC, , ,,, ,Y,No,,Yes,ADS,Cruise LLC, , ,Y, ,Y, , , ,,OCT-2023, ,OCT-2023,05:01, ,289362c589bd4da,[MAY CONTAIN PERSONALLY IDENTIFIABLE INFORMATION], ,[MAY CONTAIN PERSONALLY IDENTIFIABLE INFORMATION], ,[MAY CONTAIN PERSONALLY IDENTIFIABLE INFORMATION], ,Austin, ,TX ,[MAY CONTAIN PERSONALLY IDENTIFIABLE INFORMATION], ,Intersection,Dry,No Unusual Conditions,25, ,Dark - Lighted,Y, , , , , , , ,,Pickup Truck,No Injuries Reported,Yes,Proceeding Straight,No,No, , , , , , , ,Y,Y, , ,Stopped,No,No,No Passengers in Vehicle,0, , ,Y, , , , , , , , , ,Y, ,Y, ,Y,Y, , ,No,, ,Yes,, ,, ,, ,"Unknown, see Narrative", ,"On November 13, 2023, GM Cruise Holdings LLC (""Cruise"") filed an Incident Report (the ""Report"") under the Second Amended Standing General Order 2021-01, dated April 5, 2023 (the ""Order"") General Motors LLC (GM) manufactured the Cruise-operated motor vehicle involved in the incident summarized in the Incident Report. Because GM is also a Reporting Entity under the Order, GM is submitting a duplicate of the redacted public copy of the Report. GM has selected ""Unknown"" in the ""ADS version"" and ""ODD time"" fields solely to avoid a second submission of nonpublic Cruise CBI GM is in possession of Cruise's responses to these fields, and incorporates Cruise's responses into this submission by reference. GM's submission is based on facts supplied to GM by Cruise. GM has not investigated the alleged incident and currently believes, based on a reasonable inquiry, that it has no independent knowledge of the facts in the Report. (Reference file: 30412-6596-1).
.",
30610-6635,1,"Zoox, Inc.",Monthly,10,2023,NOV-2023,5TDDGRFHXHS, ,N/A,Toyota,Highlander, ,2017, ,51988d6db1dbf10,54622, ,In-Vehicle (Commercial / Test),176.23.10.27, , ,176.23.10.27, , ,176.23.10.27, , ,, ,Y,,, ,Y,Yes (specify below),WA AV Certification and SDOT AV Permit,Yes,ADS,Zoox, , , , ,Y,Y, , ,,OCT-2023, ,OCT-2023,09:53, ,c68bf3df2aa3e5a,[MAY CONTAIN PERSONALLY IDENTIFIABLE INFORMATION], ,[MAY CONTAIN PERSONALLY IDENTIFIABLE INFORMATION], ,[MAY CONTAIN PERSONALLY IDENTIFIABLE INFORMATION], ,Seattle, ,WA ,[MAY CONTAIN PERSONALLY IDENTIFIABLE INFORMATION], ,Street,Dry,No Unusual Conditions,25, ,Daylight,Y, , , , , , , ,,Passenger Car,No Injuries Reported,Yes,Changing Lanes,No,No, ,Y, , , , , , , , , ,Proceeding Straight,No,No,Yes,12, , , , , , , , , ,Y, , , , ,Y, ,Y, , , ,No,, ,No,, ,, ,, ,Yes, ,"A Zoox vehicle in autonomy was traveling in the left travel lane of westbound [XXX] between [XXX] and [XXX] while passing a parked wide delivery truck, when a passenger car traveling ahead in the right lane abruptly steered into the Zoox travel lane without using a turn indicator. The Zoox vehicle braked aggressively in autonomy and the safety operator disengaged and conducted additional manual braking, but the collision was unavoidable. The driver of the passenger car left the scene without exchanging information. The Zoox vehicle sustained moderate damage. There were no injuries reported and the police were not called.",
540-6629,1,"General Motors, LLC",Monthly,10,2023,NOV-2023,5G21A6P03P4, ,N/A,Cruise,AV, ,2023, ,04d7711d5ebebe0,12551, ,Remote (Commercial / Test),,Y, ,,Y, ,,Y, ,Cruise LLC, , ,,, ,Y,No,,Yes,ADS,Cruise LLC, , ,Y, ,Y, , , ,,OCT-2023, ,NOV-2023,01:51, ,0094d46307334a0,[MAY CONTAIN PERSONALLY IDENTIFIABLE INFORMATION], ,[MAY CONTAIN PERSONALLY IDENTIFIABLE INFORMATION], ,[MAY CONTAIN PERSONALLY IDENTIFIABLE INFORMATION], ,Austin, ,TX ,[MAY CONTAIN PERSONALLY IDENTIFIABLE INFORMATION], ,Intersection,Dry,No Unusual Conditions,25, ,Dark - Lighted,Y, , , , , , , ,,Pickup Truck,No Injuries Reported,Yes,Proceeding Straight,No,No, , ,Y, , , , , , , , ,Stopped,No,No,No Passengers in Vehicle,0, , , , , , , ,Y, , , , ,Y, ,Y, ,Y,Y, , ,No,, ,Yes,, ,, ,, ,"Unknown, see Narrative", ,"On November 13, 2023, GM Cruise Holdings LLC (""Cruise"") filed an Incident Report (the ""Report"") under the Second Amended Standing General Order 2021-01, dated April 5, 2023 (the ""Order"") General Motors LLC (GM) manufactured the Cruise-operated motor vehicle involved in the incident summarized in the Incident Report. Because GM is also a Reporting Entity under the Order, GM is submitting a duplicate of the redacted public copy of the Report. GM has selected ""Unknown"" in the ""ADS version"" and ""ODD time"" fields solely to avoid a second submission of nonpublic Cruise CBI GM is in possession of Cruise's responses to these fields, and incorporates Cruise's responses into this submission by reference. GM's submission is based on facts supplied to GM by Cruise. GM has not investigated the alleged incident and currently believes, based on a reasonable inquiry, that it has no independent knowledge of the facts in the Report. (Reference file: 30412-6614-1)",
30412-6614,1,Cruise LLC,Monthly,10,2023,NOV-2023,5G21A6P03P4, ,N/A,Cruise,AV, ,2023, ,04d7711d5ebebe0,12551, ,Remote (Commercial / Test),"[REDACTED, MAY CONTAIN CONFIDENTIAL BUSINESS INFORMATION]", ,Y,"[REDACTED, MAY CONTAIN CONFIDENTIAL BUSINESS INFORMATION]", ,Y,"[REDACTED, MAY CONTAIN CONFIDENTIAL BUSINESS INFORMATION]", ,Y,"General Motors, LLC", , ,,, ,Y,No,,Yes,ADS,Cruise LLC, , ,Y, ,Y, , , ,,OCT-2023, ,OCT-2023,01:51, ,0094d46307334a0,[MAY CONTAIN PERSONALLY IDENTIFIABLE INFORMATION], ,[MAY CONTAIN PERSONALLY IDENTIFIABLE INFORMATION], ,[MAY CONTAIN PERSONALLY IDENTIFIABLE INFORMATION], ,Austin, ,TX ,[MAY CONTAIN PERSONALLY IDENTIFIABLE INFORMATION], ,Intersection,Dry,No Unusual Conditions,25, ,Dark - Lighted,Y, , , , , , , ,,Pickup Truck,No Injuries Reported,Yes,Proceeding Straight,No,No, , ,Y, , , , , , , , ,Stopped,No,No,No Passengers in Vehicle,0, , , , , , , ,Y, , , , ,Y, ,Y, ,Y,Y, , ,No,, ,Yes,, ,, ,, ,"[REDACTED, MAY CONTAIN CONFIDENTIAL BUSINESS INFORMATION]",Y,"A Cruise autonomous vehicle (""AV""), operating in driverless autonomous mode, was at a complete stop in response to a red light on northbound [XXX] at the intersection with [XXX]. While the AV was fully stopped, a Chevrolet pickup truck approaching from the rear failed to stop and made contact with the AV's rear bumper, damaging the rear passenger side bumper fascia and rear passenger side headlamp assembly of the AV. The driver of the Chevrolet pickup truck left the scene without exchanging information. There were no reported injuries. [REDACTED, MAY CONTAIN CONFIDENTIAL BUSINESS INFORMATION]",Y
30412-6597,1,Cruise LLC,Monthly,10,2023,NOV-2023,5G21A6P03P4, ,N/A,Cruise,AV, ,2023, ,5110d23f90cc3a5,7929, ,Remote (Commercial / Test),"[REDACTED, MAY CONTAIN CONFIDENTIAL BUSINESS INFORMATION]", ,Y,"[REDACTED, MAY CONTAIN CONFIDENTIAL BUSINESS INFORMATION]", ,Y,"[REDACTED, MAY CONTAIN CONFIDENTIAL BUSINESS INFORMATION]", ,Y,"General Motors, LLC", , ,,, ,Y,No,,Yes,ADS,Cruise LLC, , ,Y, ,Y, , , ,,OCT-2023, ,OCT-2023,02:24, ,167c0e19aa7af30,[MAY CONTAIN PERSONALLY IDENTIFIABLE INFORMATION], ,[MAY CONTAIN PERSONALLY IDENTIFIABLE INFORMATION], ,[MAY CONTAIN PERSONALLY IDENTIFIABLE INFORMATION], ,Houston, ,TX ,[MAY CONTAIN PERSONALLY IDENTIFIABLE INFORMATION], ,Street,Dry,No Unusual Conditions,25, ,Dark - Lighted,Y, , , , , , , ,,Passenger Car,No Injuries Reported,Yes,Proceeding Straight,No,No, , , ,Y, , , , , , , ,Proceeding Straight,No,No,No Passengers in Vehicle,5, , , , , , ,Y, , ,Y, , ,Y, ,Y, ,Y,Y, , ,Yes,Houston Police Department, ,Yes,[MAY CONTAIN PERSONALLY IDENTIFIABLE INFORMATION], ,,Y,,Y,"[REDACTED, MAY CONTAIN CONFIDENTIAL BUSINESS INFORMATION]",Y,"A Cruise autonomous vehicle (""AV""), operating in driverless autonomous mode, was traveling southbound on [XXX] btween [XXX] and [XXX]. A Buick Verano traveling southbound on[XXX] in the adjacent lane began to pass the AV before veering into the AV's lane of travel and abruptly braking. The AV braked in response while the Buick Verano then proceeded forward. The Buick Verano abruptly braked in front of the AV an additional four times with the AV braking in response each time. After passing the intersection with [XXX], the Buick Verano abruptly braked for the sixth time. The AV braked in response but made contact with the rear of the Buick Verano. This caused no damage to the AV. The parties exchanged information. There were no reported injuries and the driver of the Buick Verano later reported damages. [REDACTED, MAY CONTAIN CONFIDENTIAL BUSINESS INFORMATION]",Y
30412-6596,1,Cruise LLC,Monthly,10,2023,NOV-2023,5G21A6P03P4, ,N/A,Cruise,AV, ,2023, ,438c22f3ff264b2,10601, ,Remote (Commercial / Test),"[REDACTED, MAY CONTAIN CONFIDENTIAL BUSINESS INFORMATION]", ,Y,"[REDACTED, MAY CONTAIN CONFIDENTIAL BUSINESS INFORMATION]", ,Y,"[REDACTED, MAY CONTAIN CONFIDENTIAL BUSINESS INFORMATION]", ,Y,"General Motors, LLC", , ,,, ,Y,No,,Yes,ADS,Cruise LLC, , ,Y, ,Y, , , ,,OCT-2023, ,OCT-2023,05:01, ,289362c589bd4da,[MAY CONTAIN PERSONALLY IDENTIFIABLE INFORMATION], ,[MAY CONTAIN PERSONALLY IDENTIFIABLE INFORMATION], ,[MAY CONTAIN PERSONALLY IDENTIFIABLE INFORMATION], ,Austin, ,TX ,[MAY CONTAIN PERSONALLY IDENTIFIABLE INFORMATION], ,Intersection,Dry,No Unusual Conditions,25, ,Dark - Lighted,Y, , , , , , , ,,Pickup Truck,No Injuries Reported,Yes,Proceeding Straight,No,No, , , , , , , ,Y,Y, , ,Stopped,No,No,No Passengers in Vehicle,0, , ,Y, , , , , , , , , ,Y, ,Y, ,Y,Y, , ,No,, ,Yes,, ,, ,, ,"[REDACTED, MAY CONTAIN CONFIDENTIAL BUSINESS INFORMATION]",Y,"A Cruise autonomous vehicle (""AV""), operating in driverless autonomous mode, was at a complete stop in response to a red light in the rightmost lane on westbound [XXX] at the intersection with [XXX]. While the AV was fully stopped, a pickup truck approaching from behind and to the left of the AV made contact with the AV, damaging the front driver side radar assembly of the AV. The driver of the pickup truck left the scene without exchanging information. There were no reported injuries. [REDACTED, MAY CONTAIN CONFIDENTIAL BUSINESS INFORMATION]",Y
30610-6592,2,"Zoox, Inc.",10-Day Update,,,NOV-2023,5TDDGRFH9HS, ,N/A,Toyota,Highlander, ,2017, ,1ad5c4088dedf55,65425, ,In-Vehicle (Commercial / Test),191.23.11.07, , ,191.23.11.07, , ,191.23.11.07, , ,, ,Y,,, ,Y,Yes (specify below),WA AV Certification and SDOT AV Permit,Yes,ADS,Zoox, , , , ,Y,Y, , ,,NOV-2023, ,NOV-2023,22:16, ,42a6ee3cc17dddb,[MAY CONTAIN PERSONALLY IDENTIFIABLE INFORMATION], ,[MAY CONTAIN PERSONALLY IDENTIFIABLE INFORMATION], ,[MAY CONTAIN PERSONALLY IDENTIFIABLE INFORMATION], ,Seattle, ,WA ,[MAY CONTAIN PERSONALLY IDENTIFIABLE INFORMATION], ,Street,Dry,No Unusual Conditions,25, ,Dark - Lighted,Y, , , , , , , ,,"Other, see Narrative",Minor,No,Proceeding Straight,Not Applicable,No, , , , , ,Y, , , , , ,Stopped,No,No,Yes,0, , , , ,Y, , , , , , , , , ,Y, ,Y, , , ,Yes,Seattle Police, ,No,[MAY CONTAIN PERSONALLY IDENTIFIABLE INFORMATION], ,,Y,,Y,Yes, ,"A Zoox vehicle in autonomy was stopped at a stop sign on southbound [XXX] at [XXX] waiting for a crossing vehicle to clear the intersection, when it was rear-ended by an e-scooter rider. The e-scooter rider initially passed the slowing Zoox vehicle while traveling on northbound [XXX], but then made a mid-block U-turn and rode into the rear of the then-stopped Zoox vehicle in a visibly deliberate manner. The contact resulted in minor scratches on the rear bumper of the Zoox vehicle. The e-scooter rider did not initially indicate that they were injured, and the Zoox operator drove through the intersection to a safe pullover location to assess the damage however, the e-scooter rider later indicated that their ""foot hurts"". The Police and EMS were then called to the scene, and the e-scooter rider apparently received medical attention and was released. This update provides complete information to date for this incident.",