Report ID,Report Version,Reporting Entity,Report Type,Report Month,Report Year,Report Submission Date,VIN,VIN - Unknown,Serial Number,Make,Model,Model - Unknown,Model Year,Model Year - Unknown,Same Vehicle ID,Mileage,Mileage - Unknown,Driver / Operator Type,ADAS/ADS System Version,ADAS/ADS System Version - Unk,ADAS/ADS System Version CBI,ADAS/ADS Hardware Version,ADAS/ADS Hardware Version - Unk,ADAS/ADS Hardware Version CBI,ADAS/ADS Software Version,ADAS/ADS Software Version - Unk,ADAS/ADS Software Version CBI,Other Reporting Entities?,Other Reporting Entities? - Unk,Other Reporting Entities? - NA,Federal Regulatory Exemption?,Other Federal Reg. Exemption,Federal Reg. Exemption - Unk,Federal Reg. Exemption - No,State or Local Permit?,State or Local Permit,ADS Equipped?,Automation System Engaged?,Operating Entity,Operating Entity - Unknown,Source - Complaint/Claim,Source - Telematics,Source - Law Enforcement,Source - Field Report,Source - Testing,Source - Media,Source - Other,Source - Other Text,Incident Date,Incident Date - Unknown,Notice Received Date,Incident Time (24:00),Incident Time - Unknown,Same Incident ID,Latitude,Latitude - Unknown,Longitude,Longitude - Unknown,Address,Address - Unknown,City,City - Unknown,State,Zip Code,Zip Code - Unknown,Roadway Type,Roadway Surface,Roadway Description,Posted Speed Limit (MPH),Posted Speed Limit - Unknown,Lighting,Weather - Clear,Weather - Snow,Weather - Cloudy,Weather - Fog/Smoke,Weather - Rain,Weather - Severe Wind,Weather - Unknown,Weather - Other,Weather - Other Text,Crash With,Highest Injury Severity Alleged,Property Damage?,CP Pre-Crash Movement,CP Any Air Bags Deployed?,CP Was Vehicle Towed?,CP Contact Area - Rear Left,CP Contact Area - Left,CP Contact Area - Front Left,CP Contact Area - Rear,CP Contact Area - Top,CP Contact Area - Front,CP Contact Area - Rear Right,CP Contact Area - Right,CP Contact Area - Front Right,CP Contact Area - Bottom,CP Contact Area - Unknown,SV Pre-Crash Movement,SV Any Air Bags Deployed?,SV Was Vehicle Towed?,SV Were All Passengers Belted?,SV Precrash Speed (MPH),SV Pre-crash Speed - Unknown,SV Contact Area - Rear Left,SV Contact Area - Left,SV Contact Area - Front Left,SV Contact Area - Rear,SV Contact Area - Top,SV Contact Area - Front,SV Contact Area - Rear Right,SV Contact Area - Right,SV Contact Area - Front Right,SV Contact Area - Bottom,SV Contact Area - Unknown,Data Availability - EDR,Data Availability - Police Rpt,Data Availability - Telematics,Data Availability - Complaints,Data Availability - Video,Data Availability - Other,Data Availability - No Data,Data Availability - Unknown,Law Enforcement Investigating?,Investigating Agency,Investigating Agency - Unknown,Rep Ent Or Mfr Investigating?,Investigating Officer Name,Inv. Officer Name - Unknown,Investigating Officer Phone,Inv. Officer Phone - Unknown,Investigating Officer Email,Inv. Officer Email - Unknown,Within ODD?,Within ODD? - CBI,Narrative,Narrative - CBI?
30410-5786,2,Motional,Update,,,JUL-2023,KMHKM4AE9M1, ,N/A,Hyundai,Ioniq 5, ,2021, ,6dbef6b4d4ef3c4,5581, ,In-Vehicle (Commercial / Test),"[REDACTED, MAY CONTAIN CONFIDENTIAL BUSINESS INFORMATION]", ,Y,"[REDACTED, MAY CONTAIN CONFIDENTIAL BUSINESS INFORMATION]", ,Y,"[REDACTED, MAY CONTAIN CONFIDENTIAL BUSINESS INFORMATION]", ,Y,, ,Y,Part 591 Exemption granted by permission letter from NHTSA,, , ,Yes (specify below),Nevada,Yes,ADS,Motional, , , , ,Y, , , ,,JUN-2023, ,JUN-2023,21:42, ,fdceba88754ba36,[MAY CONTAIN PERSONALLY IDENTIFIABLE INFORMATION], ,[MAY CONTAIN PERSONALLY IDENTIFIABLE INFORMATION], ,[MAY CONTAIN PERSONALLY IDENTIFIABLE INFORMATION], ,Las Vegas, ,NV ,[MAY CONTAIN PERSONALLY IDENTIFIABLE INFORMATION], ,Intersection,Dry,Traffic Incident,15, ,Dark - Lighted,Y, , , , , , , ,,Passenger Car,Minor,Yes,Making Left Turn,No,No, , ,Y, , ,Y, , , , , ,Making Left Turn,No,No,Yes,3, ,Y, , ,Y, , , , , , , , , , , ,Y, , , ,No,, ,Yes,, ,, ,, ,"[REDACTED, MAY CONTAIN CONFIDENTIAL BUSINESS INFORMATION]",Y,"On June [XXX], 2023, at 9:42 PM PDT, a Motional Hyundai Ioniq 5 was operating in autonomous mode with a safety driver at the wheel and a safety operator in the front passenger seat.
 
The Motional vehicle was northbound on [XXX], in the left-most of two left turn lanes, turning onto [XXX] at 10 MPH. The Motional vehicle then braked for an approaching taxi in the adjacent turn lane that was perceived to be crossing into the lane of the Motional vehicle and was rear-ended by a silver Toyota traveling behind it.",
30270-5896,1,Waymo LLC,5-Day,,,JUL-2023,SADHW2S13M1, ,N/A,Jaguar,I-Pace, ,2021, ,674ecd091eec275,47784, ,None,5th Generation, , ,5th Generation, , ,Version 8, , ,, ,Y,,, ,Y,Yes (specify below),ADOT,Yes,ADS,Waymo LLC, , ,Y, , , , , ,,JUL-2023, ,JUL-2023,18:13, ,7af239ffdf71359,[MAY CONTAIN PERSONALLY IDENTIFIABLE INFORMATION], ,[MAY CONTAIN PERSONALLY IDENTIFIABLE INFORMATION], ,[MAY CONTAIN PERSONALLY IDENTIFIABLE INFORMATION], ,Chandler, ,AZ ,[MAY CONTAIN PERSONALLY IDENTIFIABLE INFORMATION], ,Intersection,Dry,No Unusual Conditions,25, ,Daylight,Y, , , , , , , ,,Passenger Car,No Injuries Reported,Yes,Crossing into Opposing Lane,No,Yes, ,Y,Y, , ,Y, , , , , ,Stopped,No,No,No Passengers in Vehicle,0, , , ,Y, , ,Y, , ,Y, , , , ,Y, ,Y,Y, , ,Yes,Chandler Police Department, ,Yes,,Y,,Y,,Y,Yes, ,"On July [XXX], 2023 at 6:13 PM PT a Waymo Autonomous Vehicle (Waymo AV) operating in Chandler, Arizona was in a collision involving a passenger car on [XXX] at [XXX].
The Waymo AV was traveling northbound on [XXX] and just passed [XXX] when an oncoming passenger car crossed into the Waymo AVs lane, toward the Waymo AV. The Waymo AV then stopped as the passenger vehicle continued to approach. The passenger vehicle then made contact with the front of the Waymo AV, and then made contact with the side of the Waymo AV as it left the scene. At the time of the impact, the Waymo AVs Level 4 ADS was engaged in autonomous mode. Both vehicles sustained damage.
Waymo is reporting this crash under Request No. 1 of Standing General Order 2021-01 because a vehicle involved was towed away. Waymo may supplement or correct its reporting with additional information as it may become available.",
669-5837,1,Hyundai Motor America,Monthly,7,2023,JUL-2023,KMHKM4AE9M1, ,N/A,Hyundai,IONIQ 5, ,2021, ,6dbef6b4d4ef3c4,5581, ,In-Vehicle (Commercial / Test),"[REDACTED, MAY CONTAIN CONFIDENTIAL BUSINESS INFORMATION]", ,Y,"[REDACTED, MAY CONTAIN CONFIDENTIAL BUSINESS INFORMATION]", ,Y,"[REDACTED, MAY CONTAIN CONFIDENTIAL BUSINESS INFORMATION]", ,Y,Motional, , ,Part 591 Exemption granted by permission letter from NHTSA,, , ,Yes (specify below),Nevada,Yes,ADS,Motional, , , , ,Y, , , ,,JUN-2023, ,JUN-2023,21:42, ,fdceba88754ba36,[MAY CONTAIN PERSONALLY IDENTIFIABLE INFORMATION], ,[MAY CONTAIN PERSONALLY IDENTIFIABLE INFORMATION], ,[MAY CONTAIN PERSONALLY IDENTIFIABLE INFORMATION], ,Las Vegas, ,NV ,[MAY CONTAIN PERSONALLY IDENTIFIABLE INFORMATION], ,Intersection,Dry,Traffic Incident,15, ,Dark - Lighted,Y, , , , , , , ,,Passenger Car,Minor,Yes,Making Left Turn,No,No, , ,Y, , ,Y, , , , , ,Making Left Turn,No,No,Yes,3, ,Y, , ,Y, , , , , , , , , , , ,Y, , , ,No,, ,Yes,, ,, ,, ,"[REDACTED, MAY CONTAIN CONFIDENTIAL BUSINESS INFORMATION]",Y,"On June 23, 2023, Motional informed HMNA's NASO of a crash incident occurring on June [XXX], 2023, at 9:42 PM PDT, involving a Hyundai IONIQ 5 test vehicle operating in proprietary ADS autonomous mode with a safety driver at the wheel and a safety operator in the front passenger seat.  According to Motional, the test vehicle was travelling northbound in the left-most of two left turn lanes on a local road at approximately 10 mph.  The test vehicle then braked for an approaching taxi in the adjacent lane that appeared to be crossing into the Motional test vehicle's lane and was rear-ended by a silver Toyota from behind.  The Toyota vehicle fled the scene of the accident.
Hyundai understands that the equipment and software used during the test is proprietary to Motional and not used as OEM equipment in any Hyundai/Genesis vehicle produced for sale to the general public.  Hyundai currently does not offer an ADS feature on any vehicle offered for sale in the U.S. market.",
30412-5836,1,Cruise LLC,Monthly,6,2023,JUL-2023,5G21A6P04P4, ,N/A,Cruise,AV, ,2023, ,e3c57b52e69c059,5697, ,Remote (Commercial / Test),"[REDACTED, MAY CONTAIN CONFIDENTIAL BUSINESS INFORMATION]", ,Y,"[REDACTED, MAY CONTAIN CONFIDENTIAL BUSINESS INFORMATION]", ,Y,"[REDACTED, MAY CONTAIN CONFIDENTIAL BUSINESS INFORMATION]", ,Y,"General Motors, LLC", , ,,, ,Y,No,,Yes,ADS,Cruise LLC, , ,Y, ,Y, , , ,,JUN-2023, ,JUN-2023,21:04, ,bd417176f48c034,[MAY CONTAIN PERSONALLY IDENTIFIABLE INFORMATION], ,[MAY CONTAIN PERSONALLY IDENTIFIABLE INFORMATION], ,[MAY CONTAIN PERSONALLY IDENTIFIABLE INFORMATION], ,Austin, ,TX ,[MAY CONTAIN PERSONALLY IDENTIFIABLE INFORMATION], ,Street,Dry,No Unusual Conditions,25, ,Dawn / Dusk,Y, , , , , , , ,,Heavy Truck,No Injuries Reported,Yes,Backing,No,No,Y, , , , , , , , , , ,Stopped,No,No,No Passengers in Vehicle,0, , , , , , , , , ,Y, , ,Y, ,Y, ,Y,Y, , ,No,, ,Yes,, ,, ,, ,"[REDACTED, MAY CONTAIN CONFIDENTIAL BUSINESS INFORMATION]",Y,"A Cruise autonomous vehicle (""Cruise AV""), operating in driverless autonomous mode, was traveling eastbound on [XXX] between [XXX] and [XXX]. The Cruise AV came to a complete stop for a double-parked flatbed tow truck in the Cruise AV's lane of travel. The Cruise AV began to maneuver around and to the left of the flatbed tow truck when the flatbed tow truck reversed into the Cruise AV, damaging the Cruise AV's front passenger side bumper fascia. The driver of the flatbed tow truck refused to exchange information. There were no reported injuries. [REDACTED, MAY CONTAIN CONFIDENTIAL BUSINESS INFORMATION]",Y
30410-5786,1,Motional,Monthly,6,2023,JUL-2023,KMHKM4AE9M1, ,N/A,Hyundai,Ioniq 5, ,2020, ,6dbef6b4d4ef3c4,5581, ,In-Vehicle (Commercial / Test),"[REDACTED, MAY CONTAIN CONFIDENTIAL BUSINESS INFORMATION]", ,Y,"[REDACTED, MAY CONTAIN CONFIDENTIAL BUSINESS INFORMATION]", ,Y,"[REDACTED, MAY CONTAIN CONFIDENTIAL BUSINESS INFORMATION]", ,Y,, ,Y,Part 591 Exemption granted by permission letter from NHTSA,, , ,Yes (specify below),Nevada,Yes,ADS,Motional, , , , ,Y, , , ,,JUN-2023, ,JUN-2023,21:42, ,fdceba88754ba36,[MAY CONTAIN PERSONALLY IDENTIFIABLE INFORMATION], ,[MAY CONTAIN PERSONALLY IDENTIFIABLE INFORMATION], ,[MAY CONTAIN PERSONALLY IDENTIFIABLE INFORMATION], ,Las Vegas, ,NV ,[MAY CONTAIN PERSONALLY IDENTIFIABLE INFORMATION], ,Intersection,Dry,Traffic Incident,15, ,Dark - Lighted,Y, , , , , , , ,,Passenger Car,Minor,Yes,Making Left Turn,No,No, , ,Y, , ,Y, , , , , ,Making Left Turn,No,No,Yes,3, ,Y, , ,Y, , , , , , , , , , , ,Y, , , ,No,, ,Yes,, ,, ,, ,"[REDACTED, MAY CONTAIN CONFIDENTIAL BUSINESS INFORMATION]",Y,"On June [XXX], 2023, at 9:42 PM PDT, a Motional Hyundai Ioniq 5 was operating in autonomous mode with a safety driver at the wheel and a safety operator in the front passenger seat.
 
The Motional vehicle was northbound on [XXX], in the left-most of two left turn lanes, turning onto [XXX] at 10 MPH. The Motional vehicle then braked for an approaching taxi in the adjacent turn lane that was perceived to be crossing into the lane of the Motional vehicle and was rear-ended by a silver Toyota traveling behind it.",
28349-5694,4,"Lucid USA, Inc.",Update,,,JUL-2023,50EA1TEA6PA, ,N/A,Lucid,Air Touring, ,2023, ,32bda21cdfb3b83,3183, ,Consumer,"[REDACTED, MAY CONTAIN CONFIDENTIAL BUSINESS INFORMATION]", ,Y,"[REDACTED, MAY CONTAIN CONFIDENTIAL BUSINESS INFORMATION]", ,Y,"[REDACTED, MAY CONTAIN CONFIDENTIAL BUSINESS INFORMATION]", ,Y,,Y, ,,, ,Y,No,,Yes,ADAS,, , ,Y, , , , ,Y,Knox Towing Yard,JUN-2023, ,JUN-2023,14:59, ,59e155e20ed427f,[MAY CONTAIN PERSONALLY IDENTIFIABLE INFORMATION], ,[MAY CONTAIN PERSONALLY IDENTIFIABLE INFORMATION], ,[MAY CONTAIN PERSONALLY IDENTIFIABLE INFORMATION], ,Foster, ,RI ,[MAY CONTAIN PERSONALLY IDENTIFIABLE INFORMATION], ,Highway / Freeway,Dry,No Unusual Conditions,45, ,Daylight, , ,Y, , , , ,Y,Thundering,Pickup Truck,Unknown,Yes,Making Left Turn,Unknown,Unknown,Y, , ,Y, , ,Y, , , , ,Proceeding Straight,Yes,Yes,Yes,53, , , ,Y, , ,Y, , ,Y, , , , ,Y, , , , , ,Unknown,Foster Police Department, ,Yes,[MAY CONTAIN PERSONALLY IDENTIFIABLE INFORMATION], ,[MAY CONTAIN PERSONALLY IDENTIFIABLE INFORMATION], ,[MAY CONTAIN PERSONALLY IDENTIFIABLE INFORMATION], ,Yes, ,"Pre-crash movement through telematics data shows the Lucid vehicle proceeding straight driving 80 mph Eastbound in lane 1 on [XXX] (speed limit is 45 mph) on June [XXX], 2023. Initial information indicated one or both vehicles were towed away, though no information was included about injuries. A second before impact, the driver applies the brake pedal and provides steering wheel input to the right, then to the left, and finally to the right before impact. The telematics data shows the vehicle heading East on [XXX] and the crash signal occurs in the Northeast corner of the [XXX] ([XXX]), the speed of the Lucid Vehicle is logged at 53mph. Telematics data shows the driver airbag deployed.  On [XXX], a conversation with the towing company employee occurred in which the employee stated that the Lucid vehicle was cut off by an oncoming vehicle, a Chevy Crew Cab Pickup truck heading Westbound on [XXX]. The truck was turning left onto [XXX] and the Lucid vehicle impacted the rear right of the truck. The towing company employee stated that people involved in the accident were transported to the hospital for medical treatment.",
30531-5814,1,Transdev Alternative Services,5-Day,,,JUL-2023,SADHW2S14M1, ,N/A,Jaguar,I-Pace, ,2021, ,4e6dc7156efb5a6,87101, ,In-Vehicle (Commercial / Test),5th Generation, , ,5th Generation, , ,Version 8, , ,Transdev Alternative Services, , ,,, ,Y,Yes (specify below),ADOT ,Yes,ADS,Waymo LLC, , ,Y, , , , , ,,JUN-2023, ,JUN-2023,20:58, ,7014e194a75b369,[MAY CONTAIN PERSONALLY IDENTIFIABLE INFORMATION], ,[MAY CONTAIN PERSONALLY IDENTIFIABLE INFORMATION], ,[MAY CONTAIN PERSONALLY IDENTIFIABLE INFORMATION], ,Phoenix, ,AZ ,[MAY CONTAIN PERSONALLY IDENTIFIABLE INFORMATION], ,Street,Dry,No Unusual Conditions,35, ,Dark - Lighted,Y, , , , , , , ,,"Other, see Narrative",No Injuries Reported,Yes,"Other, see Narrative",Not Applicable,Not Applicable, , , , , , , , , , ,Y,Changing Lanes,No,Yes,Yes,35, , , , , , , ,Y, , , , , , ,Y, ,Y,Y, , ,No,, ,Yes,, ,, ,, ,Yes, ,"On June [XXX], 2023 at 8:58 PM PT a Waymo Autonomous Vehicle ( Waymo AV ) operating in Phoenix, Arizona impacted road
debris on [XXX] near [XXX].
The Waymo AV was traveling southbound on [XXX] in the middle lane and preparing to make a right lane change. As it initiated
the lane change, the rear passenger side tire struck small debris in the road. At the time of the impact, the Waymo AV s Level 4 ADS
was engaged in autonomous mode, and a test driver was present (in the driver s seating position). The Waymo AV s tire
immediately deflated.
Transdev Alternative Services is reporting this event under Request No 1 of Standing General Order 2021 01 because a vehicle involved was towed away. This is a duplicate report to Waymo 30270-5813-1 report.",
30270-5813,1,Waymo LLC,5-Day,,,JUL-2023,SADHW2S14M1, ,N/A,Jaguar,I-Pace, ,2021, ,4e6dc7156efb5a6,87101, ,In-Vehicle (Commercial / Test),5th Generation, , ,5th Generation, , ,Version 8, , ,Transdev Alternative Services, , ,,, ,Y,Yes (specify below),ADOT,Yes,ADS,Waymo LLC, , ,Y, , , , , ,,JUN-2023, ,JUN-2023,20:58, ,7014e194a75b369,[MAY CONTAIN PERSONALLY IDENTIFIABLE INFORMATION], ,[MAY CONTAIN PERSONALLY IDENTIFIABLE INFORMATION], ,[MAY CONTAIN PERSONALLY IDENTIFIABLE INFORMATION], ,Phoenix, ,AZ ,[MAY CONTAIN PERSONALLY IDENTIFIABLE INFORMATION], ,Street,Dry,No Unusual Conditions,35, ,Dark - Lighted,Y, , , , , , , ,,"Other, see Narrative",No Injuries Reported,Yes,"Other, see Narrative",Not Applicable,Not Applicable, , , , , , , , , , ,Y,Changing Lanes,No,Yes,Yes,35, , , , , , , ,Y, , , , , , ,Y, ,Y,Y, , ,No,, ,Yes,, ,, ,, ,Yes, ,"On June [XXX], 2023 at 8:58 PM PT a Waymo Autonomous Vehicle (Waymo AV) operating in Phoenix, Arizona impacted road debris on [XXX] near [XXX].
The Waymo AV was traveling southbound on [XXX] in the middle lane and preparing to make a right lane change. As it initiated the lane change, the rear passenger side tire struck small debris in the road. At the time of the impact, the Waymo AVs Level 4 ADS was engaged in autonomous mode, and a test driver was present (in the drivers seating position). The Waymo AVs tire immediately deflated.
Waymo is reporting this event under Request No. 1 of Standing General Order 2021-01 because a vehicle involved was towed away. Waymo may supplement or correct its reporting with additional information as it may become available.",
28349-5694,3,"Lucid USA, Inc.",10-Day Update,,,JUN-2023,50EA1TEA6PA, ,N/A,Lucid,Air Touring, ,2023, ,32bda21cdfb3b83,3183, ,Consumer,"[REDACTED, MAY CONTAIN CONFIDENTIAL BUSINESS INFORMATION]", ,Y,"[REDACTED, MAY CONTAIN CONFIDENTIAL BUSINESS INFORMATION]", ,Y,"[REDACTED, MAY CONTAIN CONFIDENTIAL BUSINESS INFORMATION]", ,Y,,Y, ,,, ,Y,No,,Yes,ADAS,, , ,Y, , , , ,Y,Knox Towing Yard,JUN-2023, ,JUN-2023,14:59, ,59e155e20ed427f,[MAY CONTAIN PERSONALLY IDENTIFIABLE INFORMATION], ,[MAY CONTAIN PERSONALLY IDENTIFIABLE INFORMATION], ,[MAY CONTAIN PERSONALLY IDENTIFIABLE INFORMATION], ,Foster, ,RI ,[MAY CONTAIN PERSONALLY IDENTIFIABLE INFORMATION], ,Highway / Freeway,Dry,No Unusual Conditions,45, ,Daylight, , ,Y, , , , ,Y,Thundering,Pickup Truck,Unknown,Yes,Making Left Turn,Unknown,Unknown,Y, , ,Y, , ,Y, , , , ,Proceeding Straight,Yes,Yes,Yes,53, , , ,Y, , ,Y, , ,Y, , , , ,Y, , , , , ,Unknown,Foster Police Department, ,Yes,[MAY CONTAIN PERSONALLY IDENTIFIABLE INFORMATION], ,[MAY CONTAIN PERSONALLY IDENTIFIABLE INFORMATION], ,[MAY CONTAIN PERSONALLY IDENTIFIABLE INFORMATION], ,Yes, ,"Pre-crash movement through telematics data shows the Lucid vehicle proceeding straight driving 80 mph Eastbound in lane 1 on [XXX] (speed limit is 45 mph) on [XXX], 2023. Initial information indicated one or both vehicles were towed away, though no information was included about injuries. A second before impact, the driver applies the brake pedal and provides steering wheel input to the right, then to the left, and finally to the right before impact. The telematics data shows the vehicle heading East on [XXX] and the crash signal occurs in the Northeast corner of the [XXX] exit ([XXX], [XXX]), the speed of the Lucid Vehicle is logged at 53mph. Telematics data shows the driver airbag deployed.  On [XXX], a conversation with the towing company employee occurred in which the employee stated that the Lucid vehicle was cut off by an oncoming vehicle, a Chevy Crew Cab Pickup truck heading Westbound on [XXX]. The truck was turning left onto [XXX]. and the Lucid vehicle impacted the rear right of the truck. The towing company employee stated that people involved in the accident were transported to the hospital for medical treatment.",
30531-5769,1,Transdev Alternative Services,Monthly,5,2023,JUN-2023,SADHW2S1XM1, ,N/A,Jaguar,I-Pace, ,2021, ,2e422d7be58682f,69071, ,In-Vehicle (Commercial / Test),5th Generation ADS, , ,5th Generation, , ,Version 8, , ,Waymo LLC, , ,,, ,Y,Yes (specify below),ADOT,Yes,ADS,Waymo LLC, , ,Y, , , , , ,,MAY-2023, ,MAY-2023,23:30, ,61aad41dac56bc1,[MAY CONTAIN PERSONALLY IDENTIFIABLE INFORMATION], ,[MAY CONTAIN PERSONALLY IDENTIFIABLE INFORMATION], ,[MAY CONTAIN PERSONALLY IDENTIFIABLE INFORMATION], ,Tempe, ,AZ ,[MAY CONTAIN PERSONALLY IDENTIFIABLE INFORMATION], ,Intersection,Dry,No Unusual Conditions,40, ,Dark - Lighted,Y, , , , , , , ,,Passenger Car,No Injuries Reported,Yes,Proceeding Straight,No,No, , , , , ,Y, , , , , ,Stopped,No,No,Yes,0, , , , ,Y, , , , , , , , , ,Y, ,Y,Y, , ,No,, ,Yes,, ,, ,, ,Yes, ,"On [XXX] at 11:30 PM PT a Waymo Autonomous Vehicle (""Waymo AV"") operating in Tempe, Arizona was in a collision involving a passenger vehicle on [XXX] at [XXX] Parkway.
The Waymo AV was stopped at a red light at the intersection of [XXX] at [XXX] Parkway.  A passenger vehicle that had been previously stopped behind the Waymo AV proceeded forward, making contact with the rear bumper of the Waymo AV.  At the time of the impact, the Waymo AV's Level 4 ADS was engaged in autonomous mode, and a test driver was present (in the driver's seating position).  The Waymo AV sustained damage.
Transdev Alternative Services is reporting this crash under Request No. 2 of Standing General order 2021-01.  Transdev may supplement or correct its reporting with additional information as it may become available.  This is a duplicate of NHTSA Report ID: 30270-5759-1.",
30531-5768,1,Transdev Alternative Services,Monthly,5,2023,JUN-2023,SADHW2S15M1, ,N/A,Jaguar,I-Pace, ,2021, ,a96a4dfc1ceef90,61480, ,In-Vehicle (Commercial / Test),5th Generation ADS, , ,5th Generation, , ,Version 8, , ,Waymo LLC, , ,,, ,Y,Yes (specify below),ADOT,Yes,ADS,Waymo LLC, , ,Y, , , , , ,,MAY-2023, ,MAY-2023,21:29, ,18b6569f303f7e1,[MAY CONTAIN PERSONALLY IDENTIFIABLE INFORMATION], ,[MAY CONTAIN PERSONALLY IDENTIFIABLE INFORMATION], ,[MAY CONTAIN PERSONALLY IDENTIFIABLE INFORMATION], ,Mesa, ,AZ ,[MAY CONTAIN PERSONALLY IDENTIFIABLE INFORMATION], ,Highway / Freeway,Dry,Traffic Incident,65, ,Dark - Lighted,Y, , , , , , , ,,"Other, see Narrative",No Injuries Reported,Yes,"Other, see Narrative",Not Applicable,Not Applicable, , , , , , , , , , ,Y,Proceeding Straight,No,No,Yes,63, , , ,Y, , , , , , , , , , ,Y, ,Y,Y, , ,No,, ,Yes,, ,, ,, ,Yes, ,"On [XXX], 2023 at 9:29 PM PT a Waymo Autonomous Vehicle (""Waymo AV"") operating in Mesa, Arizona was ina. collision involving an object on the [XXX], East of [XXX].
The Waymo AV was traveling eastbound in the far right lane on a three-lane stretch of the [XXX] when a load of hay bales fell off a truck traveling in the center lane ahead of the Waymo AV.  The front left fender of the Waymo AV made contact with a hay bale.  At the time of the impact, the Waymo WV's Level 4 ADS was engaged in autonomous mode, and a test driver was present (in the driver's seating position).  The Waymo AV sustained damage.
Transdev Alternative Services is reporting this crash under Request No. 2 of Standing General order 2021-01.  Transdev may supplement or correct its reporting with additional information as it may become available.  This is a duplicate of NHTSA Report ID 30270-5757-1.",
28349-5694,2,"Lucid USA, Inc.",Update,,,JUN-2023,50EA1TEA6PA, ,N/A,Lucid,Air Touring, ,2023, ,32bda21cdfb3b83,3183, ,Consumer,"[REDACTED, MAY CONTAIN CONFIDENTIAL BUSINESS INFORMATION]",Y,Y,"[REDACTED, MAY CONTAIN CONFIDENTIAL BUSINESS INFORMATION]",Y,Y,"[REDACTED, MAY CONTAIN CONFIDENTIAL BUSINESS INFORMATION]", ,Y,,Y, ,,, ,Y,No,,Yes,ADAS,, , ,Y, , , , ,Y,Knox Towing Yard,JUN-2023, ,JUN-2023,14:59, ,59e155e20ed427f,[MAY CONTAIN PERSONALLY IDENTIFIABLE INFORMATION], ,[MAY CONTAIN PERSONALLY IDENTIFIABLE INFORMATION], ,[MAY CONTAIN PERSONALLY IDENTIFIABLE INFORMATION], ,Foster, ,RI ,[MAY CONTAIN PERSONALLY IDENTIFIABLE INFORMATION], ,Highway / Freeway,Dry,No Unusual Conditions,45, ,Daylight, , ,Y, , , , ,Y,Thundering,Pickup Truck,Unknown,Yes,Making Left Turn,Unknown,Unknown,Y, , ,Y, , ,Y, , , , ,Proceeding Straight,Yes,Yes,Yes,53, , , ,Y, , ,Y, , ,Y, , , , ,Y, , , , , ,Unknown,Foster Police Department, ,Yes,[MAY CONTAIN PERSONALLY IDENTIFIABLE INFORMATION], ,[MAY CONTAIN PERSONALLY IDENTIFIABLE INFORMATION], ,[MAY CONTAIN PERSONALLY IDENTIFIABLE INFORMATION], ,Yes, ,"Pre-crash movement through telematics data shows the Lucid vehicle proceeding straight driving 80 mph Eastbound in lane 1 on [XXX] (speed limit is 45 mph) on [XXX], 2023. Initial information indicated one or both vehicles were towed away, though no information was included about injuries. A second before impact, the driver applies the brake pedal and provides steering wheel input to the right, then to the left, and finally to the right before impact. The telematics data shows the vehicle heading East on [XXX] and the crash signal occurs in the Northeast corner of the [XXX] exit ([XXX], [XXX]), the speed of the Lucid Vehicle is logged at 53mph. Telematics data shows the driver airbag deployed.  On [XXX], a conversation with the towing company employee occurred in which the employee stated that the Lucid vehicle was cut off by an oncoming vehicle, a Chevy Crew Cab Pickup truck heading Westbound on [XXX]. The truck was turning left onto [XXX]. and the Lucid vehicle impacted the rear right of the truck. The towing company employee stated that people involved in the accident were transported to the hospital for medical treatment.",
30270-5760,1,Waymo LLC,Monthly,5,2023,JUN-2023,SADHW2S14M1, ,N/A,Jaguar,I-Pace, ,2021, ,09f6e9bd642f040,55792, ,None,5th Generation ADS, , ,5th Generation, , ,Version 8, , ,, ,Y,,, ,Y,Yes (specify below),ADOT,Yes,ADS,Waymo LLC, , ,Y, , , , , ,,MAY-2023, ,MAY-2023,09:42, ,bed9a1515830ae3,[MAY CONTAIN PERSONALLY IDENTIFIABLE INFORMATION], ,[MAY CONTAIN PERSONALLY IDENTIFIABLE INFORMATION], ,[MAY CONTAIN PERSONALLY IDENTIFIABLE INFORMATION], ,Phoenix, ,AZ ,[MAY CONTAIN PERSONALLY IDENTIFIABLE INFORMATION], ,Street,Dry,No Unusual Conditions,25, ,Daylight,Y, , , , , , , ,,Heavy Truck,No Injuries Reported,Yes,Entering Traffic,No,No, ,Y, , , , , , , , , ,Stopped,No,No,No Passengers in Vehicle,0, , , ,Y, , , , , , , , , , ,Y, ,Y,Y, , ,No,, ,Yes,, ,, ,, ,Yes, ,"On [XXX], 2023 at 09:42 AM PT a Waymo Autonomous Vehicle (Waymo AV) operating in Phoenix, Arizona was in a collision involving a heavy truck on [XXX], just west of [XXX].
The Waymo AV was traveling westbound on [XXX] when it came to a stop, yielding to a U-Haul box  truck that was attempting to reverse into a parking lot to the right of the Waymo AV. The truck exited the lot and re-entered the oncoming eastbound lane, making contact with the left front end of the Waymo AV. At the time of the impact, the Waymo AVs Level 4 ADS was engaged in autonomous mode. Both vehicles sustained damage.
Waymo is reporting this crash under Request No. 2 of Standing General Order 2021-01. Waymo may supplement or correct its reporting with additional information as it may become available.",
30270-5759,1,Waymo LLC,Monthly,5,2023,JUN-2023,SADHW2S1XM1, ,N/A,Jaguar,I-Pace, ,2021, ,2e422d7be58682f,69071, ,In-Vehicle (Commercial / Test),5th Generation ADS, , ,5th Generation, , ,Version 8, , ,Transdev Alternative Services, , ,,, ,Y,Yes (specify below),ADOT,Yes,ADS,Waymo LLC, , ,Y, , , , , ,,MAY-2023, ,MAY-2023,23:30, ,61aad41dac56bc1,[MAY CONTAIN PERSONALLY IDENTIFIABLE INFORMATION], ,[MAY CONTAIN PERSONALLY IDENTIFIABLE INFORMATION], ,[MAY CONTAIN PERSONALLY IDENTIFIABLE INFORMATION], ,Tempe, ,AZ ,[MAY CONTAIN PERSONALLY IDENTIFIABLE INFORMATION], ,Intersection,Dry,No Unusual Conditions,40, ,Dark - Lighted,Y, , , , , , , ,,Passenger Car,No Injuries Reported,Yes,Proceeding Straight,No,No, , , , , ,Y, , , , , ,Stopped,No,No,Yes,0, , , , ,Y, , , , , , , , , ,Y, ,Y,Y, , ,No,, ,Yes,, ,, ,, ,Yes, ,"On [XXX], 2023 at 11:30 PM PT a Waymo Autonomous Vehicle (Waymo AV) operating in Tempe, Arizona was in a collision involving a passenger vehicle on [XXX] at [XXX].
The Waymo AV was stopped at a red light at the intersection of [XXX] at [XXX]. A passenger vehicle that had been previously stopped behind the Waymo AV proceeded forward, making contact with the rear bumper of the Waymo AV. At the time of the impact, the Waymo AVs Level 4 ADS was engaged in autonomous mode, and a test driver was present (in the drivers seating position). The Waymo AV sustained damage.
Waymo is reporting this crash under Request No. 2 of Standing General Order 2021-01. Waymo may supplement or correct its reporting with additional information as it may become available.",