Report ID,Report Version,Reporting Entity,Report Type,Report Month,Report Year,Report Submission Date,VIN,VIN - Unknown,Serial Number,Make,Model,Model - Unknown,Model Year,Model Year - Unknown,Same Vehicle ID,Mileage,Mileage - Unknown,Driver / Operator Type,ADAS/ADS System Version,ADAS/ADS System Version - Unk,ADAS/ADS System Version CBI,ADAS/ADS Hardware Version,ADAS/ADS Hardware Version - Unk,ADAS/ADS Hardware Version CBI,ADAS/ADS Software Version,ADAS/ADS Software Version - Unk,ADAS/ADS Software Version CBI,Other Reporting Entities?,Other Reporting Entities? - Unk,Other Reporting Entities? - NA,Federal Regulatory Exemption?,Other Federal Reg. Exemption,Federal Reg. Exemption - Unk,Federal Reg. Exemption - No,State or Local Permit?,State or Local Permit,ADS Equipped?,Automation System Engaged?,Operating Entity,Operating Entity - Unknown,Source - Complaint/Claim,Source - Telematics,Source - Law Enforcement,Source - Field Report,Source - Testing,Source - Media,Source - Other,Source - Other Text,Incident Date,Incident Date - Unknown,Notice Received Date,Incident Time (24:00),Incident Time - Unknown,Same Incident ID,Latitude,Latitude - Unknown,Longitude,Longitude - Unknown,Address,Address - Unknown,City,City - Unknown,State,Zip Code,Zip Code - Unknown,Roadway Type,Roadway Surface,Roadway Description,Posted Speed Limit (MPH),Posted Speed Limit - Unknown,Lighting,Weather - Clear,Weather - Snow,Weather - Cloudy,Weather - Fog/Smoke,Weather - Rain,Weather - Severe Wind,Weather - Unknown,Weather - Other,Weather - Other Text,Crash With,Highest Injury Severity Alleged,Property Damage?,CP Pre-Crash Movement,CP Any Air Bags Deployed?,CP Was Vehicle Towed?,CP Contact Area - Rear Left,CP Contact Area - Left,CP Contact Area - Front Left,CP Contact Area - Rear,CP Contact Area - Top,CP Contact Area - Front,CP Contact Area - Rear Right,CP Contact Area - Right,CP Contact Area - Front Right,CP Contact Area - Bottom,CP Contact Area - Unknown,SV Pre-Crash Movement,SV Any Air Bags Deployed?,SV Was Vehicle Towed?,SV Were All Passengers Belted?,SV Precrash Speed (MPH),SV Pre-crash Speed - Unknown,SV Contact Area - Rear Left,SV Contact Area - Left,SV Contact Area - Front Left,SV Contact Area - Rear,SV Contact Area - Top,SV Contact Area - Front,SV Contact Area - Rear Right,SV Contact Area - Right,SV Contact Area - Front Right,SV Contact Area - Bottom,SV Contact Area - Unknown,Data Availability - EDR,Data Availability - Police Rpt,Data Availability - Telematics,Data Availability - Complaints,Data Availability - Video,Data Availability - Other,Data Availability - No Data,Data Availability - Unknown,Law Enforcement Investigating?,Investigating Agency,Investigating Agency - Unknown,Rep Ent Or Mfr Investigating?,Investigating Officer Name,Inv. Officer Name - Unknown,Investigating Officer Phone,Inv. Officer Phone - Unknown,Investigating Officer Email,Inv. Officer Email - Unknown,Within ODD?,Within ODD? - CBI,Narrative,Narrative - CBI?
30531-3546,1,Transdev Alternative Services,1-Day,,,AUG-2022,2C4RC1K74HR, ,N/A,Chrysler,Pacifica, ,2017, ,27c58a6d27dde97,52590, ,In-Vehicle (Commercial / Test),4th Generation ADS, , ,, , ,, , ,, , ,,, , ,,,Yes,ADS,Waymo LLC, , ,Y, , , , , ,,AUG-2022, ,AUG-2022,10:25, ,c0aefb7adffb8c7,[MAY CONTAIN PERSONALLY IDENTIFIABLE INFORMATION], ,[MAY CONTAIN PERSONALLY IDENTIFIABLE INFORMATION], ,[MAY CONTAIN PERSONALLY IDENTIFIABLE INFORMATION], ,Tempe, ,AZ ,[MAY CONTAIN PERSONALLY IDENTIFIABLE INFORMATION], ,Intersection,Dry,No Unusual Conditions,30, ,Daylight, , ,Y, , , , , ,,Other Fixed Object,No Injuries Reported,Yes,,,, , , , , , , , , , , ,Lane / Road Departure,No,Yes,Yes,18, , , ,Y, , ,Y, ,Y,Y, , , , ,Y, ,Y,Y, , ,Yes,Tempe Police Department, ,Yes,,Y,,Y,,Y,Yes, ,"On August [XXX], 2022 at 10:25 AM PST a Waymo Autonomous Vehicle in Tempe, Arizona was in a collision involving a road sign and crosswalk button post on [XXX] at [XXX].
The Waymo AV was traveling westbound on [XXX] in autonomous mode when it passed [XXX].  As the Waymo AV was in the intersection of [XXX] and [XXX], and was approaching the right turn lane at the intersection of [XXX] and [XXX] and following the land markings, the Waymo AV test driver transitioned the system to manual mode.  The Waymo AV then made contact with the right curb on [XXX] as well as a road sign and a crosswalk button post located adjacent to the roadway.  At the time of the impact, the Waymo Level 4 ADS was not engaged and a test driver was operating the Waymo AV in manual mode.  The Waymo AV sustained minor damage.
Transdev Alternative Services is reporting this crash under Request No. 1 of Standing General Order 2021-01 because a vehicle was towed.  Transdev may supplement or correct its reporting with additional information as it may become available.  This report is a duplicate of report ID 30270-345-1.",
30270-3545,1,Waymo LLC,1-Day,,,AUG-2022,2C4RC1K74HR, ,N/A,Chrysler,Pacifica, ,2017, ,27c58a6d27dde97,52590, ,In-Vehicle (Commercial / Test),4th Generation ADS, , ,, , ,, , ,, , ,,, , ,,,Yes,ADS,Waymo LLC, , ,Y, , , , , ,,AUG-2022, ,AUG-2022,10:25, ,c0aefb7adffb8c7,[MAY CONTAIN PERSONALLY IDENTIFIABLE INFORMATION], ,[MAY CONTAIN PERSONALLY IDENTIFIABLE INFORMATION], ,[MAY CONTAIN PERSONALLY IDENTIFIABLE INFORMATION], ,Tempe, ,AZ ,[MAY CONTAIN PERSONALLY IDENTIFIABLE INFORMATION], ,Intersection,Dry,No Unusual Conditions,30, ,Daylight, , ,Y, , , , , ,,Other Fixed Object,No Injuries Reported,Yes,,,, , , , , , , , , , , ,Lane / Road Departure,No,Yes,Yes,18, , , ,Y, , ,Y, ,Y,Y, , , , ,Y, ,Y,Y, , ,Yes,Tempe Police Department, ,Yes,,Y,,Y,,Y,Yes, ,"On August [XXX], 2022 at 10:25 AM PST a Waymo Autonomous Vehicle (Waymo AV) operating in Tempe, Arizona was in a collision involving a road sign and crosswalk button post on [XXX] at [XXX]. 
The Waymo AV was traveling westbound on [XXX] in autonomous mode when it passed [XXX]. As the Waymo AV was in the intersection of [XXX] and [XXX], and was approaching the right turn lane at the intersection of [XXX] and [XXX] and following the lane markings, the Waymo AV test driver transitioned the system to manual mode. The Waymo AV then made contact with the right curb on [XXX] as well as a road sign and a crosswalk button post located adjacent to the roadway. At the time of the impact, the Waymo AVs Level 4 ADS was not engaged and a test driver was operating the Waymo AV in manual mode. The Waymo AV sustained minor damage.
Waymo is reporting this crash under Request No. 1 of Standing General Order 2021-01 because a vehicle involved was towed away. Waymo may supplement or correct its reporting with additional information as it may become available. This report was submitted from the Pacific time zone on the required date.",
30330-3482,2,"TORC Robotics, Inc.",10-Day Update,,,JUL-2022,1FUJHHDR3ML, ,N/A,FREIGHTLINER,CASCADIA, ,2021, ,333b3dc2fdd5341,52858, ,In-Vehicle (Commercial / Test),"[REDACTED, MAY CONTAIN CONFIDENTIAL BUSINESS INFORMATION]", ,Y,, , ,, , ,, , ,,, , ,,,Yes,ADS,"TORC ROBOTICS, INC", , , , , ,Y, , ,,JUL-2022, ,JUL-2022,16:33, ,3e2bdafd3d96829,[MAY CONTAIN PERSONALLY IDENTIFIABLE INFORMATION], ,[MAY CONTAIN PERSONALLY IDENTIFIABLE INFORMATION], ,[MAY CONTAIN PERSONALLY IDENTIFIABLE INFORMATION], ,ALBUQUERQUE, ,NM ,[MAY CONTAIN PERSONALLY IDENTIFIABLE INFORMATION], ,Highway / Freeway,Dry,No Unusual Conditions,65, ,Daylight, , ,Y, , , , , ,,"Other, see Narrative",No Injuries Reported,Yes,"Other, see Narrative",Not Applicable,Not Applicable, , , , , , , , , , ,Y,Proceeding Straight,No,Yes,Yes,58, , , , , , , , ,Y, , , , , ,Y, ,Y,Y, , ,Yes,NM STATE POLICE, ,Yes,,Y,,Y,,Y,Yes, ,"The vehicle was traveling with ADS engaged eastbound on [XXX] in the second lane from the left near [XXX]. [REDACTED, MAY CONTAIN CONFIDENTIAL BUSINESS INFORMATION] After the driver disengaged the ADS, the truck's
passenger side steer tire rolled over the object and the object punctured the passenger side fuel tank. Fuel began to leak from the tank
and the driver pulled onto the shoulder and stopped to assess the situation. The NM State Police arrived on the scene and the truck was
towed to a secure location. The NM DOT performed the initial cleanup of the fuel at the scene and a vendor was secured by the operator
to complete the cleanup process. Damage to the fuel tank was the only damage resulting from the incident. No other vehicles were
involved.
The features of the ADS that were engaged just prior to the incident were: Adaptive Cruise Control, Lane Keep, Lane change and Ending
Lanes.
Data Availability, Other: ADS related data
Attempted initial submission was 7/[XXX]/2022 at 16:53:47. Discovered when developing 10 day update the report was not submitted but saved to draft.  This report is in sync with Daimler report submission number 12381-3438-1.
No additional information to report.",Y
12381-3438,2,"Daimler Trucks North America, LLC",10-Day Update,,,JUL-2022,1FUJHHDR3ML, ,N/A,FREIGHTLINER,Cascadia, ,2021, ,333b3dc2fdd5341,52858, ,In-Vehicle (Commercial / Test),"[REDACTED, MAY CONTAIN CONFIDENTIAL BUSINESS INFORMATION]", ,Y,, , ,, , ,, , ,,, , ,,,Yes,ADS,"TORC ROBOTICS, INC", , , , , ,Y, , ,,JUL-2022, ,JUL-2022,16:33, ,3e2bdafd3d96829,[MAY CONTAIN PERSONALLY IDENTIFIABLE INFORMATION], ,[MAY CONTAIN PERSONALLY IDENTIFIABLE INFORMATION], ,[MAY CONTAIN PERSONALLY IDENTIFIABLE INFORMATION], ,ALBUQUERQUE, ,NM ,[MAY CONTAIN PERSONALLY IDENTIFIABLE INFORMATION], ,Highway / Freeway,Dry,No Unusual Conditions,65, ,Daylight, , ,Y, , , , , ,,"Other, see Narrative",No Injuries Reported,Yes,"Other, see Narrative",Not Applicable,Not Applicable, , , , , , , , , , ,Y,Proceeding Straight,No,Yes,Yes,58, , , , , , , , ,Y, , , , , ,Y, ,Y,Y, , ,Yes,NM STATE POLICE, ,Yes,,Y,,Y,,Y,Yes, ,"The vehicle was traveling with ADS engaged eastbound on [XXX] in the second lane from the left near [XXX]. [REDACTED, MAY CONTAIN CONFIDENTIAL BUSINESS INFORMATION] After the driver disengaged ADS, the truck's passenger side steer tire rolled over the object and the object punctured the passenger side fuel tank. Fuel began to leak from the tank and the driver pulled onto the shoulder and stopped to assess the situation. The NM State Police arrived on the scene and the truck was towed to a secure location. The NM DOT performed the initial cleanup of the fuel at the scene and a vendor was secured by the operator to complete the cleanup process. Damage to the fuel tank was the only damage resulting from the incident. The features of the ADS that were engaged just prior to the incident were: Adaptive Cruise Control, Lane Keep, Lane change and Ending Lanes. Data Availability, Other: ADS related data",Y
30330-3482,1,"TORC Robotics, Inc.",1-Day,,,JUL-2022,1FUJHHDR3ML, ,N/A,FREIGHTLINER,CASCADIA, ,2021, ,333b3dc2fdd5341,52858, ,In-Vehicle (Commercial / Test),"[REDACTED, MAY CONTAIN CONFIDENTIAL BUSINESS INFORMATION]", ,Y,, , ,, , ,, , ,,, , ,,,Yes,ADS,"TORC ROBOTICS, INC", , , , , ,Y, , ,,JUL-2022, ,JUL-2022,16:33, ,3e2bdafd3d96829,[MAY CONTAIN PERSONALLY IDENTIFIABLE INFORMATION], ,[MAY CONTAIN PERSONALLY IDENTIFIABLE INFORMATION], ,[MAY CONTAIN PERSONALLY IDENTIFIABLE INFORMATION], ,ALBUQUERQUE, ,NM ,[MAY CONTAIN PERSONALLY IDENTIFIABLE INFORMATION], ,Highway / Freeway,Dry,No Unusual Conditions,65, ,Daylight, , ,Y, , , , , ,,"Other, see Narrative",No Injuries Reported,Yes,"Other, see Narrative",Not Applicable,Not Applicable, , , , , , , , , , ,Y,Proceeding Straight,No,Yes,Yes,58, , , , , , , , ,Y, , , , , ,Y, ,Y,Y, , ,Yes,NM STATE POLICE, ,Yes,,Y,,Y,,Y,Yes, ,"The vehicle was traveling with ADS engaged eastbound on [XXX] in the second lane from the left near [XXX]. [REDACTED, MAY CONTAIN CONFIDENTIAL BUSINESS INFORMATION] After the driver disengaged the ADS, the truck's
passenger side steer tire rolled over the object and the object punctured the passenger side fuel tank. Fuel began to leak from the tank
and the driver pulled onto the shoulder and stopped to assess the situation. The NM State Police arrived on the scene and the truck was
towed to a secure location. The NM DOT performed the initial cleanup of the fuel at the scene and a vendor was secured by the operator
to complete the cleanup process. Damage to the fuel tank was the only damage resulting from the incident. No other vehicles were
involved.
The features of the ADS that were engaged just prior to the incident were: Adaptive Cruise Control, Lane Keep, Lane change and Ending
Lanes.
Data Availability, Other: ADS related data
Attempted initial submission was 7/[XXX]/2022 at 16:53:47. Discovered when developing 10 day update the report was not submitted but saved to draft.  This report is in sync with Daimler report submission number 12381-3438-1.",Y
30531-3342,2,Transdev Alternative Services,10-Day Update,,,JUL-2022,SADHW2S1XM1, ,N/A,Jaguar,I-Pace, ,2021, ,61c27e449091005,11919, ,In-Vehicle (Commercial / Test),5th Generation ADS, , ,, , ,, , ,, , ,,, , ,,,Yes,ADS,Waymo LLC, , ,Y, , , , , ,,JUL-2022, ,JUL-2022,9:04, ,b9b7ee2401f7557,[MAY CONTAIN PERSONALLY IDENTIFIABLE INFORMATION], ,[MAY CONTAIN PERSONALLY IDENTIFIABLE INFORMATION], ,[MAY CONTAIN PERSONALLY IDENTIFIABLE INFORMATION], ,Phoenix, ,AZ ,[MAY CONTAIN PERSONALLY IDENTIFIABLE INFORMATION], ,Intersection,Dry,No Unusual Conditions,35, ,Daylight,Y, , , , , , , ,,Passenger Car,Minor,Yes,Proceeding Straight,Unknown,Unknown, , ,Y, , ,Y, , ,Y, , ,Making Left Turn,No,Yes,Yes,13, ,Y, , ,Y, , ,Y, , , , , , ,Y, ,Y,Y, , ,Yes,Phoenix Police Department, ,Yes,[MAY CONTAIN PERSONALLY IDENTIFIABLE INFORMATION], ,[MAY CONTAIN PERSONALLY IDENTIFIABLE INFORMATION], ,,Y,Yes, ,"The content of this report is unchanged from the original report.
On July [XXX], 2022 at 9:04 AM PST a Waymo Autonomous Vehicle (Waymo AV) operating in Phoenix, Arizona was in a collision involving a passenger vehicle on [XXX] and [XXX].
The Waymo AV was traveling southbound on [XXX] in autonomous mode and turning left onto eastbound [XXX]. As the Waymo AV initiated the left turn, a passenger vehicle that had been following the Waymo AV made contact with the rear of the Waymo AV. At the time of the impact, the Waymo AVs Level 4 ADS was engaged in autonomous mode, and a test driver was present (in the drivers seating position). Both vehicles sustained damage.
Transdev Alternative Services is reporting this crash under Request No. 1 of Standing General Order 2021-01 because a vehicle involved was towed away and the Waymo AV test driver reported minor injuries. Transdev may supplement or correct its reporting with additional information as it may become available. This report is a duplicate of WaymoLLC-[XXX].",
30270-3338,2,Waymo LLC,10-Day Update,,,JUL-2022,SADHW2S1XM1, ,N/A,Jaguar,I-Pace, ,2021, ,61c27e449091005,11919, ,In-Vehicle (Commercial / Test),5th Generation ADS, , ,, , ,, , ,, , ,,, , ,,,Yes,ADS,Waymo LLC, , ,Y, , , , , ,,JUL-2022, ,JUL-2022,09:04, ,b9b7ee2401f7557,[MAY CONTAIN PERSONALLY IDENTIFIABLE INFORMATION], ,[MAY CONTAIN PERSONALLY IDENTIFIABLE INFORMATION], ,[MAY CONTAIN PERSONALLY IDENTIFIABLE INFORMATION], ,Phoenix, ,AZ ,[MAY CONTAIN PERSONALLY IDENTIFIABLE INFORMATION], ,Intersection,Dry,No Unusual Conditions,35, ,Daylight,Y, , , , , , , ,,Passenger Car,Minor,Yes,Proceeding Straight,Unknown,Unknown, , ,Y, , ,Y, , ,Y, , ,Making Left Turn,No,Yes,Yes,13, ,Y, , ,Y, , ,Y, , , , , , ,Y, ,Y,Y, , ,Yes,Phoenix Police Department, ,Yes,[MAY CONTAIN PERSONALLY IDENTIFIABLE INFORMATION], ,[MAY CONTAIN PERSONALLY IDENTIFIABLE INFORMATION], ,,Y,Yes, ,"The content of this report is unchanged from the initial report submitted on July [XXX] 2022 [REDACTED, MAY CONTAIN CONFIDENTIAL BUSINESS INFORMATION]. 
On July [XXX], 2022 at 9:04 AM PST a Waymo Autonomous Vehicle (Waymo AV) operating in Phoenix, Arizona was in a collision involving a passenger vehicle on [XXX] and [XXX].
The Waymo AV was traveling southbound on [XXX] in autonomous mode and turning left onto eastbound [XXX]. As the Waymo AV initiated the left turn, a passenger vehicle that had been following the Waymo AV made contact with the rear of the Waymo AV. At the time of the impact, the Waymo AVs Level 4 ADS was engaged in autonomous mode, and a test driver was present (in the drivers seating position). Both vehicles sustained damage.
Waymo is reporting this crash under Request No. 1 of Standing General Order 2021-01 because a vehicle involved was towed away and the Waymo AV test driver reported minor injuries. Waymo may supplement or correct its reporting with additional information as it may become available. This report was submitted from the Eastern time zone on the required date.",
12381-3438,1,"Daimler Trucks North America, LLC",1-Day,,,JUL-2022,1FUJHHDR3ML, ,N/A,FREIGHTLINER,Cascadia, ,2021, ,333b3dc2fdd5341,52858, ,In-Vehicle (Commercial / Test),"[REDACTED, MAY CONTAIN CONFIDENTIAL BUSINESS INFORMATION]", ,Y,, , ,, , ,, , ,,, , ,,,Yes,ADS,"TORC ROBOTICS, INC", , , , , ,Y, , ,,JUL-2022, ,JUL-2022,16:33, ,3e2bdafd3d96829,[MAY CONTAIN PERSONALLY IDENTIFIABLE INFORMATION], ,[MAY CONTAIN PERSONALLY IDENTIFIABLE INFORMATION], ,[MAY CONTAIN PERSONALLY IDENTIFIABLE INFORMATION], ,ALBUQUERQUE, ,NM ,[MAY CONTAIN PERSONALLY IDENTIFIABLE INFORMATION], ,Highway / Freeway,Dry,No Unusual Conditions,65, ,Daylight, , ,Y, , , , , ,,"Other, see Narrative",No Injuries Reported,Yes,"Other, see Narrative",Not Applicable,Not Applicable, , , , , , , , , , ,Y,Proceeding Straight,No,Yes,Yes,58, , , , , , , , ,Y, , , , , ,Y, ,Y,Y, , ,Yes,NM STATE POLICE, ,Yes,,Y,,Y,,Y,Yes, ,"The vehicle was traveling with ADS engaged eastbound on [XXX] in the second lane from the left near [XXX]. [REDACTED, MAY CONTAIN CONFIDENTIAL BUSINESS INFORMATION] After the driver disengaged ADS, the truck's passenger side steer tire rolled over the object and the object punctured the passenger side fuel tank. Fuel began to leak from the tank and the driver pulled onto the shoulder and stopped to assess the situation. The NM State Police arrived on the scene and the truck was towed to a secure location. The NM DOT performed the initial cleanup of the fuel at the scene and a vendor was secured by the operator to complete the cleanup process. Damage to the fuel tank was the only damage resulting from the incident.
The features of the ADS that were engaged just prior to the incident were: Adaptive Cruise Control, Lane Keep, Lane change and Ending Lanes.
Data Availability, Other: ADS related data",Y
502-3416,1,Ford Motor Company,Monthly,6,2022,JUL-2022,1FMCU0DZ2LU, ,N/A,Ford,Escape, ,2020, ,6e5207a28036baf,1949, ,In-Vehicle (Commercial / Test),"[REDACTED, MAY CONTAIN CONFIDENTIAL BUSINESS INFORMATION]", ,Y,, , ,, , ,, , ,,, , ,,,Yes,ADS,Argo AI, , , , ,Y,Y, , ,,JUN-2022, ,JUN-2022,13:30, ,80fa8ac15954395,[MAY CONTAIN PERSONALLY IDENTIFIABLE INFORMATION], ,[MAY CONTAIN PERSONALLY IDENTIFIABLE INFORMATION], ,[MAY CONTAIN PERSONALLY IDENTIFIABLE INFORMATION], ,Pittsburgh, ,PA ,[MAY CONTAIN PERSONALLY IDENTIFIABLE INFORMATION], ,Intersection,Dry,No Unusual Conditions,25, ,Daylight,Y, , , , , , , ,,SUV,No Injuries Reported,Yes,Backing,No,No, , , ,Y, , , , , , , ,Stopped,No,No,Yes,0, , , , , , ,Y, , , , , , , , , ,Y,Y, , ,No,, ,Yes,, ,, ,, ,"[REDACTED, MAY CONTAIN CONFIDENTIAL BUSINESS INFORMATION]",Y,"As reported by Argo AI to Ford on July [XXX], 2022 (Report # 30290-3347-1), An Argo AI Autonomous Vehicle (""Argo AV"") was impacted in the front while traveling east on [REDACTED, MAY CONTAIN CONFIDENTIAL BUSINESS INFORMATION]. The Argo AV came to a complete stop at the red traffic light. While the traffic light remained red, the vehicle directly in front of the Argo AV, stopped for the same traffic light, rolled backwards (no reverse lights were illuminated), failed to stop, and contacted the Argo's front bumper, then fled the scene when the traffic light turned green. The safety driver disengaged the ADS and honked the horn multiple times prior to the impact. [REDACTED, MAY CONTAIN CONFIDENTIAL BUSINESS INFORMATION] ""Other"" data availability: test vehicle data.",Y
502-3413,1,Ford Motor Company,Monthly,6,2022,JUL-2022,1FMCU0DZ9LU, ,N/A,Ford,Escape, ,2020, ,d9867f090c65889,2034, ,In-Vehicle (Commercial / Test),"[REDACTED, MAY CONTAIN CONFIDENTIAL BUSINESS INFORMATION]", ,Y,, , ,, , ,, , ,,, , ,,,Yes,ADS,Argo AI, , , , ,Y,Y, , ,,JUN-2022, ,JUN-2022,14:48, ,e4608ed0f7e2519,[MAY CONTAIN PERSONALLY IDENTIFIABLE INFORMATION], ,[MAY CONTAIN PERSONALLY IDENTIFIABLE INFORMATION], ,[MAY CONTAIN PERSONALLY IDENTIFIABLE INFORMATION], ,Miami, ,FL ,[MAY CONTAIN PERSONALLY IDENTIFIABLE INFORMATION], ,Street,Wet,No Unusual Conditions,30, ,Daylight, , , , ,Y, , , ,,Passenger Car,No Injuries Reported,Yes,Making Right Turn,No,No, , , , , ,Y, , , , , ,Making Right Turn,No,No,Yes,1, , , , ,Y, , , , , , , , , , , ,Y,Y, , ,Yes,Miami Police Department, ,Yes,,Y,,Y,,Y,"[REDACTED, MAY CONTAIN CONFIDENTIAL BUSINESS INFORMATION]",Y,"As reported by Argo AI to Ford on July [XXX], 2022 (Report # 30290-3346-1), An Argo AI Autonomous Vehicle (""Argo AV"") was impacted in the rear while traveling north on [REDACTED, MAY CONTAIN CONFIDENTIAL BUSINESS INFORMATION]. The Argo AV came to a complete stop at the red traffic light. While the traffic light remained red (turns on red are permitted at this intersection), the Argo AV pulled forward to view cross traffic. The vehicle directly behind the Argo AV failed to fully stop and contacted the Argo AV's rear bumper. [REDACTED, MAY CONTAIN CONFIDENTIAL BUSINESS INFORMATION] ""Other"" data availability: test vehicle data.",Y
30270-3324,2,Waymo LLC,10-Day Update,,,JUL-2022,SADHW2S11M1, ,N/A,Jaguar,I-Pace, ,2021, ,cc4cb8a51705cf4,28219, ,In-Vehicle (Commercial / Test),5th Generation ADS, , ,, , ,, , ,, , ,,, , ,,,Yes,ADS,Waymo LLC, , ,Y, , , , , ,,JUL-2022, ,JUL-2022,00:57, ,8e4843d23827b9b,[MAY CONTAIN PERSONALLY IDENTIFIABLE INFORMATION], ,[MAY CONTAIN PERSONALLY IDENTIFIABLE INFORMATION], ,[MAY CONTAIN PERSONALLY IDENTIFIABLE INFORMATION], ,Tempe, ,AZ ,[MAY CONTAIN PERSONALLY IDENTIFIABLE INFORMATION], ,Street,Dry,No Unusual Conditions,45, ,Dark - Lighted,Y, , , , , , , ,,"Other, see Narrative",Unknown,Yes,"Other, see Narrative",Not Applicable,Not Applicable, , , , , , , , , , ,Y,Stopped,No,Yes,Yes,0, , , , , ,Y, , , , , , , , ,Y, ,Y,Y, , ,Yes,Tempe Police Department, ,Yes,[MAY CONTAIN PERSONALLY IDENTIFIABLE INFORMATION], ,,Y,[MAY CONTAIN PERSONALLY IDENTIFIABLE INFORMATION], ,Yes, ,"The content of this report is unchanged from the initial report submitted on July [XXX] 2022 [REDACTED, MAY CONTAIN CONFIDENTIAL BUSINESS INFORMATION]. 
On July [XXX], 2022 at 12:57 AM PST a Waymo Autonomous Vehicle (""Waymo AV"") was traveling eastbound on [XXX] in autonomous mode when a pedestrian entered the roadway from the center median. The test driver then disengaged autonomous mode and braked to a stop as the pedestrian began to run toward the Waymo AV. The pedestrian stood in front of the vehicle, then jumped onto the hood of the Waymo AV and used their body to break the Waymo AV's windshield. The pedestrian was apprehended soon after by nearby police. The Waymo AV test driver was not physically injured but was taken to a nearby hospital out of an abundance of caution. The Waymo AV sustained major damage to its windshield.
Waymo is reporting this event to ensure official notification to the agency of a notable event. Waymo may supplement or correct its reporting with additional information as it may become available.",
30290-3347,1,Argo AI,Monthly,6,2022,JUL-2022,1FMCU0DZ2LU, ,N/A,Ford,Escape, ,2020, ,6e5207a28036baf,1949, ,In-Vehicle (Commercial / Test),"[REDACTED, MAY CONTAIN CONFIDENTIAL BUSINESS INFORMATION]", ,Y,, , ,, , ,, , ,,, , ,,,Yes,ADS,Argo AI, , , , ,Y,Y, , ,,JUN-2022, ,JUN-2022,13:30, ,80fa8ac15954395,[MAY CONTAIN PERSONALLY IDENTIFIABLE INFORMATION], ,[MAY CONTAIN PERSONALLY IDENTIFIABLE INFORMATION], ,[MAY CONTAIN PERSONALLY IDENTIFIABLE INFORMATION], ,Pittsburgh, ,PA ,[MAY CONTAIN PERSONALLY IDENTIFIABLE INFORMATION], ,Intersection,Dry,No Unusual Conditions,25, ,Daylight,Y, , , , , , , ,,SUV,No Injuries Reported,Yes,Backing,No,No, , , ,Y, , , , , , , ,Stopped,No,No,Yes,0, , , , , , ,Y, , , , , , , , , ,Y,Y, , ,No,, ,Yes,, ,, ,, ,"[REDACTED, MAY CONTAIN CONFIDENTIAL BUSINESS INFORMATION]",Y,"An Argo AI Autonomous Vehicle (""Argo AV"") was impacted in the front while traveling east on [REDACTED, MAY CONTAIN CONFIDENTIAL BUSINESS INFORMATION]. The Argo AV came to a complete stop at the red traffic light. While the traffic light remained red, the vehicle directly in front of the Argo AV, stopped for the same traffic light, rolled backwards (no reverse lights were illuminated), failed to stop, and contacted the Argo's front bumper, then fled the scene when the traffic light turned green. The safety driver disengaged the ADS and honked the horn multiple times prior to the impact. [REDACTED, MAY CONTAIN CONFIDENTIAL BUSINESS INFORMATION] 
""Other"" data availability: test vehicle data.",Y
30290-3346,1,Argo AI,Monthly,6,2022,JUL-2022,1FMCU0DZ9LU, ,N/A,Ford,Escape, ,2020, ,d9867f090c65889,2034, ,In-Vehicle (Commercial / Test),"[REDACTED, MAY CONTAIN CONFIDENTIAL BUSINESS INFORMATION]", ,Y,, , ,, , ,, , ,,, , ,,,Yes,ADS,Argo AI, , , , ,Y,Y, , ,,JUN-2022, ,JUN-2022,14:48, ,e4608ed0f7e2519,[MAY CONTAIN PERSONALLY IDENTIFIABLE INFORMATION], ,[MAY CONTAIN PERSONALLY IDENTIFIABLE INFORMATION], ,[MAY CONTAIN PERSONALLY IDENTIFIABLE INFORMATION], ,Miami, ,FL ,[MAY CONTAIN PERSONALLY IDENTIFIABLE INFORMATION], ,Street,Wet,No Unusual Conditions,30, ,Daylight, , , , ,Y, , , ,,Passenger Car,No Injuries Reported,Yes,Making Right Turn,No,No, , , , , ,Y, , , , , ,Making Right Turn,No,No,Yes,1, , , , ,Y, , , , , , , , , , , ,Y,Y, , ,Yes,Miami Police Department, ,Yes,,Y,,Y,,Y,"[REDACTED, MAY CONTAIN CONFIDENTIAL BUSINESS INFORMATION]",Y,"An Argo AI Autonomous Vehicle (""Argo AV"") was impacted in the rear while traveling north on [REDACTED, MAY CONTAIN CONFIDENTIAL BUSINESS INFORMATION]. The Argo AV came to a complete stop at the red traffic light. While the traffic light remained red (turns on red are permitted at this intersection), the Argo AV pulled forward to view cross traffic. The vehicle directly behind the Argo AV failed to fully stop and contacted the Argo AV's rear bumper. [REDACTED, MAY CONTAIN CONFIDENTIAL BUSINESS INFORMATION] 
""Other"" data availability: test vehicle data.",Y
30531-3342,1,Transdev Alternative Services,1-Day,,,JUL-2022,SADHW2S1XM1, ,N/A,Jaguar,I-Pace, ,2021, ,61c27e449091005,11919, ,In-Vehicle (Commercial / Test),5th Generation ADS, , ,, , ,, , ,, , ,,, , ,,,Yes,ADS,Waymo LLC, , ,Y, , , , , ,,JUL-2022, ,JUL-2022,9:04, ,b9b7ee2401f7557,[MAY CONTAIN PERSONALLY IDENTIFIABLE INFORMATION], ,[MAY CONTAIN PERSONALLY IDENTIFIABLE INFORMATION], ,[MAY CONTAIN PERSONALLY IDENTIFIABLE INFORMATION], ,Phoenix, ,AZ ,[MAY CONTAIN PERSONALLY IDENTIFIABLE INFORMATION], ,Intersection,Dry,No Unusual Conditions,35, ,Daylight,Y, , , , , , , ,,Passenger Car,Minor,Yes,Proceeding Straight,Unknown,Unknown, , ,Y, , ,Y, , ,Y, , ,Making Left Turn,No,Yes,Yes,13, ,Y, , ,Y, , ,Y, , , , , , ,Y, ,Y,Y, , ,Yes,Phoenix Police Department, ,Yes,[MAY CONTAIN PERSONALLY IDENTIFIABLE INFORMATION], ,[MAY CONTAIN PERSONALLY IDENTIFIABLE INFORMATION], ,,Y,Yes, ,"On July [XXX], 2022 at 9:04 AM PST a Waymo Autonomous Vehicle (Waymo AV) operating in Phoenix, Arizona was in a collision involving a passenger vehicle on [XXX] and [XXX].
The Waymo AV was traveling southbound on [XXX] in autonomous mode and turning left onto eastbound [XXX]. As the Waymo AV initiated the left turn, a passenger vehicle that had been following the Waymo AV made contact with the rear of the Waymo AV. At the time of the impact, the Waymo AVs Level 4 ADS was engaged in autonomous mode, and a test driver was present (in the drivers seating position). Both vehicles sustained damage.
Transdev Alternative Services is reporting this crash under Request No. 1 of Standing General Order 2021-01 because a vehicle involved was towed away and the Waymo AV test driver reported minor injuries. Transdev may supplement or correct its reporting with additional information as it may become available. This report is a duplicate of WaymoLLC-[XXX].",