Report ID,Report Version,Reporting Entity,Report Type,Report Month,Report Year,Report Submission Date,VIN,VIN - Unknown,Serial Number,Make,Model,Model - Unknown,Model Year,Model Year - Unknown,Same Vehicle ID,Mileage,Mileage - Unknown,Driver / Operator Type,ADAS/ADS System Version,ADAS/ADS System Version - Unk,ADAS/ADS System Version CBI,ADAS/ADS Hardware Version,ADAS/ADS Hardware Version - Unk,ADAS/ADS Hardware Version CBI,ADAS/ADS Software Version,ADAS/ADS Software Version - Unk,ADAS/ADS Software Version CBI,Other Reporting Entities?,Other Reporting Entities? - Unk,Other Reporting Entities? - NA,Federal Regulatory Exemption?,Other Federal Reg. Exemption,Federal Reg. Exemption - Unk,Federal Reg. Exemption - No,State or Local Permit?,State or Local Permit,ADS Equipped?,Automation System Engaged?,Operating Entity,Operating Entity - Unknown,Source - Complaint/Claim,Source - Telematics,Source - Law Enforcement,Source - Field Report,Source - Testing,Source - Media,Source - Other,Source - Other Text,Incident Date,Incident Date - Unknown,Notice Received Date,Incident Time (24:00),Incident Time - Unknown,Same Incident ID,Latitude,Latitude - Unknown,Longitude,Longitude - Unknown,Address,Address - Unknown,City,City - Unknown,State,Zip Code,Zip Code - Unknown,Roadway Type,Roadway Surface,Roadway Description,Posted Speed Limit (MPH),Posted Speed Limit - Unknown,Lighting,Weather - Clear,Weather - Snow,Weather - Cloudy,Weather - Fog/Smoke,Weather - Rain,Weather - Severe Wind,Weather - Unknown,Weather - Other,Weather - Other Text,Crash With,Highest Injury Severity Alleged,Property Damage?,CP Pre-Crash Movement,CP Any Air Bags Deployed?,CP Was Vehicle Towed?,CP Contact Area - Rear Left,CP Contact Area - Left,CP Contact Area - Front Left,CP Contact Area - Rear,CP Contact Area - Top,CP Contact Area - Front,CP Contact Area - Rear Right,CP Contact Area - Right,CP Contact Area - Front Right,CP Contact Area - Bottom,CP Contact Area - Unknown,SV Pre-Crash Movement,SV Any Air Bags Deployed?,SV Was Vehicle Towed?,SV Were All Passengers Belted?,SV Precrash Speed (MPH),SV Pre-crash Speed - Unknown,SV Contact Area - Rear Left,SV Contact Area - Left,SV Contact Area - Front Left,SV Contact Area - Rear,SV Contact Area - Top,SV Contact Area - Front,SV Contact Area - Rear Right,SV Contact Area - Right,SV Contact Area - Front Right,SV Contact Area - Bottom,SV Contact Area - Unknown,Data Availability - EDR,Data Availability - Police Rpt,Data Availability - Telematics,Data Availability - Complaints,Data Availability - Video,Data Availability - Other,Data Availability - No Data,Data Availability - Unknown,Law Enforcement Investigating?,Investigating Agency,Investigating Agency - Unknown,Rep Ent Or Mfr Investigating?,Investigating Officer Name,Inv. Officer Name - Unknown,Investigating Officer Phone,Inv. Officer Phone - Unknown,Investigating Officer Email,Inv. Officer Email - Unknown,Within ODD?,Within ODD? - CBI,Narrative,Narrative - CBI?
30270-9234,2,Waymo LLC,10-Day Update,,,DEC-2024,SADHW2S14R1, ,N/A,Jaguar,I-Pace, ,2024, ,31c9cef6355228c,22729, ,None,5th Generation ADS, , ,5th Generation, , ,Version 9, , ,, ,Y,,, ,Y,Yes (specify below),"CA DMV, CA PUC           ",Yes,ADS,Waymo LLC, , ,Y, , , , , ,,NOV-2024, ,NOV-2024,04:04, ,245053e3a6a403b,[MAY CONTAIN PERSONALLY IDENTIFIABLE INFORMATION], ,[MAY CONTAIN PERSONALLY IDENTIFIABLE INFORMATION], ,[MAY CONTAIN PERSONALLY IDENTIFIABLE INFORMATION], ,Los Angeles, ,CA ,[MAY CONTAIN PERSONALLY IDENTIFIABLE INFORMATION], ,Street,Dry,No Unusual Conditions,25, ,Dark - Lighted,Y, , , , , , , ,,Non-Motorist: Pedestrian,Minor,No,"Other, see Narrative",,, , , , , , , , , , , ,"Other, see Narrative",No,No,Yes,4, , ,Y, , , , , , , , , , , ,Y, ,Y,Y, , ,No,, ,Yes,, ,, ,, ,Yes, ,"The content of this report is unchanged from the initial report submitted on November 25, 2024 [REDACTED, MAY CONTAIN CONFIDENTIAL BUSINESS INFORMATION]. 
On November [XXX], 2024 Waymo received notice of an allegation that a Waymo Autonomous Vehicle (Waymo AV) operating in Los Angeles, California may have been in a low-speed collision with a non-motorist (pedestrian) on [XXX] near [XXX]. 
On November [XXX], 2024 at 4:04 AM PT a Waymo AV operating in Los Angeles, California was traveling northwest on [XXX] when it began to slow to yield to a pedestrian crossing the street ahead from right to left. After the pedestrian had crossed the path of the Waymo AV, the Waymo AV began to accelerate slightly then immediately began to slow again as the pedestrian turned around and approached the Waymo AV. As the Waymo AV was slowing, the pedestrian may have made contact with the driver side of the Waymo AV. 
At the time of the possible impact, the Waymo AVs Level 4 ADS was engaged in autonomous mode. The pedestrian later claimed to have a minor injury.  The Waymo AV did not sustain any damage. 
Even though this event may involve intentional contact by the pedestrian and the occurrence of actual contact between the Waymo AV and the pedestrian is not clear, Waymo is reporting this event as a crash under Request No. 1 of Standing General Order 2021-01 because a vulnerable road user (pedestrian) influenced the driving task of a vehicle involved and reportedly sustained a minor injury as a result of the event. Waymo may supplement or correct its reporting with additional information as it may become available.",
30270-9269,1,Waymo LLC,5-Day,,,DEC-2024,SADHW2S11R1, ,N/A,Jaguar,I-Pace, ,2024, ,e1f2bebd32f409e,18646, ,None,5th Generation ADS, , ,5th Generation, , ,Version 9, , ,, ,Y,,, ,Y,Yes (specify below),"CA DMV, CA PUC   ",Yes,ADS,Waymo LLC, , ,Y, , , , , ,,NOV-2024, ,NOV-2024,18:21, ,98de3a7d413af67,[MAY CONTAIN PERSONALLY IDENTIFIABLE INFORMATION], ,[MAY CONTAIN PERSONALLY IDENTIFIABLE INFORMATION], ,[MAY CONTAIN PERSONALLY IDENTIFIABLE INFORMATION], ,San Francisco, ,CA ,[MAY CONTAIN PERSONALLY IDENTIFIABLE INFORMATION], ,Intersection,Dry,No Unusual Conditions,25, ,Dark - Lighted,Y, , , , , , , ,,Passenger Car,No Injuries Reported,Yes,Proceeding Straight,No,No, , , , , ,Y, , ,Y, , ,Stopped,No,Yes,No Passengers in Vehicle,0, ,Y, , ,Y, , , , , , , , , ,Y, ,Y,Y, , ,No,, ,Yes,, ,, ,, ,Yes, ,"On November [XXX], 2024 at 6:21 PM PT, a Waymo Autonomous Vehicle (Waymo AV) operating in San Francisco, California, was in a collision involving a passenger car on [XXX] at [XXX].
The Waymo AV was traveling north on [XXX] and came to a stop at the 3-way stop sign controlled intersection of [XXX], when a passenger car approached the Waymo AV from behind. The front of the passenger car made contact with the rear of the Waymo AV. At the time of the impact, the Waymo AVs Level 4 ADS was engaged in autonomous mode. The Waymo AV sustained damage.
Waymo is reporting this crash under Request No. 1 of Standing General Order 2021-01 because a vehicle involved was towed away. Waymo may supplement or correct its reporting with additional information as it may become available.",
30270-9259,1,Waymo LLC,5-Day,,,DEC-2024,SADHW2S12R1, ,N/A,Jaguar,I-PACE, ,2024, ,e7c7d499b6f8f51,15267, ,None,5th Generation ADS, , ,5th Generation, , ,Version 9, , ,, ,Y,,, ,Y,Yes (specify below),"CA DMV, CA PUC",Yes,ADS,Waymo LLC, , ,Y, , , , , ,,NOV-2024, ,NOV-2024,17:57, ,3aa44bb00362edf,[MAY CONTAIN PERSONALLY IDENTIFIABLE INFORMATION], ,[MAY CONTAIN PERSONALLY IDENTIFIABLE INFORMATION], ,[MAY CONTAIN PERSONALLY IDENTIFIABLE INFORMATION], ,Los Angeles, ,CA ,[MAY CONTAIN PERSONALLY IDENTIFIABLE INFORMATION], ,Intersection,Wet,No Unusual Conditions,35, ,Dark - Lighted, , , , ,Y, , , ,,Passenger Car,Minor,Yes,Making Left Turn,No,Yes, , , , , ,Y, ,Y,Y, , ,Proceeding Straight,No,Yes,No Passengers in Vehicle,21, , ,Y,Y, , ,Y, , , , , , , ,Y, ,Y,Y, , ,Yes,Los Angeles Police Department, ,Yes,[MAY CONTAIN PERSONALLY IDENTIFIABLE INFORMATION], ,[MAY CONTAIN PERSONALLY IDENTIFIABLE INFORMATION], ,,Y,Yes, ,"On November [XXX], 2024 at 5:57 PM PT, a Waymo Autonomous Vehicle (Waymo AV) operating in Los Angeles, California, was involved in a collision involving a passenger car at the intersection of [XXX] and [XXX].
The Waymo AV was traveling west on [XXX], and approaching [XXX] in lane 1, with the intention of proceeding straight through the intersection. As the Waymo AV began to enter the intersection after the traffic light turned yellow, an eastbound passenger car, waiting to make a left turn onto northbound [XXX], proceeded to make a left turn during the yellow traffic signal, and impacted the Waymo AV on the front driver side. At the time of the impact, the Waymo AV Level 4 ADS was engaged in autonomous mode. Both vehicles sustained damage and required towing services.",
30270-9234,1,Waymo LLC,1-Day,,,NOV-2024,SADHW2S14R1, ,N/A,Jaguar,I-Pace, ,2024, ,31c9cef6355228c,22729, ,None,5th Generation ADS, , ,5th Generation, , ,Version 9, , ,, ,Y,,, ,Y,Yes (specify below),"CA DMV, CA PUC           ",Yes,ADS,Waymo LLC, , ,Y, , , , , ,,NOV-2024, ,NOV-2024,04:04, ,245053e3a6a403b,[MAY CONTAIN PERSONALLY IDENTIFIABLE INFORMATION], ,[MAY CONTAIN PERSONALLY IDENTIFIABLE INFORMATION], ,[MAY CONTAIN PERSONALLY IDENTIFIABLE INFORMATION], ,Los Angeles, ,CA ,[MAY CONTAIN PERSONALLY IDENTIFIABLE INFORMATION], ,Street,Dry,No Unusual Conditions,25, ,Dark - Lighted,Y, , , , , , , ,,Non-Motorist: Pedestrian,Minor,No,"Other, see Narrative",,, , , , , , , , , , , ,"Other, see Narrative",No,No,Yes,4, , ,Y, , , , , , , , , , , ,Y, ,Y,Y, , ,No,, ,Yes,, ,, ,, ,Yes, ,"On November [XXX], 2024 Waymo received notice of an allegation that a Waymo Autonomous Vehicle (Waymo AV) operating in Los Angeles, California may have been in a low-speed collision with a non-motorist (pedestrian) on [XXX] near [XXX]. 
On November [XXX], 2024 at 4:04 AM PT a Waymo AV operating in Los Angeles, California was traveling northwest on [XXX] when it began to slow to yield to a pedestrian crossing the street ahead from right to left. After the pedestrian had crossed the path of the Waymo AV, the Waymo AV began to accelerate slightly then immediately began to slow again as the pedestrian turned around and approached the Waymo AV. As the Waymo AV was slowing, the pedestrian may have made contact with the driver side of the Waymo AV. 
At the time of the possible impact, the Waymo AVs Level 4 ADS was engaged in autonomous mode. The pedestrian later claimed to have a minor injury.  The Waymo AV did not sustain any damage. 
Even though this event may involve intentional contact by the pedestrian and the occurrence of actual contact between the Waymo AV and the pedestrian is not clear, Waymo is reporting this event as a crash under Request No. 1 of Standing General Order 2021-01 because a vulnerable road user (pedestrian) influenced the driving task of a vehicle involved and reportedly sustained a minor injury as a result of the event. Waymo may supplement or correct its reporting with additional information as it may become available.",
30270-9230,1,Waymo LLC,5-Day,,,NOV-2024,SADHW2S12R1, ,N/A,Jaguar,I-Pace, ,2024, ,18cdb02acc361c0,9074, ,None,5th Generation ADS, , ,5th Generation, , ,Version 9, , ,, ,Y,,, ,Y,Yes (specify below),"CA DMV, CA PUC",Yes,ADS,Waymo LLC, , ,Y, , , , , ,,NOV-2024, ,NOV-2024,08:39, ,04f0625614ddc1f,[MAY CONTAIN PERSONALLY IDENTIFIABLE INFORMATION], ,[MAY CONTAIN PERSONALLY IDENTIFIABLE INFORMATION], ,[MAY CONTAIN PERSONALLY IDENTIFIABLE INFORMATION], ,San Francisco, ,CA ,[MAY CONTAIN PERSONALLY IDENTIFIABLE INFORMATION], ,Intersection,Dry,No Unusual Conditions,25, ,Daylight, , ,Y, , , , , ,,Heavy Truck,No Injuries Reported,Yes,Making Left Turn,No,No, , , , , , ,Y, , , , ,Stopped,No,Yes,Yes,0, ,Y,Y, , , , , , , , , , , ,Y, ,Y,Y, , ,No,, ,Yes,, ,, ,, ,Yes, ,"On November [XXX], 2024 at 8:39 AM PT a Waymo Autonomous Vehicle (""Waymo AV"") operating in San Francisco, California was in a collision involving a heavy truck on [XXX] at [XXX]. 
The Waymo AV was stopped at a red light in the second lane from the left of five one-way lanes facing north on [XXX] at the intersection with [XXX] when a heavy truck came to a stop alongside the AV on the left, positioned partially within the AV's lane.  The light turned green and the AV remained stopped due to the very close proximity with the heavy truck within its lane to the left, and the heavy truck initiated a left turn. As the heavy truck turned, the rear passenger side corner of the heavy truck swung even further into the AV's lane and made contact with the driver side of the Waymo AV.  At the time of the impact, the Waymo AV's Level 4 ADS was engaged in autonomous mode. The Waymo AV sustained damage.
Waymo is reporting this crash under Request No. 1 of Standing General Order 2021-01 because a vehicle involved was towed away. Waymo may supplement or correct its reporting with additional information as it may become available.",
30270-9229,1,Waymo LLC,5-Day,,,NOV-2024,SADHW2S17R1, ,N/A,Jaguar,I-Pace, ,2024, ,1736a51f807f3e6,3777, ,None,5th Generation ADS, , ,5th Generation, , ,Version 9, , ,, ,Y,,, ,Y,Yes (specify below),"CA DMV, CA PUC",Yes,ADS,Waymo LLC, , ,Y, , , , , ,,NOV-2024, ,NOV-2024,07:21, ,cab2fa2cbb583cf,[MAY CONTAIN PERSONALLY IDENTIFIABLE INFORMATION], ,[MAY CONTAIN PERSONALLY IDENTIFIABLE INFORMATION], ,[MAY CONTAIN PERSONALLY IDENTIFIABLE INFORMATION], ,San Francisco, ,CA ,[MAY CONTAIN PERSONALLY IDENTIFIABLE INFORMATION], ,Street,Dry,No Unusual Conditions,25, ,Daylight, , ,Y, , , , , ,,Passenger Car,No Injuries Reported,Yes,Proceeding Straight,No,No, , ,Y, , ,Y, , , , , ,Stopped,No,Yes,Yes,0, , , , ,Y, , ,Y, , , , , , ,Y, ,Y,Y, , ,No,, ,Yes,, ,, ,, ,Yes, ,"On Monday, November [XXX], 2024 at 7:21 AM PST, a Waymo Autonomous Vehicle (""Waymo AV"") operating in San Francisco, California was in a collision involving a passenger car on [XXX] at [XXX].
The Waymo AV was traveling northbound on [XXX] in the leftmost of two northbound general-purpose travel lanes and came to a stop for the red traffic light at the intersection with [XXX]. While the Waymo AV was stopped, the passenger car traveling directly behind the AV did not come to a stop and the front bumper of the passenger car made contact with the rear bumper of the Waymo AV. At the time of the impact, the Waymo AV's Level 4 ADS was engaged in autonomous mode. Both vehicles sustained damage.
Waymo is reporting this crash under Request No. 1 of Standing General Order 2021-01 because a vehicle involved was towed away. Waymo may supplement or correct its reporting with additional information as it may become available.",
30270-9214,1,Waymo LLC,5-Day,,,NOV-2024,SADHW2S19R1, ,N/A,Jaguar,I-Pace, ,2024, ,af27b1e040a4a30,26065, ,None,5th Generation ADS, , ,5th Generation, , ,Version 9, , ,, ,Y,,, ,Y,Yes (specify below),"CA DMV, CA PUC",Yes,ADS,Waymo LLC, , ,Y, , , , , ,,NOV-2024, ,NOV-2024,01:35, ,bbb0e2252e1f4dc,[MAY CONTAIN PERSONALLY IDENTIFIABLE INFORMATION], ,[MAY CONTAIN PERSONALLY IDENTIFIABLE INFORMATION], ,[MAY CONTAIN PERSONALLY IDENTIFIABLE INFORMATION], ,Daly City, ,CA ,[MAY CONTAIN PERSONALLY IDENTIFIABLE INFORMATION], ,Street,Dry,No Unusual Conditions,25, ,Dark - Lighted, , ,Y, , , , , ,,Passenger Car,No Injuries Reported,Yes,Lane / Road Departure,No,No, , , , , , , , ,Y, , ,Parked,No,Yes,No Passengers in Vehicle,0, ,Y, , , , ,Y, , , , , , , ,Y, ,Y,Y, , ,No,, ,Yes,, ,, ,, ,Yes, ,"On Saturday, November [XXX], 2024 at 1:35 AM PST, a Waymo Autonomous Vehicle (""Waymo AV"") operating in Daly City, California was in a collision involving a passenger car on [XXX] at [XXX].
The Waymo AV was parked facing north on the east side of [XXX] when the front passenger side corner of a black passenger car traveling north on [XXX] made contact with the rear driver side corner of the Waymo AV. The impact caused the front of the Waymo AV to make contact with the rear bumper of the passenger car parked in front of the Waymo AV. The black passenger car then left the scene.  At the time of the impact, the Waymo AV's Level 4 ADS was engaged in autonomous mode. All three vehicles sustained damage.
Waymo is reporting this crash under Request No. 1 of Standing General Order 2021-01 because a vehicle involved was towed away. Waymo may supplement or correct its reporting with additional information as it may become available.",
30270-9059,2,Waymo LLC,10-Day Update,,,NOV-2024,SADHW2S12R1, ,N/A,Jaguar,I-Pace, ,2024, ,144531f119ed590,30056, ,None,5th Generation ADS, , ,5th Generation, , ,Version 9, , ,, ,Y,,, ,Y,Yes (specify below),"CA DMV, CA PUC            ",Yes,ADS,Waymo LLC, , ,Y, , , , , ,,NOV-2024, ,NOV-2024,11:17, ,cfa9cbb0323fac7,[MAY CONTAIN PERSONALLY IDENTIFIABLE INFORMATION], ,[MAY CONTAIN PERSONALLY IDENTIFIABLE INFORMATION], ,[MAY CONTAIN PERSONALLY IDENTIFIABLE INFORMATION], ,Los Angeles, ,CA ,[MAY CONTAIN PERSONALLY IDENTIFIABLE INFORMATION], ,Street,Dry,Work Zone,25, ,Daylight,Y, , , , , , , ,,"Other, see Narrative",No Injuries Reported,Yes,Backing,No,No, , , ,Y, , , , , , , ,Stopped,No,No,No Passengers in Vehicle,0, , , , , , , , ,Y, , , , , ,Y, ,Y,Y, , ,No,, ,Yes,, ,, ,, ,Yes, ,"The content of this report is unchanged from the initial report submitted on November 8, 2024 [REDACTED, MAY CONTAIN CONFIDENTIAL BUSINESS INFORMATION]. 
On November [XXX], 2024 at 11:17 AM PT a Waymo Autonomous Vehicle (Waymo AV) operating in Los Angeles, California was in a collision involving a Skid-Steer Loader (Bobcat S570) on [XXX] near [XXX]. 
The Waymo AV was traveling west on [XXX] when it slowed to a stop to yield to a road construction worker holding a hand held stop sign. While the Waymo AV remained stopped, a Skid-Steer Loader in the work zone to the right of the Waymo AV began to reverse. The rear of the Skid-Steer Loader made contact with the passenger side of the Waymo AV. At the time of the impact, the Waymo AVs Level 4 ADS was engaged in autonomous mode. The Waymo AV sustained damage.
Waymo is reporting this crash under Request No. 1 of Standing General Order 2021-01 because a vulnerable road user influenced the driving task of a vehicle involved. Waymo may supplement or correct its reporting with additional information as it may become available.",
30270-9039,2,Waymo LLC,10-Day Update,,,NOV-2024,SADHW2S16M1, ,N/A,Jaguar,I-Pace, ,2021, ,d13ac18a7edf332,115280, ,None,5th Generation ADS, , ,5th Generation, , ,Version 9, , ,, ,Y,,, ,Y,Yes (specify below),"CA DMV, CA PUC          ",Yes,ADS,Waymo LLC, , ,Y, , , , , ,,NOV-2024, ,NOV-2024,09:00, ,f54df4d20d34fd6,[MAY CONTAIN PERSONALLY IDENTIFIABLE INFORMATION], ,[MAY CONTAIN PERSONALLY IDENTIFIABLE INFORMATION], ,[MAY CONTAIN PERSONALLY IDENTIFIABLE INFORMATION], ,San Francisco, ,CA ,[MAY CONTAIN PERSONALLY IDENTIFIABLE INFORMATION], ,Intersection,Dry,"Other, see Narrative",25, ,Daylight,Y, , , , , , , ,,Pickup Truck,No Injuries Reported,Yes,Changing Lanes,No,No, , , , , , , ,Y, , , ,Stopped,No,No,Yes,0, ,Y, , , , , , , , , , , , ,Y, ,Y,Y, , ,No,, ,Yes,, ,, ,, ,Yes, ,"The content of this report is unchanged from the initial report submitted on November 7, 2024 [REDACTED, MAY CONTAIN CONFIDENTIAL BUSINESS INFORMATION]. 
On November [XXX], 2024 at 9:00 AM PT a Waymo Autonomous Vehicle (Waymo AV) operating in San Francisco, California was in a collision involving a pickup truck on [XXX] at [XXX].
The Waymo AV was traveling northeast in the rightmost lane of [XXX] when it slowed to a stop at the intersection with [XXX] (just as the traffic light changed from yellow to red) to yield to a traffic control officer who was directing traffic in the crosswalk. While the traffic light remained red, the Waymo AV reversed approximately one car length at a low rate of speed then slowed to a stop. When the traffic light ahead of the Waymo AV turned green and the Waymo AV remained stopped, a pickup truck that had pulled up behind the Waymo AV changed lanes into the left adjacent lane to maneuver around the Waymo AV, making contact with the rear driver side corner of the Waymo AV. The pickup truck then reversed briefly before proceeding through the intersection. At the time of the impact, the Waymo AVs Level 4 ADS was engaged in autonomous mode. Both vehicles sustained damage.
Waymo is reporting this crash under Request No. 1 of Standing General Order 2021-01 because a vulnerable road user influenced the driving task of a vehicle involved. Waymo may supplement or correct its reporting with additional information as it may become available.",
30270-9189,1,Waymo LLC,Monthly,10,2024,NOV-2024,SADHW2S19R1, ,N/A,Jaguar,I-Pace, ,2024, ,bdbc6e1e4284a36,30549, ,None,5th Generation ADS, , ,5th Generation, , ,Version 9, , ,, ,Y,,, ,Y,Yes (specify below),"CA DMV, CA PUC",Yes,ADS,Waymo LLC, , ,Y, , , , , ,,OCT-2024, ,OCT-2024,18:47, ,7c2668762eb5efa,[MAY CONTAIN PERSONALLY IDENTIFIABLE INFORMATION], ,[MAY CONTAIN PERSONALLY IDENTIFIABLE INFORMATION], ,[MAY CONTAIN PERSONALLY IDENTIFIABLE INFORMATION], ,San Francisco, ,CA ,[MAY CONTAIN PERSONALLY IDENTIFIABLE INFORMATION], ,Street,Dry,No Unusual Conditions,25, ,Dark - Lighted, , ,Y, , , , , ,,Passenger Car,No Injuries Reported,Yes,Entering Traffic,No,No, , , , , , , ,Y, , , ,Stopped,No,No,No Passengers in Vehicle,0, ,Y, , , , , , , , , , , , ,Y, ,Y,Y, , ,No,, ,Yes,, ,, ,, ,Yes, ,"On October [XXX], 2024 at 6:47 PM PT a Waymo Autonomous Vehicle (""Waymo AV"") operating in San Francisco, California was in a collision involving a passenger car on [XXX] at [XXX]. 
The Waymo AV was stopped at the right curb facing southeast on [XXX] for a passenger pick up when a passenger car pulled out of a driveway behind the Waymo AV and initiated a right turn onto southeast [XXX]. As the passenger car was passing around the Waymo AV, the passenger side of the passenger car made contact with the rear driver side of the Waymo AV.  At the time of the impact, the Waymo AV's Level 4 ADS was engaged in autonomous mode.  Both vehicles sustained damage.
Waymo is reporting this crash under Request No. 2 of Standing General Order 2021-01. Waymo may supplement or correct its reporting with additional information as it may become available.",
30270-9188,1,Waymo LLC,Monthly,10,2024,NOV-2024,SADHW2S19R1, ,N/A,Jaguar,I-Pace, ,2024, ,abc389400e38684,17354, ,None,5th Generation ADS, , ,5th Generation, , ,Version 9, , ,, ,Y,,, ,Y,Yes (specify below),"CA DMV, CA PUC",Yes,ADS,Waymo LLC, , ,Y, , , , , ,,OCT-2024, ,OCT-2024,16:08, ,b04a870b2f0c106,[MAY CONTAIN PERSONALLY IDENTIFIABLE INFORMATION], ,[MAY CONTAIN PERSONALLY IDENTIFIABLE INFORMATION], ,[MAY CONTAIN PERSONALLY IDENTIFIABLE INFORMATION], ,San Francisco, ,CA ,[MAY CONTAIN PERSONALLY IDENTIFIABLE INFORMATION], ,Street,Dry,No Unusual Conditions,15, ,Daylight,Y, , , , , , , ,,SUV,No Injuries Reported,Yes,Passing,No,No, , , , , , , ,Y, , , ,Stopped,No,No,Yes,0, ,Y, , , , , , , , , , , , ,Y, ,Y,Y, , ,No,, ,Yes,, ,, ,, ,Yes, ,"On October [XXX], 2024 at 4:08 PM PT a Waymo Autonomous Vehicle (""Waymo AV"") operating in San Francisco, California was in a collision involving an SUV on [XXX] at [XXX]. 
The Waymo AV was parked at the curb facing north on [XXX] just before the intersection at [XXX] for a rider pickup. An SUV traveling north on [XXX] was stopped in a traffic queue behind the Waymo AV waiting for the red traffic light to turn green.  After the light turned green, the SUV began passing the Waymo AV and the passenger side of the SUV made contact with the rear driver side of the Waymo AV.  At the time of the impact, the Waymo AV's Level 4 ADS was engaged in autonomous mode. The Waymo AV  sustained damage.
Waymo is reporting this crash under Request No. 2 of Standing General Order 2021-01.  Waymo may supplement or correct its reporting with additional information as it may become available.",
30270-9187,1,Waymo LLC,Monthly,10,2024,NOV-2024,SADHW2S1XR1, ,N/A,Jaguar,I-Pace, ,2024, ,30d416716606fc7,1122, ,None,5th Generation ADS, , ,5th Generation, , ,Version 9, , ,, ,Y,,, ,Y,Yes (specify below),"CA PUC, CA DMV",Yes,ADS,Waymo LLC, , ,Y, , , , , ,,OCT-2024, ,OCT-2024,09:09, ,a85bce110d12bb8,[MAY CONTAIN PERSONALLY IDENTIFIABLE INFORMATION], ,[MAY CONTAIN PERSONALLY IDENTIFIABLE INFORMATION], ,[MAY CONTAIN PERSONALLY IDENTIFIABLE INFORMATION], ,San Francisco, ,CA ,[MAY CONTAIN PERSONALLY IDENTIFIABLE INFORMATION], ,Street,Dry,No Unusual Conditions,25, ,Daylight,Y, , , , , , , ,,Van,No Injuries Reported,Yes,Proceeding Straight,No,No, , , , , , , ,Y, , , ,Proceeding Straight,No,No,Yes,2, , , ,Y, , , , , , , , , , ,Y, ,Y,Y, , ,No,, ,Yes,, ,, ,, ,Yes, ,"On October [XXX], 2024 at 9:09 AM PT a Waymo Autonomous Vehicle (""Waymo AV"") operating in San Francisco, California was in a collision involving a minivan on [XXX] at [XXX]. 
The Waymo AV was stopped facing southeast in the southbound lane of [XXX] preparing for an unprotected left turn onto [XXX] while yielding to northbound traffic on [XXX] at a green light. The AV re-routed in response to heavy northbound traffic and as the AV began proceeding straight, aminivan attempted to pass the Waymo AV on the left, partially crossing into the opposing lane of traffic. The passenger side of the minivan made contact with the driver side of the Waymo AV. At the time of the impact, the Waymo AV's Level 4 ADS was engaged in autonomous mode.  Both vehicles sustained damage.
Waymo is reporting this crash under Request No. 2 of Standing General Order 2021-01.  Waymo may supplement or correct its reporting with additional information as it may become available.",
30270-9186,1,Waymo LLC,Monthly,10,2024,NOV-2024,SADHW2S12R1, ,N/A,Jaguar,I-Pace, ,2024, ,c3868a60524aabc,18027, ,None,5th Generation ADS, , ,5th Generation, , ,Version 9, , ,, ,Y,,, ,Y,Yes (specify below),"CA PUC, CA DMV",Yes,ADS,Waymo LLC, , ,Y, , , , , ,,OCT-2024, ,OCT-2024,20:04, ,9c8f0e8f37ada10,[MAY CONTAIN PERSONALLY IDENTIFIABLE INFORMATION], ,[MAY CONTAIN PERSONALLY IDENTIFIABLE INFORMATION], ,[MAY CONTAIN PERSONALLY IDENTIFIABLE INFORMATION], ,San Francisco, ,CA ,[MAY CONTAIN PERSONALLY IDENTIFIABLE INFORMATION], ,Street,Dry,No Unusual Conditions,20, ,Dark - Lighted,Y, , , , , , , ,,SUV,No Injuries Reported,Yes,Proceeding Straight,No,No, , , , , ,Y, , , , , ,Proceeding Straight,No,No,No Passengers in Vehicle,6, , , , ,Y, , , , , , , , , ,Y, ,Y,Y, , ,Yes,San Francisco Police Department, ,Yes,[MAY CONTAIN PERSONALLY IDENTIFIABLE INFORMATION], ,,Y,,Y,Yes, ,"On October [XXX], 2024 at 8:04 PM PT a Waymo Autonomous Vehicle (""Waymo AV"") operating in San Francisco, California was in a collision involving a SUV on [XXX] near [XXX].
The Waymo AV was traveling east on [XXX] and was slowing to yield to a traffic queue at a red light at the intersection with Kearny Street. As the Waymo AV slowed, the front bumper of the SUV traveling directly behind the Waymo AV made contact with the rear bumper of the Waymo AV. At the time of the impact, the Waymo AV's Level 4 ADS was engaged in autonomous mode. Both vehicles sustained damage.
Waymo is reporting this crash under Request No. 2 of Standing General Order 2021-01. Waymo may supplement or correct its reporting with additional information as it may become available.",
30270-9184,1,Waymo LLC,Monthly,10,2024,NOV-2024,SADHW2S11R1, ,N/A,Jaguar,I-Pace, ,2024, ,fd03fbabacd53ce,5632, ,None,5th Generation ADS, , ,5th Generation, , ,Version 9, , ,, ,Y,,, ,Y,Yes (specify below),"CA DMV, CA PUC",Yes,ADS,Waymo LLC, , ,Y, , , , , ,,OCT-2024, ,OCT-2024,07:23, ,7a84cfa4ce4d3a5,[MAY CONTAIN PERSONALLY IDENTIFIABLE INFORMATION], ,[MAY CONTAIN PERSONALLY IDENTIFIABLE INFORMATION], ,[MAY CONTAIN PERSONALLY IDENTIFIABLE INFORMATION], ,Culver City, ,CA ,[MAY CONTAIN PERSONALLY IDENTIFIABLE INFORMATION], ,Street,Dry,No Unusual Conditions,45, ,Daylight,Y, , , , , , , ,,Passenger Car,No Injuries Reported,Yes,Proceeding Straight,No,No, , , , , ,Y, , , , , ,Stopped,No,No,No Passengers in Vehicle,0, , , , ,Y, , , , , , , , , ,Y, ,Y,Y, , ,No,, ,Yes,, ,, ,, ,Yes, ,"On October [XXX], 2024 at 7:23 AM PT a Waymo Autonomous Vehicle (""Waymo AV"") operating in Culver City, California was in a collision involving a passenger car on [XXX] at [XXX].
The Waymo AV was stopped facing west on [XXX] in a queue of traffic when a passenger car that had been stopped behind the Waymo AV began moving forward. The front bumper of the passenger car made contact with the rear bumper of the Waymo AV. At the time of the impact, the Waymo AV's Level 4 ADS was engaged in autonomous mode. The Waymo AV sustained damage.
Waymo is reporting this crash under Request No. 2 of Standing General Order 2021-01. Waymo may supplement or correct its reporting with additional information as it may become available.",