Report ID,Report Version,Reporting Entity,Report Type,Report Month,Report Year,Report Submission Date,VIN,VIN - Unknown,Serial Number,Make,Model,Model - Unknown,Model Year,Model Year - Unknown,Same Vehicle ID,Mileage,Mileage - Unknown,Driver / Operator Type,ADAS/ADS System Version,ADAS/ADS System Version - Unk,ADAS/ADS System Version CBI,ADAS/ADS Hardware Version,ADAS/ADS Hardware Version - Unk,ADAS/ADS Hardware Version CBI,ADAS/ADS Software Version,ADAS/ADS Software Version - Unk,ADAS/ADS Software Version CBI,Other Reporting Entities?,Other Reporting Entities? - Unk,Other Reporting Entities? - NA,Federal Regulatory Exemption?,Other Federal Reg. Exemption,Federal Reg. Exemption - Unk,Federal Reg. Exemption - No,State or Local Permit?,State or Local Permit,ADS Equipped?,Automation System Engaged?,Operating Entity,Operating Entity - Unknown,Source - Complaint/Claim,Source - Telematics,Source - Law Enforcement,Source - Field Report,Source - Testing,Source - Media,Source - Other,Source - Other Text,Incident Date,Incident Date - Unknown,Notice Received Date,Incident Time (24:00),Incident Time - Unknown,Same Incident ID,Latitude,Latitude - Unknown,Longitude,Longitude - Unknown,Address,Address - Unknown,City,City - Unknown,State,Zip Code,Zip Code - Unknown,Roadway Type,Roadway Surface,Roadway Description,Posted Speed Limit (MPH),Posted Speed Limit - Unknown,Lighting,Weather - Clear,Weather - Snow,Weather - Cloudy,Weather - Fog/Smoke,Weather - Rain,Weather - Severe Wind,Weather - Unknown,Weather - Other,Weather - Other Text,Crash With,Highest Injury Severity Alleged,Property Damage?,CP Pre-Crash Movement,CP Any Air Bags Deployed?,CP Was Vehicle Towed?,CP Contact Area - Rear Left,CP Contact Area - Left,CP Contact Area - Front Left,CP Contact Area - Rear,CP Contact Area - Top,CP Contact Area - Front,CP Contact Area - Rear Right,CP Contact Area - Right,CP Contact Area - Front Right,CP Contact Area - Bottom,CP Contact Area - Unknown,SV Pre-Crash Movement,SV Any Air Bags Deployed?,SV Was Vehicle Towed?,SV Were All Passengers Belted?,SV Precrash Speed (MPH),SV Pre-crash Speed - Unknown,SV Contact Area - Rear Left,SV Contact Area - Left,SV Contact Area - Front Left,SV Contact Area - Rear,SV Contact Area - Top,SV Contact Area - Front,SV Contact Area - Rear Right,SV Contact Area - Right,SV Contact Area - Front Right,SV Contact Area - Bottom,SV Contact Area - Unknown,Data Availability - EDR,Data Availability - Police Rpt,Data Availability - Telematics,Data Availability - Complaints,Data Availability - Video,Data Availability - Other,Data Availability - No Data,Data Availability - Unknown,Law Enforcement Investigating?,Investigating Agency,Investigating Agency - Unknown,Rep Ent Or Mfr Investigating?,Investigating Officer Name,Inv. Officer Name - Unknown,Investigating Officer Phone,Inv. Officer Phone - Unknown,Investigating Officer Email,Inv. Officer Email - Unknown,Within ODD?,Within ODD? - CBI,Narrative,Narrative - CBI?
30270-8982,2,Waymo LLC,10-Day Update,,,NOV-2024,SADHW2S1XR1, ,N/A,Jaguar,I-Pace, ,2024, ,63d5996f05e3f54,13635, ,None,5th Generation ADS, , ,5th Generation, , ,Version 9, , ,, ,Y,,, ,Y,Yes (specify below),"CA PUC, CA DMV",Yes,ADS,Waymo LLC, , ,Y, , , , , ,,OCT-2024, ,OCT-2024,09:04, ,1f2bee64088ae54,[MAY CONTAIN PERSONALLY IDENTIFIABLE INFORMATION], ,[MAY CONTAIN PERSONALLY IDENTIFIABLE INFORMATION], ,[MAY CONTAIN PERSONALLY IDENTIFIABLE INFORMATION], ,San Francisco, ,CA ,[MAY CONTAIN PERSONALLY IDENTIFIABLE INFORMATION], ,Street,Dry,Traffic Incident,25, ,Daylight,Y, , , , , , , ,,Passenger Car,No Injuries Reported,Yes,Changing Lanes,No,No, , , , , , , ,Y, , , ,Stopped,No,No,No Passengers in Vehicle,0, ,Y, , , , , , , , , , , , ,Y, ,Y,Y, , ,No,, ,Yes,, ,, ,, ,Yes, ,"The content of this report is unchanged from the initial report submitted on October 31, 2024 [REDACTED, MAY CONTAIN CONFIDENTIAL BUSINESS INFORMATION]. 
On October [XXX], 2024 at 9:04 AM PT a Waymo Autonomous Vehicle (""Waymo AV"") operating in San Francisco, California was in a collision involving a passenger car on [XXX] at [XXX]. 
The Waymo AV was traveling in the rightmost lane of two northbound lanes on [XXX] near the intersection with [XXX] when it encountered the scene of a prior collision between a passenger car and an SUV. The two vehicles were stopped in the rightmost lane. The Waymo AV came to a stop behind the passenger car and a queue of traffic in the left lane began passing the scene. While the Waymo AV was stopped, occupants of the SUV and the passenger car exited their vehicles, apparently to inspect damage and/or exchange information. The Waymo AV detected these pedestrians and began yielding to them while attempting to plan a passing maneuver to clear the scene. Shortly after the pedestrians exited their vehicles, an SUV that had been stopped behind the Waymo AV passed the Waymo AV on the left followed by a passenger car that had been stopped behind the SUV. As the passenger car initiated its passing maneuver, a heavy truck passing the scene in the left lane made contact with the drive side of the passenger car. The impact between the heavy truck and the passenger car caused the passenger side of the passenger car to make contact with the rear left corner of the stopped Waymo AV. At the time of the impact, the Waymo AV's Level 4 ADS was engaged in autonomous mode. All three vehicles sustained damage.
Waymo is reporting this crash under Request No. 1 of Standing General Order 2021-01 a vulnerable road user influenced the driving task of a vehicle involved. Waymo may supplement or correct its reporting with additional information as it may become available.",
30270-8979,3,Waymo LLC,10-Day Update,,,NOV-2024,SADHW2S17R1, ,N/A,Jaguar,I-Pace, ,2024, ,8728edfe6c7deed,20994, ,None,5th Generation ADS, , ,5th Generation, , ,Version 9, , ,, ,Y,,, ,Y,Yes (specify below),"CA PUC, CA DMV",Yes,ADS,Waymo LLC, , ,Y, , , , , ,,OCT-2024, ,OCT-2024,13:57, ,312ced3d6dc57f8,[MAY CONTAIN PERSONALLY IDENTIFIABLE INFORMATION], ,[MAY CONTAIN PERSONALLY IDENTIFIABLE INFORMATION], ,[MAY CONTAIN PERSONALLY IDENTIFIABLE INFORMATION], ,San Francisco, ,CA ,[MAY CONTAIN PERSONALLY IDENTIFIABLE INFORMATION], ,Street,Dry,No Unusual Conditions,25, ,Daylight,Y, , , , , , , ,,Passenger Car,No Injuries Reported,Yes,Passing,No,No, , , , , , ,Y,Y, , , ,Stopped,No,No,Yes,0, ,Y, , , , , , , , , , , , ,Y, ,Y,Y, , ,No,, ,Yes,, ,, ,, ,Yes, ,"The content of this report is unchanged from report 30270-8979-2, which was an update to report 30270-8979-1, originally submitted on October 30, 2024. 
This is an update to previously submitted report 30270-8979-1, submitted on October 30, 2024. The previous report indicated that the time of collision was 1:57. The actual time of collision was 13:57. The other contents of the report remain unchanged.
On October [XXX], 2024 at 1:57 PM PT a Waymo Autonomous Vehicle (""Waymo AV"") operating in San Francisco, California was in a collision involving a passenger vehicle on [XXX] at [XXX].
The Waymo AV was traveling eastbound on [XXX] toward the intersection with [XXX], and traveling to the left around a parked truck when a cyclist traveling in the same direction passed the Waymo AV on the left. The Waymo AV detected that contact with the cyclist may have been made and came to a stop, but the cyclist continued without slowing or stopping. The passenger vehicle behind the Waymo AV then attempted to maneuver to the left around the stopped Waymo AV, and the passenger side of the passenger car made contact with the driver side rear corner of the Waymo AV. At the time of the impact, the Waymo AV's Level 4 ADS was engaged in autonomous mode. The passenger vehicle sustained damage.
Waymo is reporting this crash under Request No. 1 of Standing General Order 2021-01 because a vulnerable road user influenced the driving task of a vehicle involved. Waymo may supplement or correct its reporting with additional information as it may become available.",
30270-9039,1,Waymo LLC,1-Day,,,NOV-2024,SADHW2S16M1, ,N/A,Jaguar,I-Pace, ,2021, ,d13ac18a7edf332,115280, ,None,5th Generation ADS, , ,5th Generation, , ,Version 9, , ,, ,Y,,, ,Y,Yes (specify below),"CA DMV, CA PUC          ",Yes,ADS,Waymo LLC, , ,Y, , , , , ,,NOV-2024, ,NOV-2024,09:00, ,f54df4d20d34fd6,[MAY CONTAIN PERSONALLY IDENTIFIABLE INFORMATION], ,[MAY CONTAIN PERSONALLY IDENTIFIABLE INFORMATION], ,[MAY CONTAIN PERSONALLY IDENTIFIABLE INFORMATION], ,San Francisco, ,CA ,[MAY CONTAIN PERSONALLY IDENTIFIABLE INFORMATION], ,Intersection,Dry,"Other, see Narrative",25, ,Daylight,Y, , , , , , , ,,Pickup Truck,No Injuries Reported,Yes,Changing Lanes,No,No, , , , , , , ,Y, , , ,Stopped,No,No,Yes,0, ,Y, , , , , , , , , , , , ,Y, ,Y,Y, , ,No,, ,Yes,, ,, ,, ,Yes, ,"On November [XXX], 2024 at 9:00 AM PT a Waymo Autonomous Vehicle (Waymo AV) operating in San Francisco, California was in a collision involving a pickup truck on [XXX] at [XXX].
The Waymo AV was traveling northeast in the rightmost lane of [XXX] when it slowed to a stop at the intersection with [XXX] (just as the traffic light changed from yellow to red) to yield to a traffic control officer who was directing traffic in the crosswalk. While the traffic light remained red, the Waymo AV reversed approximately one car length at a low rate of speed then slowed to a stop. When the traffic light ahead of the Waymo AV turned green and the Waymo AV remained stopped, a pickup truck that had pulled up behind the Waymo AV changed lanes into the left adjacent lane to maneuver around the Waymo AV, making contact with the rear driver side corner of the Waymo AV. The pickup truck then reversed briefly before proceeding through the intersection. At the time of the impact, the Waymo AVs Level 4 ADS was engaged in autonomous mode. Both vehicles sustained damage.
Waymo is reporting this crash under Request No. 1 of Standing General Order 2021-01 because a vulnerable road user influenced the driving task of a vehicle involved. Waymo may supplement or correct its reporting with additional information as it may become available.",
30270-8968,2,Waymo LLC,10-Day Update,,,NOV-2024,SADHW2S16R1, ,N/A,Jaguar,I-Pace, ,2024, ,82faed3679e4f36,1305, ,None,5th Generation ADS, , ,5th Generation, , ,Version 9, , ,, ,Y,,, ,Y,Yes (specify below),"CA DMV, CA PUC",Yes,ADS,Waymo LLC, , ,Y, , , , , ,,OCT-2024, ,OCT-2024,08:58, ,2abc9b4faef00d9,[MAY CONTAIN PERSONALLY IDENTIFIABLE INFORMATION], ,[MAY CONTAIN PERSONALLY IDENTIFIABLE INFORMATION], ,[MAY CONTAIN PERSONALLY IDENTIFIABLE INFORMATION], ,San Francisco, ,CA ,[MAY CONTAIN PERSONALLY IDENTIFIABLE INFORMATION], ,Street,Dry,No Unusual Conditions,25, ,Daylight,Y, , , , , , , ,,SUV,Serious,Yes,Stopped,No,Yes, , , , , , , , ,Y, , ,Stopped,No,Yes,Yes,0, , ,Y, , , , , , , , , , , ,Y, ,Y,Y, , ,Yes,San Francisco Police Department, ,Yes,[MAY CONTAIN PERSONALLY IDENTIFIABLE INFORMATION], ,,Y,,Y,Yes, ,"The content of this report is unchanged from the initial report submitted on October 29, 2024 [REDACTED, MAY CONTAIN CONFIDENTIAL BUSINESS INFORMATION]. 
On October [XXX], 2024 at 8:52 AM PT a Waymo Autonomous Vehicle (""Waymo AV"") operating in San Francisco, California was in a collision involving a SUV on [XXX] at [XXX]. 
The Waymo AV came to a stop in a queue of traffic for a red traffic light in the rightmost lane of the two eastbound lanes on [XXX] at the intersection with [XXX].  A passenger car traveling west on [XXX] crossed the double yellow line and made contact with an SUV that was alongside the Waymo AV in the left lane of eastbound [XXX].  The impact caused the passenger side of the SUV to make contact with the driver side of the Waymo AV.  At the time of the impact, the Waymo AV's Level 4 ADS was engaged in autonomous mode.  All three vehicles sustained damage.
Waymo is reporting this crash under Request No. 1 of Standing General Order 2021-01 because an individual involved was transported from the scene to a hospital for medical treatment. Waymo may supplement or correct its reporting with additional information as it may become available.",
30270-9015,1,Waymo LLC,1-Day,,,NOV-2024,SADHW2S18R1, ,N/A,Jaguar,I-Pace, ,2024, ,d642b99fb76068b,27235, ,None,5th Generation ADS, , ,5th Generation, , ,Version 9, , ,, ,Y,,, ,Y,Yes (specify below),"CA DMV, CA PUC         ",Yes,ADS,Waymo LLC, , ,Y, , , , , ,,NOV-2024, ,NOV-2024,00:02, ,7ba50d95e189af8,[MAY CONTAIN PERSONALLY IDENTIFIABLE INFORMATION], ,[MAY CONTAIN PERSONALLY IDENTIFIABLE INFORMATION], ,[MAY CONTAIN PERSONALLY IDENTIFIABLE INFORMATION], ,Los Angeles, ,CA ,[MAY CONTAIN PERSONALLY IDENTIFIABLE INFORMATION], ,Street,Dry,No Unusual Conditions,25, ,Dark - Lighted,Y, , , , , , , ,,Non-Motorist: Cyclist,Minor,Yes,Proceeding Straight,,, , , , , , , , , , , ,Stopped,No,No,"No, see Narrative",0, , , , , , , , ,Y, , , , , ,Y, ,Y,Y, , ,No,, ,Yes,, ,, ,, ,Yes, ,"On November [XXX], 2024 at 12:02 AM PT a Waymo Autonomous Vehicle (Waymo AV) operating in Los Angeles, California was in a collision involving a cyclist on [XXX] near [XXX].  
The Waymo AV was traveling west on [XXX] when it came to a stop for a passenger drop off. A rider in the Waymo AV opened the rear passenger side door as a cyclist was approaching from the rear to the right side of the Waymo AV. The cyclist made contact with the Waymo AVs opened rear passenger side door. One of the two passengers in the Waymo AV was not belted at the time of impact, likely because the vehicle was at a dropoff location and they were preparing to exit. At the time of the impact, the Waymo AVs Level 4 ADS was engaged in autonomous mode. The cyclist reported a minor injury. 
Waymo is reporting this crash under Request No. 1 of Standing General Order 2021-01 because a vulnerable road user was involved. Waymo may supplement or correct its reporting with additional information as it may become available.",
30270-9014,1,Waymo LLC,5-Day,,,NOV-2024,SADHW2S18R1, ,N/A,Jaguar,I-Pace, ,2024, ,1ecbf2a39309445,25427, ,None,5th Generation ADS, , ,5th Generation, , ,Version 9, , ,, ,Y,,, ,Y,Yes (specify below),"CA DMV, CA PUC",Yes,ADS,Waymo LLC, , ,Y, , , , , ,,OCT-2024, ,OCT-2024,17:21, ,d86b5e4edebab1b,[MAY CONTAIN PERSONALLY IDENTIFIABLE INFORMATION], ,[MAY CONTAIN PERSONALLY IDENTIFIABLE INFORMATION], ,[MAY CONTAIN PERSONALLY IDENTIFIABLE INFORMATION], ,San Francisco, ,CA ,[MAY CONTAIN PERSONALLY IDENTIFIABLE INFORMATION], ,Street,Dry,No Unusual Conditions,25, ,Daylight,Y, , , , , , , ,,Passenger Car,No Injuries Reported,Yes,Passing,No,Yes, , , , , , , , ,Y, , ,Changing Lanes,No,Yes,No Passengers in Vehicle,8, , ,Y,Y, , , , , , , , , , ,Y, ,Y,Y, , ,No,, ,Yes,, ,, ,, ,Yes, ,"On October [XXX], 2024 at 5:20 PM PT a Waymo Autonomous Vehicle (""Waymo AV"") operating in San Francisco, California was in a collision involving a passenger car on [XXX] at [XXX].
The Waymo AV was traveling south on [XXX] in the center lane of three southbound lanes in heavy traffic. The AV planned a lane change into the left lane and activated its left turn signal. As it approached a queue of stopped traffic ahead, it initiated a left lane change. As the AV was entering the left lane with its turn signal still activated, the passenger car that was traveling slowly behind the AV in the left lane accelerated and the passenger side of the passenger car made contact with the driver side of the Waymo AV.  At the time of the impact, the Waymo AV's Level 4 ADS was engaged in autonomous mode. Both vehicles sustained damage.
Waymo is reporting this crash under Request No. 1 of Standing General Order 2021-01 because a vehicle involved was towed away. Waymo may supplement or correct its reporting with additional information as it may become available.",
30270-9013,1,Waymo LLC,5-Day,,,NOV-2024,SADHW2S18R1, ,N/A,Jaguar,I-Pace, ,2024, ,30487ce0543c3e4,3089, ,None,5th Generation ADS, , ,5th Generation, , ,Version 9, , ,, ,Y,,, ,Y,Yes (specify below),"CA PUC, CA DMV",Yes,ADS,Waymo LLC, , ,Y, , , , , ,,OCT-2024, ,OCT-2024,12:21, ,bc48a1958207dc5,[MAY CONTAIN PERSONALLY IDENTIFIABLE INFORMATION], ,[MAY CONTAIN PERSONALLY IDENTIFIABLE INFORMATION], ,[MAY CONTAIN PERSONALLY IDENTIFIABLE INFORMATION], ,Los Angeles, ,CA ,[MAY CONTAIN PERSONALLY IDENTIFIABLE INFORMATION], ,Intersection,Dry,No Unusual Conditions,25, ,Daylight, , ,Y, , , , , ,,Bus,No Injuries Reported,Yes,Making Right Turn,No,No, , ,Y, , , , , , , , ,Making Left Turn,No,Yes,Yes,13, , , , , , , , ,Y,Y, , , , ,Y, ,Y,Y, , ,No,, ,Yes,, ,, ,, ,Yes, ,"On October [XXX], 2024 at 12:21 PM PT a Waymo Autonomous Vehicle (""Waymo AV"") operating in Los Angeles, California was in a collision involving a bus on [XXX] at [XXX]. 
The Waymo AV was traveling north in the left lane of two lanes on [XXX]. The Waymo AV had partially entered the intersection to stage for an unprotected left turn onto westbound [XXX] when a bus traveling south in the rightmost lane of oncoming traffic approached the intersection. The light turned red and the Waymo AV initiated its unprotected left turn into the leftmost lane of westbound [XXX] to clear the intersection, and the bus initiated a wide right turn into the rightmost lane of westbound [XXX]. The bus partially entered the leftmost lane of westbound [XXX] as it was executing its turn and the front driver side corner of the bus made contact with the passenger side of the Waymo AV. At the time of the impact, the Waymo AV's Level 4 ADS was engaged in autonomous mode. Both vehicles sustained damage.
Waymo is reporting this crash under Request No. 1 of Standing General Order 2021-01 because a vehicle involved was towed away.  Waymo may supplement or correct its reporting with additional information as it may become available.",
30610-8956,2,"Zoox, Inc.",10-Day Update,,,NOV-2024,5TDDGRFH6HS, ,N/A,Toyota,Highlander, ,2017, ,b1784ffeed4c799,99310, ,In-Vehicle (Commercial / Test),147.24.10.24, , ,147.24.10.24, , ,147.24.10.24, , ,, ,Y,,, ,Y,Yes (specify below),CA DMV AVT Permit,Yes,ADS,Zoox, , , , ,Y,Y, , ,,OCT-2024, ,OCT-2024,10:00, ,1e1418541038c4a,[MAY CONTAIN PERSONALLY IDENTIFIABLE INFORMATION], ,[MAY CONTAIN PERSONALLY IDENTIFIABLE INFORMATION], ,[MAY CONTAIN PERSONALLY IDENTIFIABLE INFORMATION], ,San Francisco, ,CA ,[MAY CONTAIN PERSONALLY IDENTIFIABLE INFORMATION], ,Intersection,Dry,No Unusual Conditions,25, ,Daylight,Y, , , , , , , ,,Non-Motorist: Other,Minor,No,Proceeding Straight,,, , , , , , , , , , , ,Making Left Turn,No,No,Yes,1, , , , , , , ,Y, , , , , , ,Y, ,Y, , , ,No,, ,No,, ,, ,, ,Yes, ,"A Zoox vehicle in autonomous mode was stopped for a red traffic light on northbound [XXX] while preparing to turn left onto westbound [XXX] in San Francisco. After the light turned green the Zoox vehicle began to move forward and then slowed gradually to yield to a pedestrian with right of way in the crosswalk on [XXX]. Just as the Zoox vehicle slowed to almost a stop (0.2 mph), a skateboarder quickly approached the rear of the Zoox vehicle extending their left arm forward and making contact with the right rear corner of the Zoox vehicle. The Zoox vehicle operator then disengaged from autonomy and brought the vehicle to a stop. The skateboarder initially told the Zoox vehicle operator they were not injured but later mentioned they ""smacked"" their hand and it was ""bruised."" When asked, however, they declined medical attention. The Zoox vehicle did not sustain damage. The police were not called. The Zoox vehicle camera footage shows that the skateboarder was looking at their cell phone and did not appear to have been looking ahead at the roadway before the time of contact.The content of this report is unchanged from the initial report and provides complete information to date for this incident.",
30270-9004,1,Waymo LLC,5-Day,,,NOV-2024,SADHW2S15R1, ,N/A,Jaguar,I-Pace, ,2024, ,4a5aa2740a4b9f2,13701, ,None,5th Generation ADS, , ,5th Generation, , ,Version 9, , ,, ,Y,,, ,Y,Yes (specify below),"CA PUC, CA DMV",Yes,ADS,Waymo LLC, , ,Y, , , , , ,,OCT-2024, ,OCT-2024,17:24, ,0afbe0209c6ceb2,[MAY CONTAIN PERSONALLY IDENTIFIABLE INFORMATION], ,[MAY CONTAIN PERSONALLY IDENTIFIABLE INFORMATION], ,[MAY CONTAIN PERSONALLY IDENTIFIABLE INFORMATION], ,San Francisco, ,CA ,[MAY CONTAIN PERSONALLY IDENTIFIABLE INFORMATION], ,Street,Dry,No Unusual Conditions,40, ,Daylight, , ,Y, , , , , ,,SUV,No Injuries Reported,Yes,Changing Lanes,No,No, , , , , , , ,Y, , , ,Proceeding Straight,No,Yes,Yes,36, , , ,Y, , , , , , , , , , ,Y, ,Y,Y, , ,No,, ,Yes,, ,, ,, ,Yes, ,"On October [XXX], 2024 at 5:24 PM PT a Waymo Autonomous Vehicle (""Waymo AV"") operating in San Francisco, California was in a collision involving a SUV on [XXX] near [XXX].
The Waymo AV was traveling in the rightmost of three westbound lanes on [XXX] near the intersection with [XXX], at a location where the leftmost two lanes of three westbound lanes of [XXX] split onto a bridge and the rightmost lane continues at-grade to an intersection with [XXX]. As the AV approached the gore point where the lanes diverge, an SUV traveling in the center lane ahead of the AV began braking and, without signaling, crossed the solid white line to enter into the rightmost lane to proceed towards [XXX]. The rear passenger side of the SUV then made contact with the driver side of the Waymo AV. At the time of the impact, the Waymo AV's Level 4 ADS was engaged in autonomous mode. Both vehicles sustained damage.
Waymo is reporting this crash under Request No. 1 of Standing General Order 2021-01 because a vehicle involved was towed away. Waymo may supplement or correct its reporting with additional information as it may become available.",
30270-8982,1,Waymo LLC,1-Day,,,OCT-2024,SADHW2S1XR1, ,N/A,Jaguar,I-Pace, ,2024, ,63d5996f05e3f54,13635, ,None,5th Generation ADS, , ,5th Generation, , ,Version 9, , ,, ,Y,,, ,Y,Yes (specify below),"CA PUC, CA DMV",Yes,ADS,Waymo LLC, , ,Y, , , , , ,,OCT-2024, ,OCT-2024,09:04, ,1f2bee64088ae54,[MAY CONTAIN PERSONALLY IDENTIFIABLE INFORMATION], ,[MAY CONTAIN PERSONALLY IDENTIFIABLE INFORMATION], ,[MAY CONTAIN PERSONALLY IDENTIFIABLE INFORMATION], ,San Francisco, ,CA ,[MAY CONTAIN PERSONALLY IDENTIFIABLE INFORMATION], ,Street,Dry,Traffic Incident,25, ,Daylight,Y, , , , , , , ,,Passenger Car,No Injuries Reported,Yes,Changing Lanes,No,No, , , , , , , ,Y, , , ,Stopped,No,No,No Passengers in Vehicle,0, ,Y, , , , , , , , , , , , ,Y, ,Y,Y, , ,No,, ,Yes,, ,, ,, ,Yes, ,"On October [XXX], 2024 at 9:04 AM PT a Waymo Autonomous Vehicle (""Waymo AV"") operating in San Francisco, California was in a collision involving a passenger car on [XXX] at [XXX]. 
The Waymo AV was traveling in the rightmost lane of two northbound lanes on [XXX] near the intersection with [XXX] when it encountered the scene of a prior collision between a passenger car and an SUV. The two vehicles were stopped in the rightmost lane. The Waymo AV came to a stop behind the passenger car and a queue of traffic in the left lane began passing the scene. While the Waymo AV was stopped, occupants of the SUV and the passenger car exited their vehicles, apparently to inspect damage and/or exchange information. The Waymo AV detected these pedestrians and began yielding to them while attempting to plan a passing maneuver to clear the scene. Shortly after the pedestrians exited their vehicles, an SUV that had been stopped behind the Waymo AV passed the Waymo AV on the left followed by a passenger car that had been stopped behind the SUV. As the passenger car initiated its passing maneuver, a heavy truck passing the scene in the left lane made contact with the drive side of the passenger car. The impact between the heavy truck and the passenger car caused the passenger side of the passenger car to make contact with the rear left corner of the stopped Waymo AV. At the time of the impact, the Waymo AV's Level 4 ADS was engaged in autonomous mode. All three vehicles sustained damage.
Waymo is reporting this crash under Request No. 1 of Standing General Order 2021-01 a vulnerable road user influenced the driving task of a vehicle involved. Waymo may supplement or correct its reporting with additional information as it may become available.",
30270-8940,3,Waymo LLC,10-Day Update,,,OCT-2024,SADHW2S19R1, ,N/A,Jaguar,I-Pace, ,2024, ,a64814bf1ec68ee,18194, ,None,5th Generation ADS, , ,5th Generation, , ,Version 9, , ,, ,Y,,, ,Y,Yes (specify below),"CA DMV, CA PUC",Yes,ADS,Waymo LLC, , ,Y, , , , , ,,OCT-2024, ,OCT-2024,15:58, ,5495e0dccac8dca,[MAY CONTAIN PERSONALLY IDENTIFIABLE INFORMATION], ,[MAY CONTAIN PERSONALLY IDENTIFIABLE INFORMATION], ,[MAY CONTAIN PERSONALLY IDENTIFIABLE INFORMATION], ,San Francisco, ,CA ,[MAY CONTAIN PERSONALLY IDENTIFIABLE INFORMATION], ,Intersection,Dry,No Unusual Conditions,25, ,Daylight,Y, , , , , , , ,,Passenger Car,No Injuries Reported,Yes,Proceeding Straight,No,Yes, , , , , ,Y, , , , , ,Stopped,No,No,Yes,0, , , , ,Y, , , , , , , , , ,Y, ,Y,Y, , ,No,, ,Yes,, ,, ,, ,Yes, ,"The content of this report is unchanged from the initial report submitted on October 22, 2024 [REDACTED, MAY CONTAIN CONFIDENTIAL BUSINESS INFORMATION]. 
On October [XXX], 2024 at 3:58 PM PT a Waymo Autonomous Vehicle (""Waymo AV"") operating in San Francisco, California was in a collision involving a passenger car on [XXX] at [XXX]. 
The Waymo AV was traveling south in the left lane on [XXX] and came to a stop in a queue of traffic for the red traffic light at the intersection with [XXX]. As the Waymo AV approached the intersection and came to a stop, a passenger car which was following behind the Waymo AV at a low rate of speed approached the Waymo AV from behind and partially crossed into the right-hand travel lane. The passenger car continued proceeding slowly forward until the front of the passenger car made contact with the rear of the Waymo AV. After contact occurred, the passenger car remained in contact with the rear of the Waymo AV, and several bystanders approached the passenger car, attempting to communicate with the driver. Once the traffic light turned green, the Waymo AV proceeded through the intersection and pulled over at the curb on the south side of the intersection to avoid obstructing other traffic. While the Waymo AV proceeded through the intersection, the passenger car continued to roll forward into the intersection, and was stopped by several bystanders. Law enforcement communicated to Waymo that the driver of the passenger car was experiencing a medical emergency and was transported from the scene in an ambulance. At the time of the impact, the Waymo AV's Level 4 ADS was engaged in autonomous mode. Both vehicles sustained damage.
Waymo is reporting this crash under Request No. 1 of Standing General Order 2021-01. Waymo may supplement or correct its reporting with additional information as it may become available.",