Report ID,Report Version,Reporting Entity,Report Type,Report Month,Report Year,Report Submission Date,VIN,VIN - Unknown,Serial Number,Make,Model,Model - Unknown,Model Year,Model Year - Unknown,Same Vehicle ID,Mileage,Mileage - Unknown,Driver / Operator Type,ADAS/ADS System Version,ADAS/ADS System Version - Unk,ADAS/ADS System Version CBI,ADAS/ADS Hardware Version,ADAS/ADS Hardware Version - Unk,ADAS/ADS Hardware Version CBI,ADAS/ADS Software Version,ADAS/ADS Software Version - Unk,ADAS/ADS Software Version CBI,Other Reporting Entities?,Other Reporting Entities? - Unk,Other Reporting Entities? - NA,Federal Regulatory Exemption?,Other Federal Reg. Exemption,Federal Reg. Exemption - Unk,Federal Reg. Exemption - No,State or Local Permit?,State or Local Permit,ADS Equipped?,Automation System Engaged?,Operating Entity,Operating Entity - Unknown,Source - Complaint/Claim,Source - Telematics,Source - Law Enforcement,Source - Field Report,Source - Testing,Source - Media,Source - Other,Source - Other Text,Incident Date,Incident Date - Unknown,Notice Received Date,Incident Time (24:00),Incident Time - Unknown,Same Incident ID,Latitude,Latitude - Unknown,Longitude,Longitude - Unknown,Address,Address - Unknown,City,City - Unknown,State,Zip Code,Zip Code - Unknown,Roadway Type,Roadway Surface,Roadway Description,Posted Speed Limit (MPH),Posted Speed Limit - Unknown,Lighting,Weather - Clear,Weather - Snow,Weather - Cloudy,Weather - Fog/Smoke,Weather - Rain,Weather - Severe Wind,Weather - Unknown,Weather - Other,Weather - Other Text,Crash With,Highest Injury Severity Alleged,Property Damage?,CP Pre-Crash Movement,CP Any Air Bags Deployed?,CP Was Vehicle Towed?,CP Contact Area - Rear Left,CP Contact Area - Left,CP Contact Area - Front Left,CP Contact Area - Rear,CP Contact Area - Top,CP Contact Area - Front,CP Contact Area - Rear Right,CP Contact Area - Right,CP Contact Area - Front Right,CP Contact Area - Bottom,CP Contact Area - Unknown,SV Pre-Crash Movement,SV Any Air Bags Deployed?,SV Was Vehicle Towed?,SV Were All Passengers Belted?,SV Precrash Speed (MPH),SV Pre-crash Speed - Unknown,SV Contact Area - Rear Left,SV Contact Area - Left,SV Contact Area - Front Left,SV Contact Area - Rear,SV Contact Area - Top,SV Contact Area - Front,SV Contact Area - Rear Right,SV Contact Area - Right,SV Contact Area - Front Right,SV Contact Area - Bottom,SV Contact Area - Unknown,Data Availability - EDR,Data Availability - Police Rpt,Data Availability - Telematics,Data Availability - Complaints,Data Availability - Video,Data Availability - Other,Data Availability - No Data,Data Availability - Unknown,Law Enforcement Investigating?,Investigating Agency,Investigating Agency - Unknown,Rep Ent Or Mfr Investigating?,Investigating Officer Name,Inv. Officer Name - Unknown,Investigating Officer Phone,Inv. Officer Phone - Unknown,Investigating Officer Email,Inv. Officer Email - Unknown,Within ODD?,Within ODD? - CBI,Narrative,Narrative - CBI?
30270-8979,2,Waymo LLC,Update,,,OCT-2024,SADHW2S17R1, ,N/A,Jaguar,I-Pace, ,2024, ,8728edfe6c7deed,20994, ,None,5th Generation ADS, , ,5th Generation, , ,Version 9, , ,, ,Y,,, ,Y,Yes (specify below),"CA PUC, CA DMV",Yes,ADS,Waymo LLC, , ,Y, , , , , ,,OCT-2024, ,OCT-2024,13:57, ,312ced3d6dc57f8,[MAY CONTAIN PERSONALLY IDENTIFIABLE INFORMATION], ,[MAY CONTAIN PERSONALLY IDENTIFIABLE INFORMATION], ,[MAY CONTAIN PERSONALLY IDENTIFIABLE INFORMATION], ,San Francisco, ,CA ,[MAY CONTAIN PERSONALLY IDENTIFIABLE INFORMATION], ,Street,Dry,No Unusual Conditions,25, ,Daylight,Y, , , , , , , ,,Passenger Car,No Injuries Reported,Yes,Passing,No,No, , , , , , ,Y,Y, , , ,Stopped,No,No,Yes,0, ,Y, , , , , , , , , , , , ,Y, ,Y,Y, , ,No,, ,Yes,, ,, ,, ,Yes, ,"This is an update to previously submitted report 30270-8979-1, submitted on October 30, 2024. The previous report indicated that the time of collision was 1:57. The actual time of collision was 13:57. The other contents of the report remain unchanged.
On October [XXX], 2024 at 1:57 PM PT a Waymo Autonomous Vehicle (""Waymo AV"") operating in San Francisco, California was in a collision involving a passenger vehicle on [XXX] at [XXX].
The Waymo AV was traveling eastbound on [XXX] toward the intersection with [XXX], and traveling to the left around a parked truck when a cyclist traveling in the same direction passed the Waymo AV on the left. The Waymo AV detected that contact with the cyclist may have been made and came to a stop, but the cyclist continued without slowing or stopping. The passenger vehicle behind the Waymo AV then attempted to maneuver to the left around the stopped Waymo AV, and the passenger side of the passenger car made contact with the driver side rear corner of the Waymo AV. At the time of the impact, the Waymo AV's Level 4 ADS was engaged in autonomous mode. The passenger vehicle sustained damage.
Waymo is reporting this crash under Request No. 1 of Standing General Order 2021-01 because a vulnerable road user influenced the driving task of a vehicle involved. Waymo may supplement or correct its reporting with additional information as it may become available.",
30270-8979,1,Waymo LLC,1-Day,,,OCT-2024,SADHW2S17R1, ,N/A,Jaguar,I-Pace, ,2024, ,8728edfe6c7deed,20994, ,None,5th Generation ADS, , ,5th Generation, , ,Version 9, , ,, ,Y,,, ,Y,Yes (specify below),"CA PUC, CA DMV",Yes,ADS,Waymo LLC, , ,Y, , , , , ,,OCT-2024, ,OCT-2024,1:57, ,312ced3d6dc57f8,[MAY CONTAIN PERSONALLY IDENTIFIABLE INFORMATION], ,[MAY CONTAIN PERSONALLY IDENTIFIABLE INFORMATION], ,[MAY CONTAIN PERSONALLY IDENTIFIABLE INFORMATION], ,San Francisco, ,CA ,[MAY CONTAIN PERSONALLY IDENTIFIABLE INFORMATION], ,Street,Dry,No Unusual Conditions,25, ,Daylight,Y, , , , , , , ,,Passenger Car,No Injuries Reported,Yes,Passing,No,No, , , , , , ,Y,Y, , , ,Stopped,No,No,Yes,0, ,Y, , , , , , , , , , , , ,Y, ,Y,Y, , ,No,, ,Yes,, ,, ,, ,Yes, ,"On October [XXX], 2024 at 1:57 PM PT a Waymo Autonomous Vehicle (""Waymo AV"") operating in San Francisco, California was in a collision involving a passenger vehicle on [XXX] at [XXX].
The Waymo AV was traveling eastbound on [XXX] toward the intersection with [XXX], and traveling to the left around a parked truck when a cyclist traveling in the same direction passed the Waymo AV on the left. The Waymo AV detected that contact with the cyclist may have been made and came to a stop, but the cyclist continued without slowing or stopping. The passenger vehicle behind the Waymo AV then attempted to maneuver to the left around the stopped Waymo AV, and the passenger side of the passenger car made contact with the driver side rear corner of the Waymo AV. At the time of the impact, the Waymo AV's Level 4 ADS was engaged in autonomous mode. The passenger vehicle sustained damage.
Waymo is reporting this crash under Request No. 1 of Standing General Order 2021-01 because a vulnerable road user influenced the driving task of a vehicle involved. Waymo may supplement or correct its reporting with additional information as it may become available.",
30270-8968,1,Waymo LLC,1-Day,,,OCT-2024,SADHW2S16R1, ,N/A,Jaguar,I-Pace, ,2024, ,82faed3679e4f36,1305, ,None,5th Generation ADS, , ,5th Generation, , ,Version 9, , ,, ,Y,,, ,Y,Yes (specify below),"CA DMV, CA PUC",Yes,ADS,Waymo LLC, , ,Y, , , , , ,,OCT-2024, ,OCT-2024,08:58, ,2abc9b4faef00d9,[MAY CONTAIN PERSONALLY IDENTIFIABLE INFORMATION], ,[MAY CONTAIN PERSONALLY IDENTIFIABLE INFORMATION], ,[MAY CONTAIN PERSONALLY IDENTIFIABLE INFORMATION], ,San Francisco, ,CA ,[MAY CONTAIN PERSONALLY IDENTIFIABLE INFORMATION], ,Street,Dry,No Unusual Conditions,25, ,Daylight,Y, , , , , , , ,,SUV,Serious,Yes,Stopped,No,Yes, , , , , , , , ,Y, , ,Stopped,No,Yes,Yes,0, , ,Y, , , , , , , , , , , ,Y, ,Y,Y, , ,Yes,San Francisco Police Department, ,Yes,[MAY CONTAIN PERSONALLY IDENTIFIABLE INFORMATION], ,,Y,,Y,Yes, ,"On October [XXX], 2024 at 8:52 AM PT a Waymo Autonomous Vehicle (""Waymo AV"") operating in San Francisco, California was in a collision involving a SUV on [XXX] at [XXX]. 
The Waymo AV came to a stop in a queue of traffic for a red traffic light in the rightmost lane of the two eastbound lanes on [XXX] at the intersection with [XXX].  A passenger car traveling west on [XXX] crossed the double yellow line and made contact with an SUV that was alongside the Waymo AV in the left lane of eastbound [XXX].  The impact caused the passenger side of the SUV to make contact with the driver side of the Waymo AV.  At the time of the impact, the Waymo AV's Level 4 ADS was engaged in autonomous mode.  All three vehicles sustained damage.
Waymo is reporting this crash under Request No. 1 of Standing General Order 2021-01 because an individual involved was transported from the scene to a hospital for medical treatment. Waymo may supplement or correct its reporting with additional information as it may become available.",
30270-8966,1,Waymo LLC,5-Day,,,OCT-2024,SADHW2S19R1, ,N/A,Jaguar,I-Pace, ,2024, ,19f3ad6d393de82,3075, ,None,5th Generation ADS, , ,5th Generation, , ,Version 9, , ,, ,Y,,, ,Y,Yes (specify below),"CA DMV, CA PUC",Yes,ADS,Waymo LLC, , ,Y, , , , , ,,OCT-2024, ,OCT-2024,23:10, ,acfaefbc0abe2a9,[MAY CONTAIN PERSONALLY IDENTIFIABLE INFORMATION], ,[MAY CONTAIN PERSONALLY IDENTIFIABLE INFORMATION], ,[MAY CONTAIN PERSONALLY IDENTIFIABLE INFORMATION], ,San Francisco, ,CA ,[MAY CONTAIN PERSONALLY IDENTIFIABLE INFORMATION], ,Street,Dry,No Unusual Conditions,35, ,Dark - Lighted,Y, , , , , , , ,,Passenger Car,No Injuries Reported,Yes,Proceeding Straight,No,No, , , , , ,Y, , , , , ,Making Left Turn,No,Yes,Yes,9, , ,Y, , , , , , , , , , , ,Y, ,Y,Y, , ,No,, ,Yes,, ,, ,, ,Yes, ,"On October [XXX], 2024 at 11:10 PM PT a Waymo Autonomous Vehicle (""Waymo AV"") operating in San Francisco, California was in a collision involving a passenger car on [XXX] at [XXX].
The Waymo AV was traveling south on [XXX] when it activated its left turn signal and began to slow, preparing for an unprotected left turn onto [XXX]. As the Waymo AV began the left turn, a passenger car that was previously stopped at the stop sign on [XXX] facing [XXX] proceeded straight into the intersection, and the front of the passenger car made contact with the driver side of the Waymo AV. At the time of the impact, the Waymo AV's Level 4 ADS was engaged in autonomous mode. Both vehicles sustained damage.
Waymo is reporting this crash under Request No. 1 of Standing General Order 2021-01 because a vehicle involved was towed away. Waymo may supplement or correct its reporting with additional information as it may become available.",
30610-8956,1,"Zoox, Inc.",1-Day,,,OCT-2024,5TDDGRFH6HS, ,N/A,Toyota,Highlander, ,2017, ,b1784ffeed4c799,99310, ,In-Vehicle (Commercial / Test),147.24.10.24, , ,147.24.10.24, , ,147.24.10.24, , ,, ,Y,,, ,Y,Yes (specify below),CA DMV AVT Permit,Yes,ADS,Zoox, , , , ,Y,Y, , ,,OCT-2024, ,OCT-2024,10:00, ,1e1418541038c4a,[MAY CONTAIN PERSONALLY IDENTIFIABLE INFORMATION], ,[MAY CONTAIN PERSONALLY IDENTIFIABLE INFORMATION], ,[MAY CONTAIN PERSONALLY IDENTIFIABLE INFORMATION], ,San Francisco, ,CA ,[MAY CONTAIN PERSONALLY IDENTIFIABLE INFORMATION], ,Intersection,Dry,No Unusual Conditions,25, ,Daylight,Y, , , , , , , ,,Non-Motorist: Other,Minor,No,Proceeding Straight,,, , , , , , , , , , , ,Making Left Turn,No,No,Yes,1, , , , , , , ,Y, , , , , , ,Y, ,Y, , , ,No,, ,No,, ,, ,, ,Yes, ,"A Zoox vehicle in autonomous mode was stopped for a red traffic light on northbound [XXX] while preparing to turn left onto westbound [XXX] in San Francisco. After the light turned green the Zoox vehicle began to move forward and then slowed gradually to yield to a pedestrian with right of way in the crosswalk on [XXX]. Just as the Zoox vehicle slowed to almost a stop (0.2 mph), a skateboarder quickly approached the rear of the Zoox vehicle extending their left arm forward and making contact with the right rear corner of the Zoox vehicle. The Zoox vehicle operator then disengaged from autonomy and brought the vehicle to a stop. The skateboarder initially told the Zoox vehicle operator they were not injured but later mentioned they ""smacked"" their hand and it was ""bruised."" When asked, however, they declined medical attention. The Zoox vehicle did not sustain damage. The police were not called. The Zoox vehicle camera footage shows that the skateboarder was looking at their cell phone and did not appear to have been looking ahead at the roadway before the time of contact.",
30270-8947,1,Waymo LLC,5-Day,,,OCT-2024,SADHW2S13R1, ,N/A,Jaguar,I-Pace, ,2024, ,6d9ec34f82b6f27,26803, ,None,5th Generation ADS, , ,5th Generation, , ,Version 9, , ,, ,Y,,, ,Y,Yes (specify below),"CA DMV, CA PUC",Yes,ADS,Waymo LLC, , ,Y, , , , , ,,OCT-2024, ,OCT-2024,06:57, ,d985331ad732285,[MAY CONTAIN PERSONALLY IDENTIFIABLE INFORMATION], ,[MAY CONTAIN PERSONALLY IDENTIFIABLE INFORMATION], ,[MAY CONTAIN PERSONALLY IDENTIFIABLE INFORMATION], ,Los Angeles, ,CA ,[MAY CONTAIN PERSONALLY IDENTIFIABLE INFORMATION], ,Street,Dry,No Unusual Conditions,25, ,Dawn / Dusk,Y, , , , , , , ,,SUV,No Injuries Reported,Yes,Traveling Wrong Way,No,No, , , , , , , ,Y, , , ,Proceeding Straight,No,Yes,No Passengers in Vehicle,21, , ,Y, , , , , , , , , , , ,Y, ,Y,Y, , ,No,, ,Yes,, ,, ,, ,Yes, ,"On October [XXX], 2024 at 6:57 AM PT a Waymo Autonomous Vehicle (""Waymo AV"") operating in Los Angeles, California was in a collision involving an SUV on [XXX] at [XXX]. 
The Waymo AV was traveling southeast on [XXX], and stopped at a stop sign at the intersection with [XXX] with an SUV following behind. As the Waymo AV finished traversing the intersection, the trailing SUV entered the opposing lane of travel, passing the Waymo AV, and the passenger side of the SUV made contact with the driver side of the Waymo AV. At the time of the impact, the Waymo AV's Level 4 ADS was engaged in autonomous mode. The Waymo AV sustained damage and the SUV left the scene.
Waymo is reporting this crash under Request No. 1 of Standing General Order 2021-01 because a vehicle involved was towed away. Waymo may supplement or correct its reporting with additional information as it may become available.",
30270-8943,1,Waymo LLC,5-Day,,,OCT-2024,SADHW2S13R1, ,N/A,Jaguar,I-Pace, ,2024, ,14aa9e06c039169,26745, ,None,5th Generation ADS, , ,5th Generation, , ,Version 9, , ,, ,Y,,, ,Y,Yes (specify below),"CA DMV, CA PUC",Yes,ADS,Waymo LLC, , ,Y, , , , , ,,OCT-2024, ,OCT-2024,21:59, ,144c52c5ef2a2ee,[MAY CONTAIN PERSONALLY IDENTIFIABLE INFORMATION], ,[MAY CONTAIN PERSONALLY IDENTIFIABLE INFORMATION], ,[MAY CONTAIN PERSONALLY IDENTIFIABLE INFORMATION], ,San Francisco, ,CA ,[MAY CONTAIN PERSONALLY IDENTIFIABLE INFORMATION], ,Intersection,Dry,No Unusual Conditions,25, ,Dark - Lighted,Y, , , , , , , ,,Passenger Car,No Injuries Reported,Yes,Traveling Wrong Way,No,No, , ,Y, , , , , , , , ,Making Right Turn,No,Yes,Yes,4, , , ,Y, , , , , , , , , , ,Y, ,Y,Y, , ,No,, ,Yes,, ,, ,, ,Yes, ,"On October [XXX], 2024 at 9:59 PM PT a Waymo Autonomous Vehicle (Waymo AV) operating in San Francisco, California was in a collision involving a passenger car on [XXX] at [XXX].  
The Waymo AV was traveling north on [XXX] when it made a right turn onto eastbound [XXX]. Immediately after the Waymo AV had completed its right turn onto eastbound [XXX], a passenger car that had crossed over the double solid yellow line and was traveling in the opposite direction, proceeded straight in the same lane the Waymo AV was occupying. The front driver side of the passenger car then made contact with the front driver side of the Waymo AV. At the time of the impact, the Waymo AVs Level 4 ADS was engaged in autonomous mode. Both vehicles sustained damage and the passenger car left the scene. 
Waymo is reporting this crash under Request No. 1 of Standing General Order 2021-01 because a vehicle involved was towed away. Waymo may supplement or correct its reporting with additional information as it may become available.",
30270-8940,2,Waymo LLC,Update,,,OCT-2024,SADHW2S19R1, ,N/A,Jaguar,I-Pace, ,2024, ,a64814bf1ec68ee,18194, ,None,5th Generation ADS, , ,5th Generation, , ,Version 9, , ,, ,Y,,, ,Y,Yes (specify below),"CA DMV, CA PUC",Yes,ADS,Waymo LLC, , ,Y, , , , , ,,OCT-2024, ,OCT-2024,15:58, ,5495e0dccac8dca,[MAY CONTAIN PERSONALLY IDENTIFIABLE INFORMATION], ,[MAY CONTAIN PERSONALLY IDENTIFIABLE INFORMATION], ,[MAY CONTAIN PERSONALLY IDENTIFIABLE INFORMATION], ,San Francisco, ,CA ,[MAY CONTAIN PERSONALLY IDENTIFIABLE INFORMATION], ,Intersection,Dry,No Unusual Conditions,25, ,Daylight,Y, , , , , , , ,,Passenger Car,No Injuries Reported,Yes,Proceeding Straight,No,Yes, , , , , ,Y, , , , , ,Stopped,No,No,Yes,0, , , , ,Y, , , , , , , , , ,Y, ,Y,Y, , ,No,, ,Yes,, ,, ,, ,Yes, ,"Waymo is submitting this updated report to correct the reported ""Crash With"" field from SUV to passenger car. This updated report is being submitted the same day the original report was submitted, October 22, 2024. The remainder of the report and narrative is unchanged.
On October [XXX], 2024 at 3:58 PM PT a Waymo Autonomous Vehicle (""Waymo AV"") operating in San Francisco, California was in a collision involving a passenger car on  [XXX] at [XXX]. 
The Waymo AV was traveling south in the left lane on [XXX] and came to a stop in a queue of traffic for the red traffic light at the intersection with [XXX]. As the Waymo AV approached the intersection and came to a stop, a passenger car which was following behind the Waymo AV at a low rate of speed approached the Waymo AV from behind and partially crossed into the right-hand travel lane. The passenger car continued proceeding slowly forward until the front of the passenger car made contact with the rear of the Waymo AV. After contact occurred, the passenger car remained in contact with the rear of the Waymo AV, and several bystanders approached the passenger car, attempting to communicate with the driver. Once the traffic light turned green, the Waymo AV proceeded through the intersection and pulled over at the curb on the south side of the intersection to avoid obstructing other traffic. While the Waymo AV proceeded through the intersection, the passenger car continued to roll forward into the intersection, and was stopped by several bystanders. Law enforcement communicated to Waymo that the driver of the passenger car was experiencing a medical emergency and was transported from the scene in an ambulance. At the time of the impact, the Waymo AV's Level 4 ADS was engaged in autonomous mode. Both vehicles sustained damage.
Waymo is reporting this crash under Request No. 1 of Standing General Order 2021-01. Waymo may supplement or correct its reporting with additional information as it may become available.",
30270-8940,1,Waymo LLC,1-Day,,,OCT-2024,SADHW2S19R1, ,N/A,Jaguar,I-Pace, ,2024, ,a64814bf1ec68ee,18194, ,None,5th Generation ADS, , ,5th Generation, , ,Version 9, , ,, ,Y,,, ,Y,Yes (specify below),"CA DMV, CA PUC",Yes,ADS,Waymo LLC, , ,Y, , , , , ,,OCT-2024, ,OCT-2024,15:58, ,5495e0dccac8dca,[MAY CONTAIN PERSONALLY IDENTIFIABLE INFORMATION], ,[MAY CONTAIN PERSONALLY IDENTIFIABLE INFORMATION], ,[MAY CONTAIN PERSONALLY IDENTIFIABLE INFORMATION], ,San Francisco, ,CA ,[MAY CONTAIN PERSONALLY IDENTIFIABLE INFORMATION], ,Intersection,Dry,No Unusual Conditions,25, ,Daylight,Y, , , , , , , ,,SUV,No Injuries Reported,Yes,Proceeding Straight,No,Yes, , , , , ,Y, , , , , ,Stopped,No,No,Yes,0, , , , ,Y, , , , , , , , , ,Y, ,Y,Y, , ,No,, ,Yes,, ,, ,, ,Yes, ,"On October [XXX], 2024 at 3:58 PM PT a Waymo Autonomous Vehicle (""Waymo AV"") operating in San Francisco, California was in a collision involving a passenger car on [XXX] at [XXX]. 
The Waymo AV was traveling south in the left lane on [XXX] and came to a stop in a queue of traffic for the red traffic light at the intersection with [XXX]. As the Waymo AV approached the intersection and came to a stop, a passenger car which was following behind the Waymo AV at a low rate of speed approached the Waymo AV from behind and partially crossed into the right-hand travel lane. The passenger car continued proceeding slowly forward until the front of the passenger car made contact with the rear of the Waymo AV. After contact occurred, the passenger car remained in contact with the rear of the Waymo AV, and several bystanders approached the passenger car, attempting to communicate with the driver. Once the traffic light turned green, the Waymo AV proceeded through the intersection and pulled over at the curb on the south side of the intersection to avoid obstructing other traffic. While the Waymo AV proceeded through the intersection, the passenger car continued to roll forward into the intersection, and was stopped by several bystanders. Law enforcement communicated to Waymo that the driver of the passenger car was experiencing a medical emergency and was transported from the scene in an ambulance. At the time of the impact, the Waymo AV's Level 4 ADS was engaged in autonomous mode. Both vehicles sustained damage.
Waymo is reporting this crash under Request No. 1 of Standing General Order 2021-01. Waymo may supplement or correct its reporting with additional information as it may become available.",
30270-8933,1,Waymo LLC,5-Day,,,OCT-2024,SADHW2S17R1, ,N/A,Jaguar,I-Pace, ,2024, ,81dd10bee130a88,32832, ,None,5th Generation ADS, , ,5th Generation, , ,Version 9, , ,, ,Y,,, ,Y,Yes (specify below),"CA DMV, CA PUC       ",Yes,ADS,Waymo LLC, , ,Y, , , , , ,,OCT-2024, ,OCT-2024,05:27, ,083988c1ea33958,[MAY CONTAIN PERSONALLY IDENTIFIABLE INFORMATION], ,[MAY CONTAIN PERSONALLY IDENTIFIABLE INFORMATION], ,[MAY CONTAIN PERSONALLY IDENTIFIABLE INFORMATION], ,San Francisco, ,CA ,[MAY CONTAIN PERSONALLY IDENTIFIABLE INFORMATION], ,Parking Lot,Dry,No Unusual Conditions,4, ,"Other, see Narrative", , , , , , , ,Y,"Collision was in an indoor, underground lot",Van,No Injuries Reported,Yes,Traveling Wrong Way,No,No, , , , , , , ,Y, , , ,Stopped,No,Yes,No Passengers in Vehicle,0, ,Y, , , , , , , , , , , , ,Y, ,Y,Y, , ,No,, ,Yes,, ,, ,, ,Yes, ,"On October [XXX], 2024 at 5:27 AM PT a Waymo Autonomous Vehicle (Waymo AV) operating in San Francisco, California was in a collision involving a van in an underground parking lot at [XXX].
Two Waymo AVs were stopped at neighboring junctures of a tight [XXX] of the lot. The first Waymo AV was preparing to make a right turn, while yielding to the other Waymo AV. While the Waymo AVs remained stopped, a van that had been traveling behind the first Waymo AV entered the oncoming lane to maneuver around the left side of the Waymo AV. The passenger side of the van then made contact with the rear driver side of the stopped Waymo AV. At the time of the impact, the Waymo AVs Level 4 ADS was engaged in autonomous mode. Both vehicles sustained damage.
Waymo is reporting this crash under Request No. 1 of Standing General Order 2021-01 because a vehicle involved was towed away. Waymo may supplement or correct its reporting with additional information as it may become available.",
30270-8927,1,Waymo LLC,5-Day,,,OCT-2024,SADHW2S10R1, ,N/A,Jaguar,I-Pace, ,2024, ,54003ed86083398,18646, ,None,5th Generation ADS, , ,5th Generation, , ,Version 9, , ,, ,Y,,, ,Y,Yes (specify below),"CA DMV, CA PUC       ",Yes,ADS,Waymo LLC, , ,Y, , , , , ,,OCT-2024, ,OCT-2024,17:04, ,f615c017d4c3424,[MAY CONTAIN PERSONALLY IDENTIFIABLE INFORMATION], ,[MAY CONTAIN PERSONALLY IDENTIFIABLE INFORMATION], ,[MAY CONTAIN PERSONALLY IDENTIFIABLE INFORMATION], ,South San Francisco, ,CA ,[MAY CONTAIN PERSONALLY IDENTIFIABLE INFORMATION], ,Street,Dry,No Unusual Conditions,35, ,Daylight, , ,Y, , , , , ,,Pickup Truck,No Injuries Reported,Yes,Crossing into Opposing Lane,No,Yes, , ,Y, , ,Y, , , , , ,Stopped,No,Yes,No Passengers in Vehicle,0, ,Y, , , , , , , , , , , , ,Y, ,Y,Y, , ,Yes,San Francisco Police Department, ,Yes,[MAY CONTAIN PERSONALLY IDENTIFIABLE INFORMATION], ,,Y,,Y,Yes, ,"On October [XXX], 2024 at 5:04 PM PT a Waymo Autonomous Vehicle (Waymo AV) operating in South San Francisco, California was in a collision involving a pickup truck (Chevrolet El Camino) on [XXX] at [XXX].
The Waymo AV was traveling northwest on [XXX] when it came to a stop behind a queue of traffic in the rightmost dedicated left turn lane at the intersection with [XXX]. Simultaneously, a pickup truck was traveling southeast on [XXX] in the center of three lanes when a passenger car entered the center southeast lane from a driveway to the right of the pickup truck. As the passenger car entered the center southeast lane just in front of the pickup truck, the pickup truck swerved to the left, crossing the curbed median. The front of the pickup truck then made contact with the rear driver side of the stopped Waymo AV and with the rear driver side of another pickup truck traveling two lanes to the right of the Waymo AV. At the time of the impact, the Waymo AVs Level 4 ADS was engaged in autonomous mode. All three vehicles sustained damage.
Waymo is reporting this crash under Request No. 1 of Standing General Order 2021-01 because a vehicle involved was towed away.  Waymo may supplement or correct its reporting with additional information as it may become available.",
30270-8908,1,Waymo LLC,5-Day,,,OCT-2024,SADHW2S11M1, ,N/A,Jaguar,I-Pace, ,2021, ,d4e22689b56b6e4,89929, ,None,5th Generation ADS, , ,5th Generation, , ,Version 9, , ,, ,Y,,, ,Y,Yes (specify below),"CA DMV, CA PUC",Yes,ADS,Waymo LLC, , ,Y, , , , , ,,OCT-2024, ,OCT-2024,13:29, ,f868890e4cda7fe,[MAY CONTAIN PERSONALLY IDENTIFIABLE INFORMATION], ,[MAY CONTAIN PERSONALLY IDENTIFIABLE INFORMATION], ,[MAY CONTAIN PERSONALLY IDENTIFIABLE INFORMATION], ,San Francisco, ,CA ,[MAY CONTAIN PERSONALLY IDENTIFIABLE INFORMATION], ,Street,Dry,No Unusual Conditions,25, ,Daylight,Y, , , , , , , ,,Heavy Truck,No Injuries Reported,Yes,Proceeding Straight,No,No, ,Y, , , , , , , , , ,Stopped,No,Yes,No Passengers in Vehicle,0, ,Y, , , , , , , , , , , , ,Y, ,Y,Y, , ,No,, ,Yes,, ,, ,, ,Yes, ,"On October [XXX], 2024 at 1:29 PM PT a Waymo Autonomous Vehicle (""Waymo AV"") operating in San Francisco, California was in a collision involving a heavy truck on [XXX] near Duncan Street.
The Waymo AV was traveling east en route to a rider pick-up on a narrow portion of [XXX] (a dead-end street) when it encountered a U-Haul box truck approaching westbound on [XXX]. The Waymo AV and the truck each came to a stop. The U-Haul truck reversed a short distance and then proceeded west on [XXX], passing the Waymo AV's left side. The driver side of the U-Haul truck made contact with the rear left sensor of the stopped Waymo AV and the truck came to a stop briefly alongside the Waymo AV before continuing west on [XXX]. At the time of the impact, the Waymo AV's Level 4 ADS was engaged in autonomous mode. The Waymo AV sustained damage.
Waymo is reporting this crash under Request No. 1 of Standing General Order 2021-01 because a vehicle involved was towed away. Waymo may supplement or correct its reporting with additional information as it may become available.",
30531-8905,1,Transdev Alternative Services,Monthly,9,2024,OCT-2024,SADHW2S17M1, ,N/A,Jaguar,I-Pace, ,2021, ,0c7d2b6074c7190,128623, ,In-Vehicle (Commercial / Test),5th Generation ADS, , ,5th Generation ADS, , ,Version 9, , ,Waymo LLC, , ,,, ,Y,Yes (specify below),"CA DMV, CA PUC",Yes,ADS,Waymo LLC, , ,Y, , , , , ,,SEP-2024, ,SEP-2024,13:35, ,1ab108e2dabaab4,[MAY CONTAIN PERSONALLY IDENTIFIABLE INFORMATION], ,[MAY CONTAIN PERSONALLY IDENTIFIABLE INFORMATION], ,[MAY CONTAIN PERSONALLY IDENTIFIABLE INFORMATION], ,San Francisco, ,CA ,[MAY CONTAIN PERSONALLY IDENTIFIABLE INFORMATION], ,Street,Dry,No Unusual Conditions,20, ,Daylight,Y, , , , , , , ,,Passenger Car,No Injuries Reported,Yes,Proceeding Straight,No,No, , , , , ,Y, , , , , ,Stopped,No,No,Yes,0, , , , ,Y, , , , , , , , , ,Y, ,Y,Y, , ,No,, ,Yes,, ,, ,, ,Yes, ,"On September [XXX], 2024 at 1:35 PM PT a Waymo Autonomous Vehicle (""Waymo AV"") operating in San Francisco, California was in a collision involving a passenger car on [XXX] near [XXX].
The Waymo AV was traveling south westbound on [XXX] in the left lane and came to a stop in a queue of traffic.  While the Waymo AV remained stationary, a passenger car approached the Waymo AV from behind and the front bumper of the passenger car made contact with the rear bumper of the Waymo AV.  At the time of the impact, the Waymo AV's Level 4 ADS was engaged in autonomous mode, and a test driver was present in the driver's seating position.  The Waymo AV sustained damage.
Transdev Alternative Services is reporting this crash under Request No. 2 of Standing General Order 2021-01.  Transdev may supplement or correct its reporting with additional information as it may become available.  This is a duplicate of NHTSA report ID 30270-8889-1.",