Report ID,Report Version,Reporting Entity,Report Type,Report Month,Report Year,Report Submission Date,VIN,VIN - Unknown,Serial Number,Make,Model,Model - Unknown,Model Year,Model Year - Unknown,Same Vehicle ID,Mileage,Mileage - Unknown,Driver / Operator Type,ADAS/ADS System Version,ADAS/ADS System Version - Unk,ADAS/ADS System Version CBI,ADAS/ADS Hardware Version,ADAS/ADS Hardware Version - Unk,ADAS/ADS Hardware Version CBI,ADAS/ADS Software Version,ADAS/ADS Software Version - Unk,ADAS/ADS Software Version CBI,Other Reporting Entities?,Other Reporting Entities? - Unk,Other Reporting Entities? - NA,Federal Regulatory Exemption?,Other Federal Reg. Exemption,Federal Reg. Exemption - Unk,Federal Reg. Exemption - No,State or Local Permit?,State or Local Permit,ADS Equipped?,Automation System Engaged?,Operating Entity,Operating Entity - Unknown,Source - Complaint/Claim,Source - Telematics,Source - Law Enforcement,Source - Field Report,Source - Testing,Source - Media,Source - Other,Source - Other Text,Incident Date,Incident Date - Unknown,Notice Received Date,Incident Time (24:00),Incident Time - Unknown,Same Incident ID,Latitude,Latitude - Unknown,Longitude,Longitude - Unknown,Address,Address - Unknown,City,City - Unknown,State,Zip Code,Zip Code - Unknown,Roadway Type,Roadway Surface,Roadway Description,Posted Speed Limit (MPH),Posted Speed Limit - Unknown,Lighting,Weather - Clear,Weather - Snow,Weather - Cloudy,Weather - Fog/Smoke,Weather - Rain,Weather - Severe Wind,Weather - Unknown,Weather - Other,Weather - Other Text,Crash With,Highest Injury Severity Alleged,Property Damage?,CP Pre-Crash Movement,CP Any Air Bags Deployed?,CP Was Vehicle Towed?,CP Contact Area - Rear Left,CP Contact Area - Left,CP Contact Area - Front Left,CP Contact Area - Rear,CP Contact Area - Top,CP Contact Area - Front,CP Contact Area - Rear Right,CP Contact Area - Right,CP Contact Area - Front Right,CP Contact Area - Bottom,CP Contact Area - Unknown,SV Pre-Crash Movement,SV Any Air Bags Deployed?,SV Was Vehicle Towed?,SV Were All Passengers Belted?,SV Precrash Speed (MPH),SV Pre-crash Speed - Unknown,SV Contact Area - Rear Left,SV Contact Area - Left,SV Contact Area - Front Left,SV Contact Area - Rear,SV Contact Area - Top,SV Contact Area - Front,SV Contact Area - Rear Right,SV Contact Area - Right,SV Contact Area - Front Right,SV Contact Area - Bottom,SV Contact Area - Unknown,Data Availability - EDR,Data Availability - Police Rpt,Data Availability - Telematics,Data Availability - Complaints,Data Availability - Video,Data Availability - Other,Data Availability - No Data,Data Availability - Unknown,Law Enforcement Investigating?,Investigating Agency,Investigating Agency - Unknown,Rep Ent Or Mfr Investigating?,Investigating Officer Name,Inv. Officer Name - Unknown,Investigating Officer Phone,Inv. Officer Phone - Unknown,Investigating Officer Email,Inv. Officer Email - Unknown,Within ODD?,Within ODD? - CBI,Narrative,Narrative - CBI?
30270-8389,1,Waymo LLC,Monthly,7,2024,AUG-2024,SADHW2S16R1, ,N/A,Jaguar,I-Pace, ,2024, ,5e2e75bef42b5a4,9670, ,None,5th Generation ADS, , ,5th Generation, , ,Version 9, , ,, ,Y,,, ,Y,Yes (specify below),"CA DMV, CA PUC",Yes,ADS,Waymo LLC, , ,Y, , , , , ,,JUL-2024, ,JUL-2024,20:58, ,e6ab23dde26e260,[MAY CONTAIN PERSONALLY IDENTIFIABLE INFORMATION], ,[MAY CONTAIN PERSONALLY IDENTIFIABLE INFORMATION], ,[MAY CONTAIN PERSONALLY IDENTIFIABLE INFORMATION], ,San Francisco, ,CA ,[MAY CONTAIN PERSONALLY IDENTIFIABLE INFORMATION], ,Street,Dry,No Unusual Conditions,25, ,Dark - Lighted, , ,Y, , , , , ,,SUV,No Injuries Reported,Yes,Backing,No,No,Y, , , , , , , , , , ,Stopped,No,No,No Passengers in Vehicle,0, , , , , , ,Y, , , , , , , ,Y, ,Y,Y, , ,No,, ,Yes,, ,, ,, ,Yes, ,"On July [XXX], 2024 at 8:58 PM PT, a Waymo Autonomous Vehicle (""Waymo AV"") operating in San Francisco, California was in a collision involving an SUV on [XXX] at [XXX].
The Waymo AV was stopped in traffic for a red light on [XXX] when an SUV in front of the Waymo AV began to roll backwards. The SUV's rear passenger side corner made contact with the front of the Waymo AV. At the time of the impact, the Waymo AV's Level 4 ADS was engaged in autonomous mode. Both vehicles sustained damage.
Waymo is reporting this crash under Request No. 2 of Standing General Order 2021-01. Waymo may supplement or correct its reporting with additional information as it may become available.",
30270-8388,1,Waymo LLC,Monthly,7,2024,AUG-2024,SADHW2S11R1, ,N/A,Jaguar,I-Pace, ,2024, ,87a47e483e75f8e,8816, ,None,5th Generation ADS, , ,5th Generation, , ,Version 9, , ,, ,Y,,, ,Y,Yes (specify below),"CA DMV, CA PUC",Yes,ADS,Waymo LLC, , ,Y, , , , , ,,JUL-2024, ,JUL-2024,15:40, ,569e9de402e0e26,[MAY CONTAIN PERSONALLY IDENTIFIABLE INFORMATION], ,[MAY CONTAIN PERSONALLY IDENTIFIABLE INFORMATION], ,[MAY CONTAIN PERSONALLY IDENTIFIABLE INFORMATION], ,San Francisco, ,CA ,[MAY CONTAIN PERSONALLY IDENTIFIABLE INFORMATION], ,Street,Dry,No Unusual Conditions,30, ,Daylight,Y, , , , , , , ,,Passenger Car,No Injuries Reported,Yes,Proceeding Straight,No,No, , , , , ,Y, , , , , ,Stopped,No,No,Yes,0, , , , ,Y, , , , , , , , , ,Y, ,Y,Y, , ,No,, ,Yes,, ,, ,, ,Yes, ,"On July [XXX], 2024 at 3:40 PM PT a Waymo Autonomous Vehicle (""Waymo AV"") operating in San Francisco, California was in a collision involving a passenger car on [XXX] at [XXX]. 
The Waymo AV was stopped in traffic for a red light on northwestbound [XXX] in the leftmost dedicated left turn lane when a passenger car that had been stopped behind the Waymo AV proceeded forward and made contact with the rear of the Waymo AV.  At the time of the impact, the Waymo AV's Level 4 ADS was engaged in autonomous mode.  Both vehicles sustained damage. 
Waymo is reporting this crash under Request No. 2 of Standing General Order 2021-01. Waymo may supplement or correct its reporting with additional information as it may become available.",
30270-8387,1,Waymo LLC,Monthly,7,2024,AUG-2024,SADHW2S16R1, ,N/A,Jaguar,I-Pace, ,2024, ,b6ca4978c1fdc38,8190, ,None,5th Generation ADS, , ,5th Generation, , ,Version 9, , ,, ,Y,,, ,Y,Yes (specify below),"CA DMV, CA PUC",Yes,ADS,Waymo LLC, , ,Y, , , , , ,,JUL-2024, ,JUL-2024,14:21, ,c1f6f34ad0dfe4b,[MAY CONTAIN PERSONALLY IDENTIFIABLE INFORMATION], ,[MAY CONTAIN PERSONALLY IDENTIFIABLE INFORMATION], ,[MAY CONTAIN PERSONALLY IDENTIFIABLE INFORMATION], ,San Francisco, ,CA ,[MAY CONTAIN PERSONALLY IDENTIFIABLE INFORMATION], ,Street,Dry,No Unusual Conditions,25, ,Daylight,Y, , , , , , , ,,Passenger Car,No Injuries Reported,Yes,Backing,No,No, , , , , ,Y, , , , , ,Stopped,No,No,No Passengers in Vehicle,0, ,Y, , , , , , , , , , , , ,Y, ,Y,Y, , ,No,, ,Yes,, ,, ,, ,Yes, ,"On July [XXX], 2024 at 2:21 PM PT a Waymo Autonomous Vehicle (""Waymo AV"") operating in San Francisco, CA was in a collision involving a passenger car on [XXX] near [XXX]. 
The Waymo AV was parked at the curb on [XXX] when a passenger car in front of the Waymo AV began to reverse to parallel park. The passenger car's rear driver side corner made contact with the front of the Waymo AV. At the time of the impact, the Waymo's Level 4 ADS was engaged in autonomous mode. The Waymo AV sustained damage.
Waymo is reporting this crash under Request No. 2 of Standing General Order 2021-01. Waymo may supplement or correct its reporting with additional information as it may become available.",
30270-8386,1,Waymo LLC,Monthly,7,2024,AUG-2024,SADHW2S18R1, ,N/A,Jaguar,I-Pace, ,2024, ,81cdf8cb9dc16f6,11124, ,None,5th Generation ADS, , ,5th Generation, , ,Version 9, , ,, ,Y,,, ,Y,Yes (specify below),"CA DMV, CA PUC",Yes,ADS,Waymo LLC, , ,Y, , , , , ,,JUL-2024, ,JUL-2024,16:27, ,507ca034d6ef5a6,[MAY CONTAIN PERSONALLY IDENTIFIABLE INFORMATION], ,[MAY CONTAIN PERSONALLY IDENTIFIABLE INFORMATION], ,[MAY CONTAIN PERSONALLY IDENTIFIABLE INFORMATION], ,San Francisco, ,CA ,[MAY CONTAIN PERSONALLY IDENTIFIABLE INFORMATION], ,Intersection,Dry,No Unusual Conditions,25, ,Daylight,Y, , , , , , , ,,SUV,No Injuries Reported,Yes,Proceeding Straight,No,No, , , , , ,Y, , , , , ,Stopped,No,No,Yes,0, , , , ,Y, , , , , , , , , ,Y, ,Y,Y, , ,No,, ,Yes,, ,, ,, ,Yes, ,"On July [XXX], 2024 at 4:27 PM PT a Waymo Autonomous Vehicle (""Waymo AV"") operating in San Francisco, California was in a collision involving an SUV on [XXX] at [XXX]. 
The Waymo AV was traveling in the middle of three southbound lanes of [XXX] and approached the intersection with [XXX]. The traffic light ahead of the Waymo AV was green but traffic in the intersection was slowing to a stop, resulting in a lack of space ahead for the Waymo AV to proceed completely through the intersection. The Waymo AV came to a stop before the intersection and the front of an SUV that was following behind the Waymo AV made contact with the rear of the Waymo AV. At the time of the impact, the Waymo AV's Level 4 ADS was engaged in autonomous mode. Both vehicles sustained damage.
Waymo is reporting this crash under Request No. 2 of Standing General Order 2021-01. Waymo may supplement or correct its reporting with additional information as it may become available.",
30270-8385,1,Waymo LLC,Monthly,7,2024,AUG-2024,SADHW2S1XM1, ,N/A,Jaguar,I-Pace, ,2021, ,8110795f6daf529,86073, ,None,5th Generation ADS, , ,5th Generation, , ,Version 9, , ,, ,Y,,, ,Y,Yes (specify below),"CA DMV, CA PUC",Yes,ADS,Waymo LLC, , ,Y, , , , , ,,JUL-2024, ,JUL-2024,18:53, ,31a94fb68dac7e0,[MAY CONTAIN PERSONALLY IDENTIFIABLE INFORMATION], ,[MAY CONTAIN PERSONALLY IDENTIFIABLE INFORMATION], ,[MAY CONTAIN PERSONALLY IDENTIFIABLE INFORMATION], ,San Francisco, ,CA ,[MAY CONTAIN PERSONALLY IDENTIFIABLE INFORMATION], ,Intersection,Dry,No Unusual Conditions,25, ,Daylight,Y, , , , , , , ,,Passenger Car,No Injuries Reported,Yes,Passing,No,No, , , , , , ,Y,Y, , , ,Proceeding Straight,No,No,Yes,0, ,Y, , , , , , , , , , , , ,Y, ,Y,Y, , ,No,, ,Yes,, ,, ,, ,Yes, ,"On July [XXX], 2024 at 6:53 PM PT a Waymo Autonomous Vehicle (""Waymo AV"") operating in San Francisco, California was in a collision involving a passenger car on [XXX] at [XXX]. 
The Waymo AV was traveling in the rightmost lane of northbound [XXX] when it slowed to a stop for a red light at the intersection with [XXX]. While the Waymo AV remained stopped, a passenger car that had been parked at the curb of northbound [XXX] unparked and entered the rightmost lane behind the Waymo AV. The passenger car then began to change lanes into the left adjacent lane. As the passenger car was passing the stopped Waymo AV, the passenger side of the passenger car made contact with the rear driver side of the Waymo AV. At the time of the impact, the Waymo AV's Level 4 ADS was engaged in autonomous mode. Both vehicles sustained damage and the passenger car left the scene.
Waymo is reporting this crash under Request No. 2 of Standing General Order 2021-01. Waymo may supplement or correct its reporting with additional information as it may become available.",
30270-8384,1,Waymo LLC,Monthly,7,2024,AUG-2024,SADHW2S11R1, ,N/A,Jaguar,I-Pace, ,2024, ,2c6cb507a6366c8,9047, ,None,5th Generation ADS, , ,5th Generation, , ,Version 9, , ,, ,Y,,, ,Y,Yes (specify below),"CA DMV, CA PUC",Yes,ADS,Waymo LLC, , ,Y, , , , , ,,JUL-2024, ,JUL-2024,15:09, ,53150c4d8157ecd,[MAY CONTAIN PERSONALLY IDENTIFIABLE INFORMATION], ,[MAY CONTAIN PERSONALLY IDENTIFIABLE INFORMATION], ,[MAY CONTAIN PERSONALLY IDENTIFIABLE INFORMATION], ,Los Angeles, ,CA ,[MAY CONTAIN PERSONALLY IDENTIFIABLE INFORMATION], ,Street,Dry,No Unusual Conditions,25, ,Daylight,Y, , , , , , , ,,Pickup Truck,No Injuries Reported,Yes,Proceeding Straight,No,No, , ,Y, , , , , , , , ,Stopped,No,No,No Passengers in Vehicle,0, ,Y, , , , , , , , , , , , ,Y, ,Y,Y, , ,No,, ,Yes,, ,, ,, ,Yes, ,"On July [XXX], 2024 at 3:09 PM PT a Waymo Autonomous Vehicle (""Waymo AV"") operating in Los Angeles, California was in a collision involving a pickup truck on [XXX] near [XXX]. 
The Waymo AV was traveling northbound on [XXX] when it came to a stop to yield to an oncoming pickup truck in a narrow roadway with parked vehicles on both sides of the street. As the oncoming pickup truck passed the stopped Waymo AV, the front driver's side of the pickup truck made contact with the driver's side rear of the Waymo AV. At the time of the impact, the Waymo AV's Level 4 ADS was engaged in autonomous mode. The Waymo AV sustained damage and the pickup truck left the scene. 
Waymo is reporting this crash under Request No. 2 of Standing General Order 2021-01. Waymo may supplement or correct its reporting with additional information as it may become available.",
30610-8377,1,"Zoox, Inc.",Monthly,7,2024,AUG-2024,5TDDGRFH8KS, ,N/A,Toyota,Highlander, ,2019, ,57bcf49fc2dc14e,27052, ,In-Vehicle (Commercial / Test),311.24.07.13, , ,311.24.07.13, , ,311.24.07.13, , ,, ,Y,,, ,Y,Yes (specify below),CA DMV AVT Permit,Yes,ADS,Zoox, , , , ,Y,Y, , ,,JUL-2024, ,JUL-2024,18:43, ,e2bc89b5e8b7784,[MAY CONTAIN PERSONALLY IDENTIFIABLE INFORMATION], ,[MAY CONTAIN PERSONALLY IDENTIFIABLE INFORMATION], ,[MAY CONTAIN PERSONALLY IDENTIFIABLE INFORMATION], ,San Francisco, ,CA ,[MAY CONTAIN PERSONALLY IDENTIFIABLE INFORMATION], ,Street,Dry,No Unusual Conditions,25, ,Daylight, , ,Y, , , , , ,,Passenger Car,No Injuries Reported,Yes,Entering Traffic,No,No, , ,Y, , , , , , , , ,"Other, see Narrative",No,No,Yes,1, , , , , , , , , ,Y, , , , ,Y, ,Y, , , ,No,, ,No,, ,, ,, ,Yes, ,"A Zoox vehicle (Vehicle 1) in autonomous mode was traveling west on [XXX] in the right turn lane towards [XXX] in San Francisco, California. The Zoox vehicle was driving around some in-lane debris when a passenger car (Vehicle 2), attempting to enter traffic from a parking lot on the right, entered the Zoox vehicle's travel path. The front bumper of the Zoox vehicle on the passenger side made contact with the driver's side fender and front bumper of the passenger car. There were no reported injuries and police were not called. Zoox was later notified of a claim for unspecified damages by the other involved party.",
30610-8374,1,"Zoox, Inc.",Monthly,7,2024,AUG-2024,5TDDGRFH1KS, ,N/A,Toyota,Highlander, ,2019, ,b49f0b6ed06eb12,16733, ,In-Vehicle (Commercial / Test),280.24.07.20, , ,280.24.07.20, , ,280.24.07.20, , ,, ,Y,,, ,Y,Yes (specify below),CA DMV AVT Permit,Yes,ADS,Zoox, , , , ,Y,Y, , ,,JUL-2024, ,JUL-2024,15:25, ,fa872bc0a5be40f,[MAY CONTAIN PERSONALLY IDENTIFIABLE INFORMATION], ,[MAY CONTAIN PERSONALLY IDENTIFIABLE INFORMATION], ,[MAY CONTAIN PERSONALLY IDENTIFIABLE INFORMATION], ,San Francisco, ,CA ,[MAY CONTAIN PERSONALLY IDENTIFIABLE INFORMATION], ,Street,Dry,No Unusual Conditions,25, ,Daylight,Y, , , , , , , ,,Passenger Car,No Injuries Reported,Yes,Changing Lanes,No,No, , ,Y, , , , , , , , ,Stopped,No,No,Yes,0, , , , , , , ,Y, , , , , , ,Y, ,Y, , , ,No,, ,No,, ,, ,, ,Yes, ,"A Zoox vehicle (Vehicle 1) in autonomy was traveling west on [XXX] in the left travel lane, slowing as it approached the intersection with [XXX] in San Francisco. The Zoox vehicle operator disengaged from autonomy and braked further for stopped traffic ahead in the same travel lane. At that time, a Tesla sedan (Vehicle 2) traveling directly behind the Zoox vehicle abruptly attempted a lane change maneuver into the adjacent lane on the right,  side-swiping a BMW sedan (Vehicle 3) that was also westbound on [XXX] in the right lane. Vehicle 2, after making contact with Vehicle 3, veered back to the left lane behind the Zoox vehicle and rear ended the stopped Zoox vehicle. The Zoox vehicle sustained minor damage, while Vehicle 2 and Vehicle 3 appeared to have sustained moderate damage. There were no reported injuries and the police were not called.",
30610-8373,1,"Zoox, Inc.",Monthly,7,2024,AUG-2024,5TDDGRFH1KS, ,N/A,Toyota,Highlander, ,2019, ,592789b65942921,68476, ,In-Vehicle (Commercial / Test),276.24.07.16, , ,276.24.07.16, , ,276.24.07.16, , ,, ,Y,,, ,Y,Yes (specify below),CA DMV AVT Permit,Yes,ADS,Zoox, , , , ,Y,Y, , ,,JUL-2024, ,JUL-2024,17:29, ,2290df8540c1deb,[MAY CONTAIN PERSONALLY IDENTIFIABLE INFORMATION], ,[MAY CONTAIN PERSONALLY IDENTIFIABLE INFORMATION], ,[MAY CONTAIN PERSONALLY IDENTIFIABLE INFORMATION], ,San Francisco, ,CA ,[MAY CONTAIN PERSONALLY IDENTIFIABLE INFORMATION], ,Street,Dry,No Unusual Conditions,25, ,Daylight,Y, , , , , , , ,,Passenger Car,No Injuries Reported,Yes,Proceeding Straight,No,No, , ,Y, , , , , , , , ,Stopped,No,No,Yes,0, , , , , , , ,Y, , , , , , ,Y, ,Y, , , ,No,, ,No,, ,, ,, ,Yes, ,"A Zoox vehicle (Vehicle 1) in autonomous mode was stopped at a stop sign waiting for traffic to clear to make a left turn from northeast bound [XXX] onto [XXX] in San Francisco. A passenger car (Vehicle 2) was stopped directly behind the Zoox vehicle apparently in the process of turning right onto [XXX]. As the Zoox vehicle advanced and then came to a stop as it yielded to cross traffic, the passenger car tried to pass the Zoox vehicle on the right side and contacted the Zoox vehicle. The front bumper on the passenger car and rear bumper on the Zoox vehicle sustained minor damage. There were no reported injuries and the police were not called.",
30270-8356,1,Waymo LLC,5-Day,,,AUG-2024,SADHW2S13M1, ,N/A,Jaguar,I-Pace, ,2021, ,457ba4addbb8953,78170, ,None,5th Generation ADS, , ,5th Generation, , ,Version 9, , ,, ,Y,,,Y, ,Yes (specify below),CA,Yes,ADS,Waymo LLC, , ,Y, , , , , ,,AUG-2024, ,AUG-2024,00:08, ,dc54b81a445d6d0,[MAY CONTAIN PERSONALLY IDENTIFIABLE INFORMATION], ,[MAY CONTAIN PERSONALLY IDENTIFIABLE INFORMATION], ,[MAY CONTAIN PERSONALLY IDENTIFIABLE INFORMATION], ,San Francisco, ,CA ,[MAY CONTAIN PERSONALLY IDENTIFIABLE INFORMATION], ,Parking Lot,Dry,No Unusual Conditions,25, ,Dark - Lighted,Y, , , , , , , ,,Other Fixed Object,No Injuries Reported,Yes,,,, , , , , , , , , , , ,Proceeding Straight,No,Yes,No Passengers in Vehicle,1, , , , , , , , , ,Y, , , , ,Y, ,Y,Y, , ,No,, ,Yes,, ,, ,, ,Yes, ,"On August [XXX], 2024 at 12:08 AM PT a Waymo Autonomous Vehicle (""Waymo AV"") operating in San Francisco, California was in a collision involving a fence on [XXX] at [XXX]. 
The Waymo AV was entering a parking lot on [XXX] between [XXX] and [XXX] when the front right sensor made contact with a fence. At the time of the impact, the Waymo AV's Level 4 ADS was engaged in autonomous mode. The Waymo AV sustained damage.
Waymo is reporting this crash under Request No. 1 of Standing General Order 2021-01 because a vehicle involved was towed away. Waymo may supplement or correct its reporting with additional information as it may become available.",
30270-8316,1,Waymo LLC,5-Day,,,AUG-2024,SADHW2S10M1, ,N/A,Jaguar,I-Pace, ,2021, ,4fb647281cb3ccc,88108, ,None,5th Generation ADS, , ,5th Generation, , ,Version 9, , ,, ,Y,,, ,Y,Yes (specify below),"CA DMV, CA PUC",Yes,ADS,Waymo LLC, , ,Y, , , , , ,,AUG-2024, ,AUG-2024,13:58, ,1a4cbd1d95b3d30,[MAY CONTAIN PERSONALLY IDENTIFIABLE INFORMATION], ,[MAY CONTAIN PERSONALLY IDENTIFIABLE INFORMATION], ,[MAY CONTAIN PERSONALLY IDENTIFIABLE INFORMATION], ,San Francisco, ,CA ,[MAY CONTAIN PERSONALLY IDENTIFIABLE INFORMATION], ,Intersection,Dry,No Unusual Conditions,25, ,Daylight, , ,Y, , , , , ,,Passenger Car,No Injuries Reported,Yes,Lane / Road Departure,No,No, , , , , , ,Y,Y,Y, , ,Stopped,No,No,Yes,0, , , ,Y, , ,Y, , , , , , , ,Y, ,Y,Y, , ,No,, ,Yes,, ,, ,, ,Yes, ,"On August [XXX], 2024 at 1:58 PM PT a Waymo Autonomous Vehicle (""Waymo AV"") operating in San Francisco, California was in a collision involving a passenger car on [XXX] at [XXX]. 
The Waymo AV was traveling westbound on [XXX] and approached the intersection where westbound [XXX] merges with southbound [XXX]. The Waymo AV entered the intersection on a green light but traffic in the intersection slowed to a stop, resulting in a lack of space ahead for the Waymo AV to proceed completely through the intersection. While the Waymo AV was stopped in the intersection, a passenger car traveling in the far left lane of southbound [XXX] proceeded into the intersection, crossed over the center and right lanes of southbound [XXX], heading towards a pedestrianized space area closed to vehicular traffic, and then made contact with the front of the Waymo AV.  At the time of the impact, the Waymo AV's Level 4 ADS was engaged in autonomous mode.  Both vehicles sustained damage.
Waymo is reporting this crash under Request No. 1 of Standing General Order 2021-01 because a vehicle involved was towed away. Waymo may supplement or correct its reporting with additional information as it may become available.",
30270-8278,1,Waymo LLC,5-Day,,,AUG-2024,SADHW2S16M1, ,N/A,Jaguar,I-Pace, ,2021, ,a441b0846fe8fa2,85516, ,None,5th Generation ADS, , ,5th Generation, , ,Version 9, , ,, ,Y,,, ,Y,Yes (specify below),"CA DMV, CA PUC",Yes,ADS,Waymo LLC, , ,Y, , , , , ,,JUL-2024, ,JUL-2024,16:43, ,0d1a06493f0a3fa,[MAY CONTAIN PERSONALLY IDENTIFIABLE INFORMATION], ,[MAY CONTAIN PERSONALLY IDENTIFIABLE INFORMATION], ,[MAY CONTAIN PERSONALLY IDENTIFIABLE INFORMATION], ,San Francisco, ,CA ,[MAY CONTAIN PERSONALLY IDENTIFIABLE INFORMATION], ,Intersection,Dry,No Unusual Conditions,25, ,Daylight,Y, , , , , , , ,,Passenger Car,No Injuries Reported,Yes,Making Right Turn,No,No, , ,Y, , , , , , , , ,Making Left Turn,No,Yes,Yes,8, , , , , , , , , ,Y, , , , ,Y, ,Y,Y, , ,No,, ,Yes,, ,, ,, ,Yes, ,"On July [XXX], 2024 at 4:43 PM PT a Waymo Autonomous Vehicle (Waymo AV) operating in San Francisco, California was in a collision involving a passenger car in the intersection of [XXX] and [XXX].
The Waymo AV was traveling westbound on [XXX] when it activated its left turn signal and came to a complete stop at the four-way stop sign at [XXX] and waited for its turn to proceed with a left turn. As the Waymo AV started its left turn, a passenger car traveling eastbound on [XXX] approached the intersection with its right turn signal activated. The Waymo AV continued to make a left turn through the intersection, and the passenger car began making a right turn onto southbound [XXX] without first stopping at the stop sign. As the Waymo AV was completing its left turn onto southbound [XXX], the passenger car continued making a right turn. The front driver side corner of the passenger car then made contact with the front passenger side corner of the Waymo AV. At the time of the impact, the Waymo AVs Level 4 ADS was engaged in autonomous mode. Both vehicles sustained damage.
Waymo is reporting this crash under Request No. 1 of Standing General Order 2021-01 because a vehicle involved was towed away. Waymo may supplement or correct its reporting with additional information as it may become available.",
30270-8273,1,Waymo LLC,5-Day,,,AUG-2024,SADHW2S19M1, ,N/A,Jaguar,I-Pace, ,2021, ,ada18c60b810838,104307, ,None,5th Generation ADS, , ,5th Generation, , ,Version 9, , ,, ,Y,,, ,Y,Yes (specify below),"CA DMV, CA PUC",Yes,ADS,Waymo LLC, , ,Y, , , , , ,,JUL-2024, ,JUL-2024,18:25, ,91bbdc8e89308e3,[MAY CONTAIN PERSONALLY IDENTIFIABLE INFORMATION], ,[MAY CONTAIN PERSONALLY IDENTIFIABLE INFORMATION], ,[MAY CONTAIN PERSONALLY IDENTIFIABLE INFORMATION], ,San Francisco, ,CA ,[MAY CONTAIN PERSONALLY IDENTIFIABLE INFORMATION], ,Intersection,Dry,No Unusual Conditions,25, ,Daylight, , ,Y, , , , , ,,Bus,No Injuries Reported,Yes,Traveling Wrong Way,No,No, , , , , , ,Y, , , , ,Stopped,No,Yes,No Passengers in Vehicle,0, ,Y, , , , , , , , , , , , ,Y, ,Y,Y, , ,No,, ,Yes,, ,, ,, ,Yes, ,"On July [XXX], 2024 at 6:25 PM PT a Waymo Autonomous Vehicle (Waymo AV) operating in San Francisco, California was in a collision involving a charter bus on [XXX] at [XXX].
The Waymo AV was stopped facing a red light on south-westbound [XXX] and was preparing to make an unprotected left turn onto [XXX] in the leftmost dedicated left turn lane. While the Waymo AV remained stopped and the traffic light was still red, a charter bus immediately behind the Waymo AV reversed briefly and then entered the oncoming lanes of [XXX] to maneuver around the Waymo AV. As the charter bus was passing the stopped Waymo AV, the rear passenger side of the charter bus made contact with the rear driver side corner of the Waymo AV. The charter bus then entered the intersection against a red light and made a left turn onto south-eastbound [XXX]. At the time of the impact, the Waymo AVs Level 4 ADS was engaged in autonomous mode. Both vehicles sustained damage and the charter bus left the scene.
Waymo is reporting this crash under Request No. 1 of Standing General Order 2021-01 because a vehicle involved was towed away. Waymo may supplement or correct its reporting with additional information as it may become available.",
30270-8266,1,Waymo LLC,5-Day,,,AUG-2024,SADHW2S1XR1, ,N/A,Jaguar,I-Pace, ,2024, ,7764ec909f37fb8,431, ,None,5th Generation ADS, , ,5th Generation, , ,Version 9, , ,, ,Y,,, ,Y,Yes (specify below),"CA DMV, CA PUC",Yes,ADS,Waymo LLC, , ,Y, , , , , ,,JUL-2024, ,JUL-2024,04:28, ,5c8348bcf998c8b,[MAY CONTAIN PERSONALLY IDENTIFIABLE INFORMATION], ,[MAY CONTAIN PERSONALLY IDENTIFIABLE INFORMATION], ,[MAY CONTAIN PERSONALLY IDENTIFIABLE INFORMATION], ,San Francisco, ,CA ,[MAY CONTAIN PERSONALLY IDENTIFIABLE INFORMATION], ,Street,Dry,No Unusual Conditions,25, ,Dark - Not Lighted,Y, , , , , , , ,,Passenger Car,No Injuries Reported,Yes,Traveling Wrong Way,No,No, , , , , , , ,Y, , , ,Stopped,No,Yes,No Passengers in Vehicle,0, , , , , , , ,Y, , , , , , ,Y, ,Y,Y, , ,No,, ,Yes,, ,, ,, ,Yes, ,"On July [XXX], 2024 at 4:28 AM PT a Waymo Autonomous Vehicle (Waymo AV) operating in San Francisco, California was in a collision involving a passenger car on [XXX] at the [XXX] Exit. 
The Waymo AV was traveling east on [XXX] when it took the one-way onramp exit to [XXX]. As the Waymo AV was traveling through the onramp, a passenger car approached in the oncoming direction, traveling the wrong way on the one-way ramp. The Waymo AV slowed to a stop as it yielded to the oncoming passenger car. While the Waymo AV remained stopped, the passenger car passed the Waymo AV on the right of the Waymo AV. As the passenger car was passing the stopped Waymo AV, the passenger side of the passenger car made contact with the rear passenger side of the Waymo AV. At the time of the impact, the Waymo AVs Level 4 ADS was engaged in autonomous mode. The Waymo AV sustained damage and the passenger car left the scene. 
Waymo is reporting this crash under Request No. 1 of Standing General Order 2021-01 because a vehicle involved was towed away. Waymo may supplement or correct its reporting with additional information as it may become available.",
30610-8201,2,"Zoox, Inc.",10-Day Update,,,JUL-2024,5TDDGRFH1KS, ,N/A,Toyota,Highlander, ,2019, ,f2429255e0858ca,31992, ,In-Vehicle (Commercial / Test),253.24.07.20, , ,253.24.07.20, , ,253.24.07.20, , ,, ,Y,,, ,Y,Yes (specify below),CA DMV AVT Permit,Yes,ADS,Zoox, , , ,Y,Y,Y, , ,,JUL-2024, ,JUL-2024,11:07, ,ad0dcca9b823fd2,[MAY CONTAIN PERSONALLY IDENTIFIABLE INFORMATION], ,[MAY CONTAIN PERSONALLY IDENTIFIABLE INFORMATION], ,[MAY CONTAIN PERSONALLY IDENTIFIABLE INFORMATION], ,San Francisco, ,CA ,[MAY CONTAIN PERSONALLY IDENTIFIABLE INFORMATION], ,Street,Dry,No Unusual Conditions,25, ,Daylight,Y, , , , , , , ,,Non-Motorist: Cyclist,Minor,No,Proceeding Straight,,, , , , , , , , , , , ,Stopped,No,No,No Passengers in Vehicle,0, , , , , , ,Y, , , , , , ,Y,Y, ,Y, , , ,Yes,SFPD, ,No,[MAY CONTAIN PERSONALLY IDENTIFIABLE INFORMATION], ,,Y,,Y,Yes, ,"A Zoox vehicle (Vehicle 1), was completing a mission traveling southwest on [XXX] in San Francisco. As the vehicle was completing its mission and slowed to a near stop, the Zoox vehicle operator identified an oncoming bicycle, disengaged from autonomy, and braked the Zoox vehicle to a full stop in its lane. The bicyclist crossed into the oncoming traffic lane occupied by the Zoox vehicle and continued rapidly while steering directly towards the front of the Zoox vehicle. The bicycle made contact with the front bumper of the stationary Zoox vehicle and the bicyclist made contact with the hood of the Zoox vehicle and fell to the ground. The police and emergency responders arrived at the scene and the bicyclist was transported to a hospital. The police report describes injuries to the bicyclist as ""loss of consciousness, complaint of pain to back, knee, and toe nail"". This 10-Day update provides complete information to date for this incident.",