Report ID,Report Version,Reporting Entity,Report Type,Report Month,Report Year,Report Submission Date,VIN,VIN - Unknown,Serial Number,Make,Model,Model - Unknown,Model Year,Model Year - Unknown,Same Vehicle ID,Mileage,Mileage - Unknown,Driver / Operator Type,ADAS/ADS System Version,ADAS/ADS System Version - Unk,ADAS/ADS System Version CBI,ADAS/ADS Hardware Version,ADAS/ADS Hardware Version - Unk,ADAS/ADS Hardware Version CBI,ADAS/ADS Software Version,ADAS/ADS Software Version - Unk,ADAS/ADS Software Version CBI,Other Reporting Entities?,Other Reporting Entities? - Unk,Other Reporting Entities? - NA,Federal Regulatory Exemption?,Other Federal Reg. Exemption,Federal Reg. Exemption - Unk,Federal Reg. Exemption - No,State or Local Permit?,State or Local Permit,ADS Equipped?,Automation System Engaged?,Operating Entity,Operating Entity - Unknown,Source - Complaint/Claim,Source - Telematics,Source - Law Enforcement,Source - Field Report,Source - Testing,Source - Media,Source - Other,Source - Other Text,Incident Date,Incident Date - Unknown,Notice Received Date,Incident Time (24:00),Incident Time - Unknown,Same Incident ID,Latitude,Latitude - Unknown,Longitude,Longitude - Unknown,Address,Address - Unknown,City,City - Unknown,State,Zip Code,Zip Code - Unknown,Roadway Type,Roadway Surface,Roadway Description,Posted Speed Limit (MPH),Posted Speed Limit - Unknown,Lighting,Weather - Clear,Weather - Snow,Weather - Cloudy,Weather - Fog/Smoke,Weather - Rain,Weather - Severe Wind,Weather - Unknown,Weather - Other,Weather - Other Text,Crash With,Highest Injury Severity Alleged,Property Damage?,CP Pre-Crash Movement,CP Any Air Bags Deployed?,CP Was Vehicle Towed?,CP Contact Area - Rear Left,CP Contact Area - Left,CP Contact Area - Front Left,CP Contact Area - Rear,CP Contact Area - Top,CP Contact Area - Front,CP Contact Area - Rear Right,CP Contact Area - Right,CP Contact Area - Front Right,CP Contact Area - Bottom,CP Contact Area - Unknown,SV Pre-Crash Movement,SV Any Air Bags Deployed?,SV Was Vehicle Towed?,SV Were All Passengers Belted?,SV Precrash Speed (MPH),SV Pre-crash Speed - Unknown,SV Contact Area - Rear Left,SV Contact Area - Left,SV Contact Area - Front Left,SV Contact Area - Rear,SV Contact Area - Top,SV Contact Area - Front,SV Contact Area - Rear Right,SV Contact Area - Right,SV Contact Area - Front Right,SV Contact Area - Bottom,SV Contact Area - Unknown,Data Availability - EDR,Data Availability - Police Rpt,Data Availability - Telematics,Data Availability - Complaints,Data Availability - Video,Data Availability - Other,Data Availability - No Data,Data Availability - Unknown,Law Enforcement Investigating?,Investigating Agency,Investigating Agency - Unknown,Rep Ent Or Mfr Investigating?,Investigating Officer Name,Inv. Officer Name - Unknown,Investigating Officer Phone,Inv. Officer Phone - Unknown,Investigating Officer Email,Inv. Officer Email - Unknown,Within ODD?,Within ODD? - CBI,Narrative,Narrative - CBI?
30270-8125,1,Waymo LLC,Monthly,6,2024,JUL-2024,SADHW2S17M1, ,N/A,Jaguar,I-Pace, ,2021, ,240b17854c3702c,128293, ,In-Vehicle (Commercial / Test),5th Generation ADS, , ,5th Generation, , ,Version 9, , ,Transdev Alternative Services, , ,,, ,Y,Yes (specify below),"CA DMV, CA PUC",Yes,ADS,Waymo LLC, , ,Y, , , , , ,,JUN-2024, ,JUN-2024,16:54, ,7efef5aa622ea74,[MAY CONTAIN PERSONALLY IDENTIFIABLE INFORMATION], ,[MAY CONTAIN PERSONALLY IDENTIFIABLE INFORMATION], ,[MAY CONTAIN PERSONALLY IDENTIFIABLE INFORMATION], ,Marina Del Rey, ,CA ,[MAY CONTAIN PERSONALLY IDENTIFIABLE INFORMATION], ,Intersection,Dry,No Unusual Conditions,35, ,Daylight, , ,Y, , , , , ,,Passenger Car,No Injuries Reported,Yes,Lane / Road Departure,No,No, , , , , , , , ,Y, , ,Making Left Turn,No,No,Yes,13, ,Y, , , , , , , , , , , , ,Y, ,Y,Y, , ,No,, ,Yes,, ,, ,, ,Yes, ,"On June [XXX], 2024 at 4:54 PM PT a Waymo Autonomous Vehicle (Waymo AV) operating in [XXX], California was in a collision involving a passenger car on [XXX] at [XXX]. 
The Waymo AV was making a left turn from the rightmost dedicated left turn lane on [XXX] into lane two of three lanes in the eastbound direction of [XXX]. A passenger car was also making a left turn from the leftmost dedicated left turn lane (leftmost lane). The passenger car had made the turn onto [XXX] and was partially in the number 1 lane (leftmost) and partially in the number 2 lane (middle) when the front passenger side of the passenger car made contact with the rear driver side of the Waymo AV, which was traveling in the number 2 lane (middle). At the time of the impact, the Waymo AVs Level 4 ADS was engaged in autonomous mode, and a test driver was present (in the drivers seating position). Both vehicles sustained damage.
Waymo is reporting this crash under Request No. 2 of Standing General Order 2021-01. Waymo may supplement or correct its reporting with additional information as it may become available.",
30270-8121,1,Waymo LLC,Monthly,6,2024,JUL-2024,SADHW2S15R1, ,N/A,Jaguar,I-Pace, ,2024, ,54dcf0b0f8114d9,14415, ,None,5th Generation ADS, , ,5th Generation, , ,Version 9, , ,, ,Y,,, ,Y,Yes (specify below),"CA DMV, CA PUC						",Yes,ADS,Waymo LLC, , ,Y, , , , , ,,JUN-2024, ,JUN-2024,22:52, ,b0a31cdcac361e5,[MAY CONTAIN PERSONALLY IDENTIFIABLE INFORMATION], ,[MAY CONTAIN PERSONALLY IDENTIFIABLE INFORMATION], ,[MAY CONTAIN PERSONALLY IDENTIFIABLE INFORMATION], ,Los Angeles, ,CA ,[MAY CONTAIN PERSONALLY IDENTIFIABLE INFORMATION], ,Intersection,Dry,No Unusual Conditions,35, ,Dark - Lighted,Y, , , , , , , ,,Passenger Car,No Injuries Reported,Yes,Crossing into Opposing Lane,No,No, , , , , , , ,Y,Y, , ,Changing Lanes,No,No,Yes,35, ,Y,Y, , , , , , , , , , , ,Y, ,Y,Y, , ,No,, ,Yes,, ,, ,, ,Yes, ,"On June [XXX], 2024 at 10:52 PM PT a Waymo Autonomous Vehicle (Waymo AV) operating in [XXX], California was in a collision involving a passenger car on [XXX] at [XXX]. 
The Waymo AV was traveling northeast on [XXX] in the center lane of three lanes when it activated its left turn signal. Simultaneously, a passenger car that was traveling behind the Waymo AV at a high rate of speed began to change lanes from the rightmost lane to the leftmost lane. As the Waymo AV entered the leftmost lane, the passenger car passed the Waymo AV in the leftmost lane of southwestbound [XXX]. The passenger side of the passenger car then made contact with the driver side of the Waymo AV. At the time of the impact, the Waymo AVs Level 4 ADS was engaged in autonomous mode. Both vehicles sustained damage and the passenger car left the scene.  
Waymo is reporting this crash under Request No. 2 of Standing General Order 2021-01. Waymo may supplement or correct its reporting with additional information as it may become available.",
30792-8115,1,WeRide Corp,Monthly,7,2024,JUL-2024,1N4AZ1CP4KC, ,n/a,Nissan,Leaf, ,2019, ,daf1774a01604d5,25430, ,In-Vehicle and Remote (Commercial / Test),07e2ff71c978f12806ff04f1d03ea5c6d10fc90f, , ,1.5, , ,3.0, , ,, ,Y,,, ,Y,Yes (specify below),CA DMV AVT PERMIT,Yes,"Unknown, see Narrative",WeRide, , ,Y, ,Y, , , ,,JUN-2024, ,JUN-2024,15:51, ,f4620abf7e65afd,[MAY CONTAIN PERSONALLY IDENTIFIABLE INFORMATION], ,[MAY CONTAIN PERSONALLY IDENTIFIABLE INFORMATION], ,[MAY CONTAIN PERSONALLY IDENTIFIABLE INFORMATION], ,Santa Clara, ,CA ,[MAY CONTAIN PERSONALLY IDENTIFIABLE INFORMATION], ,Street,Dry,No Unusual Conditions,35, ,Daylight,Y, , , , , , , ,,Passenger Car,No Injuries Reported,No,Proceeding Straight,No,No, , , , , , , ,Y,Y, , ,Making U-Turn,No,No,No Passengers in Vehicle,6, , , ,Y, , , , , , , , , , ,Y, ,Y, , , ,No,, ,Yes,, ,, ,, ,Yes, ,"On 06/[XXX]/2024 at 3:51pm, a WeRide vehicle (Car 1) safety driver in manual driving mode was attempting to make a u-turn at 6 mph on [XXX]. During the u-turn maneuver, a white chevy cruze (Car 2) traveling at 23 mph, having just made a right turn off of [XXX]., approached from behind on [XXX]. Car 2 steered left just before the impact but still clipped the front left side bumper of Car 1 with its (car2's) right side. The damage sustained to Car 1 was on the front bumper, left side, and the damage sustained to Car 2 was on the right passenger's door. Both parties pulled over to exchange information. Both vehicles involved in accident sustained moderate damage.
There were no injuries reported and no emergency responders were called.
During and 2 minutes before the incident, WeRide vehicle (Car 1) was in manual driving mode.",
540-1517,2,"General Motors, LLC",Update,,,JUL-2024,5G21A6P02L4, ,N/A,Chevrolet,Bolt, ,2020, ,dc64b32fa4888fb,24248, ,In-Vehicle and Remote (Commercial / Test),,Y, ,,Y, ,,Y, ,Cruise LLC, , ,,, ,Y,Yes (specify below),CA,Yes,ADS,Cruise, , , , , ,Y, , ,,AUG-2021, ,JUL-2024,12:58, ,75b4756180a9b45,[MAY CONTAIN PERSONALLY IDENTIFIABLE INFORMATION], ,[MAY CONTAIN PERSONALLY IDENTIFIABLE INFORMATION], ,[MAY CONTAIN PERSONALLY IDENTIFIABLE INFORMATION], ,San Francisco, ,CA ,[MAY CONTAIN PERSONALLY IDENTIFIABLE INFORMATION], ,Intersection,Dry,No Unusual Conditions,25, ,Daylight,Y, , , , , , , ,,Pickup Truck,No Injuries Reported,Yes,Proceeding Straight,No,No, , ,Y, , ,Y, , ,Y, , ,Proceeding Straight,No,No,Yes,22, ,Y,Y, , , , , , , , , ,Y, ,Y, ,Y,Y, , ,No,, ,Yes,, ,, ,, ,"Unknown, see Narrative", ,"On July 12, 2024, GM Cruise Holdings LLC (Cruise) filed an updated Incident Report (the Report) under the Standing General Order 2021-01 dated June 29, 2021 (the Order). General Motors LLC (GM) manufactured the Cruise-owned and operated motor vehicle involved in the alleged incident summarized in the Incident Report. Because GM is also a Reporting Entity under the Order, GM is submitting a duplicate of the redacted public copy of the Report. GM has selected Unknown in the ADS version and ODD time fields solely to avoid a second submission of nonpublic Cruise CBI GM is in possession of Cruise's responses to these fields, and incorporates Cruise's responses into this submission by reference. GM's submission is based on facts supplied to GM by Cruise. GM has not investigated the alleged incident and currently believes, based on a reasonable inquiry, that it has no independent knowledge of the facts in the Report. (Reference file: [XXX].",
30270-8088,1,Waymo LLC,1-Day,,,JUL-2024,SADHW2S16M1, ,N/A,Jaguar,I-Pace, ,2021, ,90049d8b3034d29,73354, ,None,5th Generation ADS, , ,5th Generation, , ,Version 9, , ,, ,Y,,, ,Y,Yes (specify below),"CA DMV, CA PUC",Yes,ADS,Waymo LLC, , ,Y, , , , , ,,JUL-2024, ,JUL-2024,20:48, ,8cafb1314704254,[MAY CONTAIN PERSONALLY IDENTIFIABLE INFORMATION], ,[MAY CONTAIN PERSONALLY IDENTIFIABLE INFORMATION], ,[MAY CONTAIN PERSONALLY IDENTIFIABLE INFORMATION], ,San Francisco, ,CA ,[MAY CONTAIN PERSONALLY IDENTIFIABLE INFORMATION], ,Intersection,Dry,No Unusual Conditions,25, ,Dark - Lighted, , ,Y, , , , , ,,SUV,No Injuries Reported,Yes,Proceeding Straight,No,No, , , , , ,Y, , , , , ,Stopped,No,No,Yes,0, ,Y, , ,Y, , , , , , , , , ,Y, ,Y,Y, , ,No,, ,Yes,, ,, ,, ,Yes, ,"On July [XXX], 2024 at 8:48 PM PT a Waymo Autonomous Vehicle (Waymo AV) operating in [XXX], California was in a collision involving a SUV on [XXX] at [XXX]. 
The Waymo AV was traveling north on [XXX] in the far right lane and came to a stop to yield to pedestrians walking in the crosswalk of [XXX] as it prepared to make a right turn onto [XXX]. A SUV that was traveling in the same lane behind the Waymo AV then made contact with the rear of the Waymo AV. At the time of the impact, the Waymo AVs Level 4 ADS was engaged in autonomous mode. Both vehicles sustained damage and the SUV left the scene.
Waymo is reporting this crash under Request No. 1 of Standing General Order 2021-01 because a vulnerable road user influenced the driving task of a vehicle involved. Waymo may supplement or correct its reporting with additional information as it may become available.",
30412-1293,2,Cruise LLC,Update,,,JUL-2024,5G21A6P02L4, ,N/A,Chevrolet,Bolt, ,2020, ,dc64b32fa4888fb,24248, ,In-Vehicle and Remote (Commercial / Test),"[REDACTED, MAY CONTAIN CONFIDENTIAL BUSINESS INFORMATION]", ,Y,, , ,, , ,"General Motors, LLC", , ,,, ,Y,Yes (specify below),CA,Yes,ADS,Cruise, , , , , ,Y, , ,,AUG-2021, ,AUG-2021,12:58, ,75b4756180a9b45,[MAY CONTAIN PERSONALLY IDENTIFIABLE INFORMATION], ,[MAY CONTAIN PERSONALLY IDENTIFIABLE INFORMATION], ,[MAY CONTAIN PERSONALLY IDENTIFIABLE INFORMATION], ,San Francisco, ,CA ,[MAY CONTAIN PERSONALLY IDENTIFIABLE INFORMATION], ,Intersection,Dry,No Unusual Conditions,25, ,Daylight,Y, , , , , , , ,,Pickup Truck,No Injuries Reported,Yes,Proceeding Straight,No,No, , ,Y, , ,Y, , ,Y, , ,Proceeding Straight,No,No,Yes,22, ,Y,Y, , , , , , , , , ,Y, ,Y, ,Y,Y, , ,No,, ,Yes,, ,, ,, ,"[REDACTED, MAY CONTAIN CONFIDENTIAL BUSINESS INFORMATION]",Y,"Cruise submits this updated report to correct the incident date and notice received date, inadvertently reported as August [XXX], 2021 in Cruise's original submission ([XXX]), to the correct date of August [XXX], 2021. There are no other changes to Cruise's previous submission. A Cruise autonomous vehicle (""Cruise AV""), operating in autonomous mode, was traveling westbound on [XXX]. As the Cruise AV was in the intersection with [XXX], a silver Toyota Tundra traveling northbound on [XXX] failed to yield and continued to enter the intersection. The AVTO disengaged from autonomous mode nevertheless the Toyota made contact with the Cruise AV's left rear panel and damaged the rear left bumper. There were no injuries and police were not called.",
30270-8061,1,Waymo LLC,5-Day,,,JUL-2024,SADHW2S10R1, ,N/A,Jaguar,I-Pace, ,2024, ,bba221bd494dda8,17265, ,None,5th Generation ADS, , ,5th Generation, , ,Version 9, , ,, ,Y,,, ,Y,Yes (specify below),"CA DMV, CA PUC",Yes,ADS,Waymo LLC, , ,Y, , , , , ,,JUL-2024, ,JUL-2024,20:43, ,e7bd1ea6542b009,[MAY CONTAIN PERSONALLY IDENTIFIABLE INFORMATION], ,[MAY CONTAIN PERSONALLY IDENTIFIABLE INFORMATION], ,[MAY CONTAIN PERSONALLY IDENTIFIABLE INFORMATION], ,San Francisco, ,CA ,[MAY CONTAIN PERSONALLY IDENTIFIABLE INFORMATION], ,Intersection,Dry,No Unusual Conditions,25, ,Dawn / Dusk, , ,Y, , , , , ,,Passenger Car,No Injuries Reported,Yes,Traveling Wrong Way,Yes,Yes, , ,Y, , ,Y, , ,Y, , ,"Other, see Narrative",Yes,Yes,Yes,1, , , ,Y, , , , , , , , , , ,Y, ,Y,Y, , ,No,, ,Yes,, ,, ,, ,Yes, ,"On July [XXX], 2024 at 8:43 PM PT a Waymo Autonomous Vehicle (""Waymo AV"") operating in [XXX], California was in a collision involving a passenger car on [XXX]. 
The Waymo AV was traveling east on [XXX]. As the AV approached the all-way stop sign at [XXX], it detected a vehicle traveling west on [XXX] and crossing into the opposing lane (the lane in which the AV was traveling). The passenger car entered the intersection in the opposing lane without slowing. The Waymo AV slowed down and maneuvered towards the right side of the eastbound lane as the front of the passenger car, still moving in the wrong direction in the eastbound lane, made contact with the front driver side corner of the Waymo AV.  At the time of the impact, the Waymo AV's Level 4 ADS was engaged in autonomous mode.  Both vehicles sustained damage.
Waymo is reporting this crash under Request No. 1 of Standing General Order 2021-01 because a vehicle involved was towed away and because of airbag deployment. Waymo may supplement or correct its reporting with additional information as it may become available.",
30270-8021,2,Waymo LLC,10-Day Update,,,JUL-2024,SADHW2S12R1, ,N/A,Jaguar,I-Pace, ,2024, ,e0846443b7c6da5,1283, ,None,5th Generation ADS, , ,5th Generation, , ,Version 9, , ,, ,Y,,, ,Y,Yes (specify below),"CA DMV, CA PUC						",Yes,ADS,Waymo LLC, , ,Y, , , , , ,,JUN-2024, ,JUN-2024,21:24, ,88cda6faf7e7791,[MAY CONTAIN PERSONALLY IDENTIFIABLE INFORMATION], ,[MAY CONTAIN PERSONALLY IDENTIFIABLE INFORMATION], ,[MAY CONTAIN PERSONALLY IDENTIFIABLE INFORMATION], ,San Francisco, ,CA ,[MAY CONTAIN PERSONALLY IDENTIFIABLE INFORMATION], ,Intersection,Dry,No Unusual Conditions,20, ,Dark - Lighted,Y, , , , , , , ,,Passenger Car,No Injuries Reported,Yes,Backing,No,No,Y, , , , , , , , , , ,Stopped,No,No,Yes,0, , ,Y, , , , , , , , , , , ,Y, ,Y,Y, , ,No,, ,Yes,, ,, ,, ,Yes, ,"The content of this report is unchanged from the initial report submitted on July 2, 2024 [REDACTED, MAY CONTAIN CONFIDENTIAL BUSINESS INFORMATION]. 
On June [XXX], 2024 at 9:24 PM PT a Waymo Autonomous Vehicle (Waymo AV) operating in [XXX], California was in a collision involving a passenger car on [XXX] at [XXX]. 
The Waymo AV was traveling southeast on [XXX] in the leftmost lane when it approached the intersection with [XXX]. As the Waymo AV approached the intersection and prepared to make an unprotected left turn onto northbound [XXX], it slowed to yield to a passenger car proceeding straight on northwest [XXX]. As soon as the passenger car had passed the Waymo AV, the Waymo AV began to make the unprotected left turn onto northbound [XXX], turning behind the passenger car. The Waymo AV then slowed to a stop to yield for pedestrians entering the crosswalk ahead. The passenger car then stopped and immediately began to reverse toward the Waymo AV and the rear of the passenger car made contact with the front driver side of the Waymo AV as it yielded for the pedestrians. At the time of the impact, the Waymo AVs Level 4 ADS was engaged in autonomous mode. The Waymo AV sustained damage. 
Waymo is reporting this crash under Request No. 1 of Standing General Order 2021-01 because a vulnerable road user influenced the driving task of a vehicle involved. Waymo may supplement or correct its reporting with additional information as it may become available.",
30270-8039,1,Waymo LLC,1-Day,,,JUL-2024,SADHW2S18M1, ,N/A,Jaguar,I-Pace, ,2021, ,66e5f5ca1d65aee,112590, ,In-Vehicle (Commercial / Test),5th Generation ADS, , ,5th Generation, , ,Version 9, , ,, ,Y,,, ,Y,Yes (specify below),"CA DMV, CA PUC",Yes,ADS,Waymo LLC, , ,Y, , , ,Y, ,,JUL-2024, ,JUL-2024,12:59, ,46313087c8e64f4,[MAY CONTAIN PERSONALLY IDENTIFIABLE INFORMATION], ,[MAY CONTAIN PERSONALLY IDENTIFIABLE INFORMATION], ,[MAY CONTAIN PERSONALLY IDENTIFIABLE INFORMATION], ,San Francisco, ,CA ,[MAY CONTAIN PERSONALLY IDENTIFIABLE INFORMATION], ,Parking Lot,Dry,No Unusual Conditions,5, ,Daylight,Y, , , , , , , ,,Non-Motorist: Cyclist,Unknown,No,NM Moving on Sidewalk,,, , , , , , , , , , , ,Stopped,No,No,No Passengers in Vehicle,0, , , , , , , , , ,Y, , , , ,Y, ,Y, , , ,Yes,SFPD, ,Yes,[MAY CONTAIN PERSONALLY IDENTIFIABLE INFORMATION], ,[MAY CONTAIN PERSONALLY IDENTIFIABLE INFORMATION], ,,Y,Yes, ,"On July [XXX], 2024, at 12:59 PM PT a Waymo Autonomous Vehicle (""Waymo AV"") operating in [XXX], California was involved in an alleged collision with a non-motorist (cyclist) at a parking garage exit on [XXX] between [XXX] and [XXX]. 
The Waymo AV was exiting a parking garage onto [XXX], between [XXX] and [XXX]. As the Waymo AV approached the garage exit, it stopped for a cyclist who was approaching from the left. The Waymo AV remained stationary as the cyclist passed in front of the vehicle, slowed, and appeared to begin to dismount. The cyclist then reached out a hand and made contact with the front passenger side of the stationary Waymo AV, backed the bicycle up slightly, dropped the bicycle, then fell to the ground. 
At the time of the possible impact, the Waymo AV's Level 4 ADS was engaged in autonomous mode, and a test driver was present. The cyclist received medical attention at the scene and was reportedly transported to a hospital by local emergency services. The Waymo AV did not sustain any damage. 
Even though this event may involve intentional contact by the bicyclist with a stationary Waymo AV and the occurrence of actual impact between the Waymo AV and the cycle is not clear, Waymo is reporting this event as a crash under Request No. 1 of Standing General Order 2021-01 because a media report included an allegation of a crash and because a vulnerable road user (cyclist) influenced the driving task of a vehicle involved and reportedly was transported to a hospital for medical treatment as a result of the event. Waymo may supplement or correct its reporting with additional information as it may become available.",
30270-8021,1,Waymo LLC,1-Day,,,JUL-2024,SADHW2S12R1, ,N/A,Jaguar,I-Pace, ,2024, ,e0846443b7c6da5,1283, ,None,5th Generation ADS, , ,5th Generation, , ,Version 9, , ,, ,Y,,, ,Y,Yes (specify below),"CA DMV, CA PUC						",Yes,ADS,Waymo LLC, , ,Y, , , , , ,,JUN-2024, ,JUN-2024,21:24, ,88cda6faf7e7791,[MAY CONTAIN PERSONALLY IDENTIFIABLE INFORMATION], ,[MAY CONTAIN PERSONALLY IDENTIFIABLE INFORMATION], ,[MAY CONTAIN PERSONALLY IDENTIFIABLE INFORMATION], ,San Francisco, ,CA ,[MAY CONTAIN PERSONALLY IDENTIFIABLE INFORMATION], ,Intersection,Dry,No Unusual Conditions,20, ,Dark - Lighted,Y, , , , , , , ,,Passenger Car,No Injuries Reported,Yes,Backing,No,No,Y, , , , , , , , , , ,Stopped,No,No,Yes,0, , ,Y, , , , , , , , , , , ,Y, ,Y,Y, , ,No,, ,Yes,, ,, ,, ,Yes, ,"On June [XXX], 2024 at 9:24 PM PT a Waymo Autonomous Vehicle (Waymo AV) operating in San Francisco, California was in a collision involving a passenger car on [XXX] at [XXX]. 
The Waymo AV was traveling southeast on [XXX] in the leftmost lane when it approached the intersection with [XXX]. As the Waymo AV approached the intersection and prepared to make an unprotected left turn onto northbound [XXX], it slowed to yield to a passenger car proceeding straight on northwest [XXX]. As soon as the passenger car had passed the Waymo AV, the Waymo AV began to make the unprotected left turn onto northbound [XXX], turning behind the passenger car. The Waymo AV then slowed to a stop to yield for pedestrians entering the crosswalk ahead. The passenger car then stopped and immediately began to reverse toward the Waymo AV and the rear of the passenger car made contact with the front driver side of the Waymo AV as it yielded for the pedestrians. At the time of the impact, the Waymo AVs Level 4 ADS was engaged in autonomous mode. The Waymo AV sustained damage.
Waymo is reporting this crash under Request No. 1 of Standing General Order 2021-01 because a vulnerable road user influenced the driving task of a vehicle involved. Waymo may supplement or correct its reporting with additional information as it may become available.",
30270-7998,1,Waymo LLC,5-Day,,,JUN-2024,SADHW2S18R1, ,N/A,Jaguar,I-Pace, ,2024, ,2fbc0f5aa555048,5004, ,None,5th Generation ADS, , ,5th Generation, , ,Version 9, , ,, ,Y,,, ,Y,Yes (specify below),"CA DMV, CA PUC",Yes,ADS,Waymo LLC, , ,Y, , , , , ,,JUN-2024, ,JUN-2024,00:33, ,88ebc78ffa54a7c,[MAY CONTAIN PERSONALLY IDENTIFIABLE INFORMATION], ,[MAY CONTAIN PERSONALLY IDENTIFIABLE INFORMATION], ,[MAY CONTAIN PERSONALLY IDENTIFIABLE INFORMATION], ,San Francisco, ,CA ,[MAY CONTAIN PERSONALLY IDENTIFIABLE INFORMATION], ,Street,Dry,No Unusual Conditions,25, ,Dark - Lighted,Y, , , , , , , ,,Passenger Car,No Injuries Reported,Yes,Proceeding Straight,No,No, , , , , , , ,Y, , , ,Stopped,No,Yes,"No, see Narrative",0, , ,Y, , , , , , , , , , , ,Y, ,Y,Y, , ,No,, ,Yes,, ,, ,, ,Yes, ,"On June [XXX], 2024 at 12:33 AM PT a Waymo Autonomous Vehicle (""Waymo AV"") operating in San Francisco, California was in a collision involving an SUV on [XXX] near [XXX]. 
The Waymo AV was stopped partially in a curbside parking space conducting a rider dropoff facing east on the south side of [XXX] when the passenger side of an SUV traveling east in the rightmost lane of [XXX] made contact with the driver side mirror of the Waymo AV.  One of the passengers in the Waymo AV unbuckled their seatbelt shortly before the moment of impact, likely because the AV was at its dropoff location and the passenger was preparing to exit. At the time of the impact, the Waymo AV's Level 4 ADS was engaged in autonomous mode. The Waymo AV sustained damage.
Waymo is reporting this crash under Request No. 1 of Standing General Order 2021-01 because a vehicle involved was towed away. Waymo may supplement or correct its reporting with additional information as it may become available.",
30531-7966,1,Transdev Alternative Services,Monthly,5,2024,JUN-2024,SADHW2S15R1, ,N/A,Jaguar,I-Pace, ,2024, ,c29b4c11225a765,277, ,In-Vehicle (Commercial / Test),5th Generation ADS, , ,5th Generation, , ,Version 9, , ,Waymo LLC, , ,,, ,Y,Yes (specify below),"CA DMV, CA PUC",Yes,ADS,Waymo LLC, , ,Y, , , , , ,,MAY-2024, ,MAY-2024,23:16, ,b223e677151596a,[MAY CONTAIN PERSONALLY IDENTIFIABLE INFORMATION], ,[MAY CONTAIN PERSONALLY IDENTIFIABLE INFORMATION], ,[MAY CONTAIN PERSONALLY IDENTIFIABLE INFORMATION], ,San Francisco, ,CA ,[MAY CONTAIN PERSONALLY IDENTIFIABLE INFORMATION], ,Highway / Freeway,Dry,No Unusual Conditions,65, ,Dark - Not Lighted,Y, , , , , , , ,,Animal,No Injuries Reported,Yes,"Other, see Narrative",,, , , , , , , , , , , ,Proceeding Straight,No,No,Yes,61, , , ,Y, , , , , , , , , , ,Y, ,Y,Y, , ,No,, ,Yes,, ,, ,, ,Yes, ,"On May [XXX], 2024 at 11:16 PM PT a Waymo Autonomous Vehicle (""Waymo AV"") operating in San Francisco, California was in a collision involving a wild animal (raccoon) on [XXX] between [XXX] and [XXX].
The Waymo AV was traveling eastbound on [XXX] in autonomous mode when a raccoon ran into the roadway from the left side of the highway in front of the Waymo AV.  The Waymo AV test driver transitioned to manual mode shortly before the front driver's side of the Waymo AV made contact with the raccoon.  At the time of the impact, the Waymo AV's Level 4 ADS was not engaged and a test driver was operating the Waymo AV in manual mode.  The Waymo AV sustained damage.
Transdev Alternative Services is reporting this crash under Request No. 2 of Standing General Order 2021-01.  Transdev may supplement or correct its reporting at a later time.  This is a duplicate of report ID 30270-7954-1.",
30531-7965,1,Transdev Alternative Services,Monthly,5,2024,JUN-2024,SADHW2S10R1, ,N/A,Jaguar,I-Pace, ,2024, ,d502a98b8f0cfcf,164, ,In-Vehicle (Commercial / Test),5th Generation ADS, , ,5th Generation, , ,Version 9, , ,Waymo LLC, , ,,, ,Y,Yes (specify below),"CA DMV, CA PUC",Yes,ADS,Waymo LLC, , ,Y, , , , , ,,MAY-2024, ,MAY-2024,11:45, ,fb946bdabf49687,[MAY CONTAIN PERSONALLY IDENTIFIABLE INFORMATION], ,[MAY CONTAIN PERSONALLY IDENTIFIABLE INFORMATION], ,[MAY CONTAIN PERSONALLY IDENTIFIABLE INFORMATION], ,San Francisco, ,CA ,[MAY CONTAIN PERSONALLY IDENTIFIABLE INFORMATION], ,Highway / Freeway,Dry,No Unusual Conditions,65, ,Daylight, , ,Y, , , , , ,,Passenger Car,No Injuries Reported,Yes,Proceeding Straight,No,No, , , , , , ,Y, ,Y, , ,Changing Lanes,No,No,Yes,10, , , ,Y, , , , , , , , , , ,Y, ,Y,Y, , ,Yes,California Highway Patrol, ,Yes,[MAY CONTAIN PERSONALLY IDENTIFIABLE INFORMATION], ,[MAY CONTAIN PERSONALLY IDENTIFIABLE INFORMATION], ,,Y,Yes, ,"On May [XXX], 2024 at 11:45 AM PT a Waymo Autonomous Vehicle (""Waymo AV"") operating in San Francisco, California was in a collision involving a passenger car on [XXX] between [XXX] and [XXX].
The Waymo AV was traveling north on [XXX] in the rightmost lane in autonomous mode with a test driver seated in the driver's seated position when it approached a slow-moving heavy truck equipped with a truck-mounted light matrix displaying a yellow arrow indicating that traffic should merge to the left.  The Waymo AV slowed down behind the heavy truck and the test driver transitioned the Waymo AV to manual mode.  The test driver stopped the Waymo AV and activated the left turn signal.  Several vehicles passed the Waymo AV on the left side before the test driver manually initiated a left lane change, and the front passenger side of a passenger car which was passing the Waymo AV on the left made contact with the front driver side of the Waymo AV.
This report is a duplicate of report ID 30270-7948-1.",