Report ID,Report Version,Reporting Entity,Report Type,Report Month,Report Year,Report Submission Date,VIN,VIN - Unknown,Serial Number,Make,Model,Model - Unknown,Model Year,Model Year - Unknown,Same Vehicle ID,Mileage,Mileage - Unknown,Driver / Operator Type,ADAS/ADS System Version,ADAS/ADS System Version - Unk,ADAS/ADS System Version CBI,ADAS/ADS Hardware Version,ADAS/ADS Hardware Version - Unk,ADAS/ADS Hardware Version CBI,ADAS/ADS Software Version,ADAS/ADS Software Version - Unk,ADAS/ADS Software Version CBI,Other Reporting Entities?,Other Reporting Entities? - Unk,Other Reporting Entities? - NA,Federal Regulatory Exemption?,Other Federal Reg. Exemption,Federal Reg. Exemption - Unk,Federal Reg. Exemption - No,State or Local Permit?,State or Local Permit,ADS Equipped?,Automation System Engaged?,Operating Entity,Operating Entity - Unknown,Source - Complaint/Claim,Source - Telematics,Source - Law Enforcement,Source - Field Report,Source - Testing,Source - Media,Source - Other,Source - Other Text,Incident Date,Incident Date - Unknown,Notice Received Date,Incident Time (24:00),Incident Time - Unknown,Same Incident ID,Latitude,Latitude - Unknown,Longitude,Longitude - Unknown,Address,Address - Unknown,City,City - Unknown,State,Zip Code,Zip Code - Unknown,Roadway Type,Roadway Surface,Roadway Description,Posted Speed Limit (MPH),Posted Speed Limit - Unknown,Lighting,Weather - Clear,Weather - Snow,Weather - Cloudy,Weather - Fog/Smoke,Weather - Rain,Weather - Severe Wind,Weather - Unknown,Weather - Other,Weather - Other Text,Crash With,Highest Injury Severity Alleged,Property Damage?,CP Pre-Crash Movement,CP Any Air Bags Deployed?,CP Was Vehicle Towed?,CP Contact Area - Rear Left,CP Contact Area - Left,CP Contact Area - Front Left,CP Contact Area - Rear,CP Contact Area - Top,CP Contact Area - Front,CP Contact Area - Rear Right,CP Contact Area - Right,CP Contact Area - Front Right,CP Contact Area - Bottom,CP Contact Area - Unknown,SV Pre-Crash Movement,SV Any Air Bags Deployed?,SV Was Vehicle Towed?,SV Were All Passengers Belted?,SV Precrash Speed (MPH),SV Pre-crash Speed - Unknown,SV Contact Area - Rear Left,SV Contact Area - Left,SV Contact Area - Front Left,SV Contact Area - Rear,SV Contact Area - Top,SV Contact Area - Front,SV Contact Area - Rear Right,SV Contact Area - Right,SV Contact Area - Front Right,SV Contact Area - Bottom,SV Contact Area - Unknown,Data Availability - EDR,Data Availability - Police Rpt,Data Availability - Telematics,Data Availability - Complaints,Data Availability - Video,Data Availability - Other,Data Availability - No Data,Data Availability - Unknown,Law Enforcement Investigating?,Investigating Agency,Investigating Agency - Unknown,Rep Ent Or Mfr Investigating?,Investigating Officer Name,Inv. Officer Name - Unknown,Investigating Officer Phone,Inv. Officer Phone - Unknown,Investigating Officer Email,Inv. Officer Email - Unknown,Within ODD?,Within ODD? - CBI,Narrative,Narrative - CBI?
30792-7917,1,WeRide Corp,Monthly,6,2024,JUN-2024,1N4CZ1CV1PC, ,[MAY CONTAIN PERSONALLY IDENTIFIABLE INFORMATION],Nissan,Leaf, ,2023, ,ceb63bb34dc2166,20829, ,In-Vehicle and Remote (Commercial / Test),5bfe06dadf3ec15d25701c40713fdd98c36b3e20, , ,1.7, , ,5.1, , ,, ,Y,,, ,Y,Yes (specify below),CA DMV AVT Permit,Yes,ADS,WeRide, , , , ,Y,Y, , ,,JUN-2024, ,JUN-2024,10:33, ,b675fcd1cb0dea3,[MAY CONTAIN PERSONALLY IDENTIFIABLE INFORMATION], ,[MAY CONTAIN PERSONALLY IDENTIFIABLE INFORMATION], ,[MAY CONTAIN PERSONALLY IDENTIFIABLE INFORMATION], ,San Jose, ,CA ,[MAY CONTAIN PERSONALLY IDENTIFIABLE INFORMATION], ,Street,Dry,No Unusual Conditions,25, ,Daylight,Y, , , , , , , ,,Passenger Car,No Injuries Reported,No,Proceeding Straight,No,No, , , , , ,Y, , , , , ,Stopped,No,No,Yes,0, , , , ,Y, , , , , , , , , ,Y, ,Y, , , ,No,, ,Yes,, ,, ,, ,Yes, ,"At approximately 10:33am, a WeRide vehicle (car 1) was stopped at a red traffic light on [XXX] about to turn right on [XXX]. At this time a Toyota RAV4 (car 2) approached from behind traveling at a speed of (10mph) and slammed into car 1's rear - causing damages to car 1. Car 1 sustained damages on rear bumper and rear sensors. Both parties pulled over to a safe location to exchange information. Car 2's driver didn't have an up-to-date registration card for the vehicle.",
30711-7848,1,Pony.ai,Monthly,6,2024,JUN-2024,3LN6L5MU9KR, ,N/A,Lincoln,MKZ, ,2019, ,a91a58bb751afbb,63792, ,In-Vehicle (Commercial / Test),"[REDACTED, MAY CONTAIN CONFIDENTIAL BUSINESS INFORMATION]", ,Y,Pony-Cherry-Orin V1, , ,"[REDACTED, MAY CONTAIN CONFIDENTIAL BUSINESS INFORMATION]", ,Y,, ,Y,,, ,Y,Yes (specify below),CA DMV Permit for Vehicle,Yes,ADAS,"Pony.ai, Inc.", , ,Y, ,Y,Y, , ,,MAY-2024, ,MAY-2024,15:25, ,b113cc9f72a966e,[MAY CONTAIN PERSONALLY IDENTIFIABLE INFORMATION], ,[MAY CONTAIN PERSONALLY IDENTIFIABLE INFORMATION], ,[MAY CONTAIN PERSONALLY IDENTIFIABLE INFORMATION], ,Fremont, ,CA ,[MAY CONTAIN PERSONALLY IDENTIFIABLE INFORMATION], ,Street,Dry,No Unusual Conditions,35, ,Daylight,Y, , , , , , , ,,Other Fixed Object,No Injuries Reported,Yes,,,, , , , , , , , , , , ,Proceeding Straight,No,No,Yes,30, , , , , , , , , ,Y, , ,Y, ,Y, ,Y, , , ,No,, ,Yes,, ,, ,, ,Yes, ,"On May [XXX], 2024, the front right bumper of a Pony.ai vehicle with an advanced driver assistance system activated scraped against a flexible plastic traffic pylon on [XXX] near the intersection of [XXX] & [XXX], in Fremont, CA. There were no other vehicles, pedestrians, or road users involved.
Following the incident, the safety operator pulled over in a safe location and confirmed there was only minor cosmetic damage to the front bumper of the vehicle. The safety operator then promptly drove the vehicle, with the advanced driver assistance system deactivated, to Pony.ai's Fremont office. There were no injuries or other property damage, and the police were not called.",
30270-7882,1,Waymo LLC,5-Day,,,JUN-2024,SADHW2S12M1, ,N/A,Jaguar,I-Pace, ,2021, ,1599ac052bcdb57,88635, ,None,5th Generation ADS, , ,5th Generation, , ,Version 9, , ,, ,Y,,, ,Y,Yes (specify below),"CA DMV, CA PUC",Yes,ADS,Waymo LLC, , ,Y, , , , , ,,JUN-2024, ,JUN-2024,12:41, ,1c677f3bfb5eb28,[MAY CONTAIN PERSONALLY IDENTIFIABLE INFORMATION], ,[MAY CONTAIN PERSONALLY IDENTIFIABLE INFORMATION], ,[MAY CONTAIN PERSONALLY IDENTIFIABLE INFORMATION], ,San Francisco, ,CA ,[MAY CONTAIN PERSONALLY IDENTIFIABLE INFORMATION], ,Intersection,Dry,No Unusual Conditions,25, ,Daylight, , ,Y, , , , , ,,Heavy Truck,No Injuries Reported,Yes,Making Left Turn,No,No, ,Y, , , , , , , , , ,Stopped,No,Yes,Yes,0, , , ,Y, , , , , , , , , , ,Y, ,Y,Y, , ,Yes,San Francisco Police Department, ,Yes,[MAY CONTAIN PERSONALLY IDENTIFIABLE INFORMATION], ,,Y,,Y,Yes, ,"On June [XXX], 2024 at 12:41 PM PT a Waymo Autonomous Vehicle (""Waymo AV"") operating in San Francisco, California was in a collision involving a heavy truck on [XXX] near [XXX]. 
The Waymo AV was traveling north on [XXX] and came to a stop in its lane at the intersection with [XXX] as a heavy truck was making a left turn from westbound [XXX] onto southbound [XXX] in front of the Waymo AV. As the truck turned left, it partially crossed the centerline of [XXX] and the left side of the  truck body made contact with the driver side front corner of the Waymo AV.  At the time of the impact, the Waymo AV's Level 4 ADS was engaged in autonomous mode.  The Waymo AV sustained damage.
Waymo is reporting this crash under Request No. 1 of Standing General Order 2021-01 because a vehicle involved was towed away. Waymo may supplement or correct its reporting with additional information as it may become available.",
30270-7855,1,Waymo LLC,1-Day,,,JUN-2024,SADHW2S14R1, ,N/A,Jaguar,I-Pace, ,2024, ,d6215a1693f2a48,748, ,None,5th Generation ADS, , ,5th Generation, , ,Version 9, , ,, ,Y,,, ,Y,Yes (specify below),"CA DMV, CA PUC",Yes,ADS,Waymo LLC, , ,Y, , , , , ,,JUN-2024, ,JUN-2024,01:21, ,937b4d4b37c47c1,[MAY CONTAIN PERSONALLY IDENTIFIABLE INFORMATION], ,[MAY CONTAIN PERSONALLY IDENTIFIABLE INFORMATION], ,[MAY CONTAIN PERSONALLY IDENTIFIABLE INFORMATION], ,San Francisco, ,CA ,[MAY CONTAIN PERSONALLY IDENTIFIABLE INFORMATION], ,Street,Dry,No Unusual Conditions,20, ,Dark - Lighted, , ,Y, , , , , ,,Passenger Car,No Injuries Reported,Yes,Passing,No,No, , , , , , , ,Y, , , ,Stopped,No,No,Yes,0, ,Y, , , , , , , , , , , , ,Y, ,Y,Y, , ,No,, ,Yes,, ,, ,, ,Yes, ,"On June [XXX], 2024 at 1:21 AM PT a Waymo Autonomous Vehicle (""Waymo AV"") operating in San Francisco, California was in a collision involving a passenger car on [XXX] near [XXX]. 
The Waymo AV was traveling east on [XXX] and pulled partially into a curbside parking space to conduct a rider pickup. The riders boarded, and the Waymo AV remained stopped to yield to several pedestrians walking in front of the Waymo AV. While the Waymo AV was still stopped partially in the curbside parking space and partially in the eastbound travel lane, a passenger car traveling east on [XXX] passed to the left of the Waymo AV and the passenger side mirror made contact with the driver side rear corner of the Waymo AV. At the time of the impact, the Waymo AV's Level 4 ADS was engaged in autonomous mode. The Waymo AV sustained damage.
Waymo is reporting this crash under Request No. 1 of Standing General Order 2021-01 because a vulnerable road user influenced the driving task of a vehicle involved. Waymo may supplement or correct its reporting with additional information as it may become available.",
30270-7839,1,Waymo LLC,5-Day,,,JUN-2024,SADHW2S1XM1, ,N/A,Jaguar,I-Pace, ,2021, ,d954beb5defd2fa,83878, ,None,5th Generation ADS, , ,5th Generation, , ,Version 9, , ,, ,Y,,, ,Y,Yes (specify below),"CA DMV, CA PUC",Yes,ADS,Waymo LLC, , ,Y, , , , , ,,JUN-2024, ,JUN-2024,18:26, ,856b17069da7478,[MAY CONTAIN PERSONALLY IDENTIFIABLE INFORMATION], ,[MAY CONTAIN PERSONALLY IDENTIFIABLE INFORMATION], ,[MAY CONTAIN PERSONALLY IDENTIFIABLE INFORMATION], ,San Francisco, ,CA ,[MAY CONTAIN PERSONALLY IDENTIFIABLE INFORMATION], ,Intersection,Dry,No Unusual Conditions,25, ,Daylight,Y, , , , , , , ,,SUV,No Injuries Reported,Yes,Proceeding Straight,No,Yes, , ,Y, , ,Y, , ,Y, , ,Stopped,No,Yes,No Passengers in Vehicle,0, ,Y, , ,Y, , ,Y, , , , , , ,Y, ,Y,Y, , ,No,, ,Yes,, ,, ,, ,Yes, ,"On June [XXX], 2024 at 6:26 PM PT  a Waymo Autonomous Vehicle (Waymo AV) operating in San Francisco, California was in a collision involving an SUV on [XXX] at [XXX]. 
The Waymo AV was stopped in traffic for a red light on eastbound [XXX] when an SUV traveling at a high rate of speed changed lanes and approached the Waymo AV from behind. The front of the SUV made contact with the rear of the Waymo AV. At the time of the impact, the Waymo AVs Level 4 ADS was engaged in autonomous mode. Both vehicles sustained damage.
Waymo is reporting this crash under Request No. 1 of Standing General Order 2021-01 because a vehicle involved was towed away. Waymo may supplement or correct its reporting with additional information as it may become available.",
30610-7819,1,"Zoox, Inc.",5-Day,,,JUN-2024,7Z00XVHX5PK, ,N/A,Zoox,sedan, ,2023, ,54348dab214fc94,8136, ,None,B215.23.30, , ,B215.23.30, , ,B215.23.30, , ,, ,Y,,, ,Y,Yes (specify below),CA DMV AVT Permit,Yes,ADS,Zoox, , , , ,Y,Y, , ,,MAY-2024, ,MAY-2024,16:02, ,3979ce2cb9bbf11,[MAY CONTAIN PERSONALLY IDENTIFIABLE INFORMATION], ,[MAY CONTAIN PERSONALLY IDENTIFIABLE INFORMATION], ,[MAY CONTAIN PERSONALLY IDENTIFIABLE INFORMATION], ,Foster City, ,CA ,[MAY CONTAIN PERSONALLY IDENTIFIABLE INFORMATION], ,Street,Dry,No Unusual Conditions,25, ,Daylight,Y, , , , , , , ,,Passenger Car,No Injuries Reported,Yes,Entering Traffic,No,Unknown, ,Y,Y, , , , , , , , ,Proceeding Straight,No,Yes,Yes,13, , , , , , , , , ,Y, , , , ,Y, ,Y, , , ,No,, ,No,, ,, ,, ,Yes, ,"A Zoox vehicle (Vehicle 1) in autonomy was traveling westbound on [XXX] in Foster City when a parallel-parked passenger car (Vehicle 2) abruptly entered the Zoox vehicle's travel lane from a parking space in the right parking lane without yielding or activating a turn signal. Vehicle 2 made contact with the right front side and wheel of the Zoox vehicle, and the Zoox vehicle made contact with the driver side door and left front tire/wheel well of the passenger car. Both vehicles sustained moderate damage and the Zoox vehicle was towed from the scene. There were no injuries and police were not called.",
30270-7795,2,Waymo LLC,10-Day Update,,,JUN-2024,SADHW2S15R1, ,N/A,Jaguar,I-Pace, ,2024, ,da9870749cbf827,10820, ,None,5th Generation ADS, , ,5th Generation, , ,Version 9, , ,, ,Y,,, ,Y,Yes (specify below),"CA DMV, CA PUC",Yes,ADS,Waymo LLC, , ,Y, , , , , ,,MAY-2024, ,MAY-2024,14:13, ,84a566f93ceec88,[MAY CONTAIN PERSONALLY IDENTIFIABLE INFORMATION], ,[MAY CONTAIN PERSONALLY IDENTIFIABLE INFORMATION], ,[MAY CONTAIN PERSONALLY IDENTIFIABLE INFORMATION], ,San Francisco, ,CA ,[MAY CONTAIN PERSONALLY IDENTIFIABLE INFORMATION], ,Parking Lot,Dry,No Unusual Conditions,10, ,Daylight,Y, , , , , , , ,,"Other, see Narrative",No Injuries Reported,Yes,Backing,No,No, , , , , , ,Y, , , , ,Proceeding Straight,No,No,No Passengers in Vehicle,2, , , , , , , , , ,Y, , , , ,Y, ,Y,Y, , ,No,, ,Yes,, ,, ,, ,Yes, ,"The content of this report is unchanged from the initial report submitted on May 24, 2024 [REDACTED, MAY CONTAIN CONFIDENTIAL BUSINESS INFORMATION]. 
On May [XXX], 2024 at 2:13 PM PT a Waymo Autonomous Vehicle (Waymo AV) operating in San Francisco, California was in a collision involving a utility vehicle in a parking lot at City College of San Francisco located just west of [XXX].  
The Waymo AV was navigating through a parking lot when it began to slow to yield for pedestrians ahead. A utility vehicle then backed out of a parking spot to the right of the Waymo AV and made contact with the passenger side of the Waymo AV. At the time of the impact, the Waymo AVs Level 4 ADS was engaged in autonomous mode. The Waymo AV sustained damage. 
Waymo is reporting this crash under Request No. 1 of Standing General Order 2021-01 because a vulnerable road user influenced the driving task of a vehicle involved. Waymo may supplement or correct its reporting with additional information as it may become available.",
30270-7813,1,Waymo LLC,5-Day,,,MAY-2024,SADHW2S17M1, ,N/A,Jaguar,I-Pace, ,2021, ,6928114ae21e747,85104, ,None,5th Generation ADS, , ,5th Generation, , ,Version 9, , ,, ,Y,,, ,Y,Yes (specify below),"CA DMV, CA PUC",Yes,ADS,Waymo LLC, , ,Y, , , , , ,,MAY-2024, ,MAY-2024,22:37, ,bfdc6bed2775421,[MAY CONTAIN PERSONALLY IDENTIFIABLE INFORMATION], ,[MAY CONTAIN PERSONALLY IDENTIFIABLE INFORMATION], ,[MAY CONTAIN PERSONALLY IDENTIFIABLE INFORMATION], ,San Francisco, ,CA ,[MAY CONTAIN PERSONALLY IDENTIFIABLE INFORMATION], ,Street,Dry,No Unusual Conditions,25, ,Dark - Lighted,Y, , , , , , , ,,Pickup Truck,Minor,Yes,Proceeding Straight,No,No, , ,Y, , ,Y, , ,Y, , ,Proceeding Straight,No,Yes,Yes,3, ,Y, , ,Y, , ,Y, , , , , , ,Y, ,Y,Y, , ,Yes,San Francisco Police Department, ,Yes,[MAY CONTAIN PERSONALLY IDENTIFIABLE INFORMATION], ,[MAY CONTAIN PERSONALLY IDENTIFIABLE INFORMATION], ,,Y,Yes, ,"On May [XXX], 2024 at 10:37 PM PT a Waymo Autonomous Vehicle (""Waymo AV"") operating in San Francisco, California was in a collision involving a pickup truck on [XXX] near [XXX]. 
The Waymo AV was traveling southwest on [XXX] in the far left lane and stopped in a queue of traffic at a red light at the intersection with [XXX].  After the light turned green, the Waymo AV began to slowly move ahead while continuing to yield to the traffic ahead when the front of the pickup truck following behind the Waymo AV made contact with the rear of the Waymo AV.  At the time of the impact, the Waymo AV's Level 4 ADS was engaged in autonomous mode. Both vehicles sustained damage.
Waymo is reporting this crash under Request No. 1 of Standing General Order 2021-01 because a vehicle involved was towed away. Waymo may supplement or correct its reporting with additional information as it may become available.",
30270-7795,1,Waymo LLC,1-Day,,,MAY-2024,SADHW2S15R1, ,N/A,Jaguar,I-Pace, ,2024, ,da9870749cbf827,10820, ,None,5th Generation ADS, , ,5th Generation, , ,Version 9, , ,, ,Y,,, ,Y,Yes (specify below),"CA DMV, CA PUC",Yes,ADS,Waymo LLC, , ,Y, , , , , ,,MAY-2024, ,MAY-2024,14:13, ,84a566f93ceec88,[MAY CONTAIN PERSONALLY IDENTIFIABLE INFORMATION], ,[MAY CONTAIN PERSONALLY IDENTIFIABLE INFORMATION], ,[MAY CONTAIN PERSONALLY IDENTIFIABLE INFORMATION], ,San Francisco, ,CA ,[MAY CONTAIN PERSONALLY IDENTIFIABLE INFORMATION], ,Parking Lot,Dry,No Unusual Conditions,10, ,Daylight,Y, , , , , , , ,,"Other, see Narrative",No Injuries Reported,Yes,Backing,No,No, , , , , , ,Y, , , , ,Proceeding Straight,No,No,No Passengers in Vehicle,2, , , , , , , , , ,Y, , , , ,Y, ,Y,Y, , ,No,, ,Yes,, ,, ,, ,Yes, ,"On May [XXX], 2024 at 2:13 PM PT a Waymo Autonomous Vehicle (Waymo AV) operating in San Francisco, California was in a collision involving a utility vehicle in a parking lot at City College of San Francisco located just west of [XXX].  
The Waymo AV was navigating through a parking lot when it began to slow to yield for pedestrians ahead. A utility vehicle then backed out of a parking spot to the right of the Waymo AV and made contact with the passenger side of the Waymo AV. At the time of the impact, the Waymo AVs Level 4 ADS was engaged in autonomous mode. The Waymo AV sustained damage. 
Waymo is reporting this crash under Request No. 1 of Standing General Order 2021-01 because a vulnerable road user influenced the driving task of a vehicle involved. Waymo may supplement or correct its reporting with additional information as it may become available.",
30270-7793,1,Waymo LLC,5-Day,,,MAY-2024,SADHW2S14M1, ,N/A,Jaguar,I-Pace, ,2021, ,dde7e36bb156c72,75016, ,None,5th Generation ADS, , ,5th Generation, , ,Version 9, , ,, ,Y,,, ,Y,Yes (specify below),"CA DMV, CA PUC",Yes,ADS,Waymo LLC, , ,Y, , , , , ,,MAY-2024, ,MAY-2024,03:02, ,bfa704d30ec76ce,[MAY CONTAIN PERSONALLY IDENTIFIABLE INFORMATION], ,[MAY CONTAIN PERSONALLY IDENTIFIABLE INFORMATION], ,[MAY CONTAIN PERSONALLY IDENTIFIABLE INFORMATION], ,San Francisco, ,CA ,[MAY CONTAIN PERSONALLY IDENTIFIABLE INFORMATION], ,Intersection,Dry,No Unusual Conditions,25, ,Dark - Lighted,Y, , , , , , , ,,Passenger Car,No Injuries Reported,Yes,Proceeding Straight,Yes,Yes, , ,Y, , ,Y, , ,Y, , ,Stopped,No,Yes,No Passengers in Vehicle,0, , ,Y, , , , , , , , , , , ,Y, ,Y,Y, , ,Yes,San Francisco Police Department, ,Yes,[MAY CONTAIN PERSONALLY IDENTIFIABLE INFORMATION], ,,Y,,Y,Yes, ,"On May [XXX], 2024 at 3:02 AM PT a Waymo Autonomous Vehicle (Waymo AV) operating in San Francisco, California was in a collision involving a passenger car on [XXX] at [XXX]. 
The Waymo AV was traveling east on [XXX] and came to a stop at a red light at the intersection with [XXX] to prepare for a left turn. When the light turned green, the Waymo AV proceeded into the intersection. As it did so, a passenger car traveling southbound on [XXX] at a high rate of speed entered the intersection against a red traffic light. The front of the passenger car made contact with the drivers side of the Waymo AV. At the time of the impact, the Waymo AVs Level 4 ADS was engaged in autonomous mode. Both vehicles sustained damage, and the passengers of the passenger car left the scene on foot.         
Waymo is reporting this crash under Request No. 1 of Standing General Order 2021-01 because a vehicle involved was towed away and because of airbag deployment. Waymo may supplement or correct its reporting with additional information as it may become available.",
30270-7681,2,Waymo LLC,10-Day Update,,,MAY-2024,SADHW2S13M1, ,N/A,Jaguar,I-Pace, ,2021, ,960102d7f165699,122747, ,In-Vehicle (Commercial / Test),5th Generation ADS, , ,5th Generation, , ,Version 9, , ,Transdev Alternative Services, , ,,, ,Y,Yes (specify below),"CA DMV, CA PUC",Yes,ADS,Waymo LLC, , ,Y, , , , , ,,MAY-2024, ,MAY-2024,00:58, ,7b74a49eb5027b6,[MAY CONTAIN PERSONALLY IDENTIFIABLE INFORMATION], ,[MAY CONTAIN PERSONALLY IDENTIFIABLE INFORMATION], ,[MAY CONTAIN PERSONALLY IDENTIFIABLE INFORMATION], ,Los Angeles, ,CA ,[MAY CONTAIN PERSONALLY IDENTIFIABLE INFORMATION], ,Highway / Freeway,Dry,No Unusual Conditions,65, ,Dark - Not Lighted, , ,Y, , , , , ,,Passenger Car,Serious,Yes,Proceeding Straight,Yes,Yes, , , , , , , , ,Y, , ,Proceeding Straight,No,Yes,Yes,34, ,Y, , , , , , , , , , , , ,Y, ,Y,Y, , ,Yes,California Highway Patrol, ,Yes,[MAY CONTAIN PERSONALLY IDENTIFIABLE INFORMATION], ,,Y,[MAY CONTAIN PERSONALLY IDENTIFIABLE INFORMATION], ,Yes, ,"Other than an update to Highest Injury Severity Alleged from Unknown to Serious in reflection of notice of an allegation of injury received by Waymo, the content of this report is unchanged from the initial report submitted on May 14, 2024 [REDACTED, MAY CONTAIN CONFIDENTIAL BUSINESS INFORMATION]. 
On May [XXX], 2024 at 12:58 AM PT a Waymo Autonomous Vehicle (""Waymo AV"") operating in Los Angeles, CA was in a collision involving a passenger car on eastbound [XXX] between [XXX] and [XXX]. 
The Waymo AV was traveling with a test driver present behind a box truck in the number 3 lane of eastbound [XXX] near the [XXX] when a passenger car traveling at a high rate of speed approached the Waymo AV from behind. The passenger car partially entered the number 2 lane as the front right corner of the passenger car made contact with the rear left corner of the Waymo AV. The passenger car then made contact with the center median and came to a stop. The Waymo AV was transitioned into manual mode, and the test driver stopped the Waymo AV to the right-hand shoulder. At the time of the impact, the Waymo AV's Level 4 ADS was engaged in autonomous mode, and a test driver was present (in the driver's seating position). Both vehicles sustained damage.
Waymo is reporting this crash under Request No. 1 of Standing General Order 2021-01 because an individual involved was transported from the scene to a hospital for medical treatment, a vehicle involved was towed away, and an airbag deployed. Waymo may supplement or correct its reporting with additional information as it may become available.",
30291-7765,1,Nuro,1-Day,,,MAY-2024,JTDKAMFU8N3, ,N/A,Toyota,Prius, ,2022, ,19dfbab6b1b9153,13160, ,In-Vehicle (Commercial / Test),"[REDACTED, MAY CONTAIN CONFIDENTIAL BUSINESS INFORMATION]", ,Y,"[REDACTED, MAY CONTAIN CONFIDENTIAL BUSINESS INFORMATION]", ,Y,"[REDACTED, MAY CONTAIN CONFIDENTIAL BUSINESS INFORMATION]", ,Y,, ,Y,,, ,Y,Yes (specify below),California Driver Test Permit,Yes,ADS,"Nuro, Inc.", , , , ,Y,Y, , ,,MAY-2024, ,MAY-2024,15:45, ,48d8ef946e000b8,[MAY CONTAIN PERSONALLY IDENTIFIABLE INFORMATION], ,[MAY CONTAIN PERSONALLY IDENTIFIABLE INFORMATION], ,[MAY CONTAIN PERSONALLY IDENTIFIABLE INFORMATION], ,Palo Alto, ,CA ,[MAY CONTAIN PERSONALLY IDENTIFIABLE INFORMATION], ,Intersection,Dry,No Unusual Conditions,25, ,Daylight,Y, , , , , , , ,,Non-Motorist: Pedestrian,No Injuries Reported,No,NM Crossing Roadway,,, , , , , , , , , , , ,Backing,No,No,Yes,2, , , , , , , , , , , ,Y, , ,Y, ,Y, , , ,No,, ,No,, ,, ,, ,Yes, ,"On Wednesday, May [XXX], 2024 at approximately 3:45pm PST, a Nuro Prius operating in manual mode bumped a pedestrian at the intersection of [XXX] and [XXX] in Palo Alto, California.
The Nuro Prius was in autonomous mode when it approached the intersection and came to a stop at the stop bar on [XXX]. It is a two-way stop with the traffic on [XXX] having right of way. The Nuro Prius nudged forward due to an occlusion.
The Nuro operator judged the nudging to be too far and disengaged autonomous mode to reverse in manual. When reversing, the operator bumped a pedestrian crossing the street behind the Nuro Prius. The pedestrian was not injured and after speaking with the operator, left the scene. There was no damage to the vehicle and law enforcement was not involved.",
30270-7380,2,Waymo LLC,Update,,,MAY-2024,SADHW2S17R1, ,N/A,Jaguar,I-Pace, ,2024, ,8728edfe6c7deed,3344, ,None,5th Generation ADS, , ,5th Generation, , ,Version 8, , ,, ,Y,,, ,Y,Yes (specify below),"CA DMV, CA PUC",Yes,ADS,Waymo LLC, , ,Y, , , , , ,,MAR-2024, ,MAR-2024,07:18, ,3ef8a06dc504e92,[MAY CONTAIN PERSONALLY IDENTIFIABLE INFORMATION], ,[MAY CONTAIN PERSONALLY IDENTIFIABLE INFORMATION], ,[MAY CONTAIN PERSONALLY IDENTIFIABLE INFORMATION], ,San Francisco, ,CA ,[MAY CONTAIN PERSONALLY IDENTIFIABLE INFORMATION], ,Street,Dry,No Unusual Conditions,25, ,Daylight, , ,Y, , , , , ,,Passenger Car,Minor,Yes,Proceeding Straight,No,Yes, , ,Y, , ,Y, , ,Y, , ,Proceeding Straight,No,Yes,No Passengers in Vehicle,22, ,Y, , ,Y, , ,Y, , , , , , ,Y, ,Y,Y, , ,Yes,San Francisco Police Department, ,Yes,[MAY CONTAIN PERSONALLY IDENTIFIABLE INFORMATION], ,,Y,,Y,Yes, ,"This is an update to previously submitted report 30270-7380-1, which incorrectly indicated under ""Incident Time"" that the collision occurred at 7:38 AM. The collision occurred at 7:18 AM, as was indicated in the narrative. This update also reflects the correct time under ""Incident Time."" The narrative below remains unchanged.
On March [XXX], 2024 at 7:18 AM PT a Waymo Autonomous Vehicle (""Waymo AV"") operating in San Francisco, California was in a collision involving a passenger car on [XXX] at [XXX]. 
The Waymo AV was traveling west on [XXX] after having stopped at the stop sign at [XXX] and was approaching the intersection with [XXX] when a passenger car approached from behind the Waymo AV, ran the stop sign at [XXX], and made contact with the rear of the Waymo AV. The front of the passenger car made continuous contact with the rear of the Waymo AV while both vehicles were still in motion for a short period of time before the passenger car slowed down and separated from the AV. The Waymo AV proceeded through the intersection with [XXX] and came to a stop on [XXX] west of the intersection with [XXX]. The passenger car then accelerated and the front right corner of the passenger car made contact with the rear left corner of the stationary Waymo AV. At the time of the impact, the Waymo AV's Level 4 ADS was engaged in autonomous mode. Both vehicles sustained damage.
Waymo is reporting this crash under Request No. 1 of Standing General Order 2021-01 because a vehicle involved was towed away. Waymo may supplement or correct its reporting with additional information as it may become available.",