Report ID,Report Version,Reporting Entity,Report Type,Report Month,Report Year,Report Submission Date,VIN,VIN - Unknown,Serial Number,Make,Model,Model - Unknown,Model Year,Model Year - Unknown,Same Vehicle ID,Mileage,Mileage - Unknown,Driver / Operator Type,ADAS/ADS System Version,ADAS/ADS System Version - Unk,ADAS/ADS System Version CBI,ADAS/ADS Hardware Version,ADAS/ADS Hardware Version - Unk,ADAS/ADS Hardware Version CBI,ADAS/ADS Software Version,ADAS/ADS Software Version - Unk,ADAS/ADS Software Version CBI,Other Reporting Entities?,Other Reporting Entities? - Unk,Other Reporting Entities? - NA,Federal Regulatory Exemption?,Other Federal Reg. Exemption,Federal Reg. Exemption - Unk,Federal Reg. Exemption - No,State or Local Permit?,State or Local Permit,ADS Equipped?,Automation System Engaged?,Operating Entity,Operating Entity - Unknown,Source - Complaint/Claim,Source - Telematics,Source - Law Enforcement,Source - Field Report,Source - Testing,Source - Media,Source - Other,Source - Other Text,Incident Date,Incident Date - Unknown,Notice Received Date,Incident Time (24:00),Incident Time - Unknown,Same Incident ID,Latitude,Latitude - Unknown,Longitude,Longitude - Unknown,Address,Address - Unknown,City,City - Unknown,State,Zip Code,Zip Code - Unknown,Roadway Type,Roadway Surface,Roadway Description,Posted Speed Limit (MPH),Posted Speed Limit - Unknown,Lighting,Weather - Clear,Weather - Snow,Weather - Cloudy,Weather - Fog/Smoke,Weather - Rain,Weather - Severe Wind,Weather - Unknown,Weather - Other,Weather - Other Text,Crash With,Highest Injury Severity Alleged,Property Damage?,CP Pre-Crash Movement,CP Any Air Bags Deployed?,CP Was Vehicle Towed?,CP Contact Area - Rear Left,CP Contact Area - Left,CP Contact Area - Front Left,CP Contact Area - Rear,CP Contact Area - Top,CP Contact Area - Front,CP Contact Area - Rear Right,CP Contact Area - Right,CP Contact Area - Front Right,CP Contact Area - Bottom,CP Contact Area - Unknown,SV Pre-Crash Movement,SV Any Air Bags Deployed?,SV Was Vehicle Towed?,SV Were All Passengers Belted?,SV Precrash Speed (MPH),SV Pre-crash Speed - Unknown,SV Contact Area - Rear Left,SV Contact Area - Left,SV Contact Area - Front Left,SV Contact Area - Rear,SV Contact Area - Top,SV Contact Area - Front,SV Contact Area - Rear Right,SV Contact Area - Right,SV Contact Area - Front Right,SV Contact Area - Bottom,SV Contact Area - Unknown,Data Availability - EDR,Data Availability - Police Rpt,Data Availability - Telematics,Data Availability - Complaints,Data Availability - Video,Data Availability - Other,Data Availability - No Data,Data Availability - Unknown,Law Enforcement Investigating?,Investigating Agency,Investigating Agency - Unknown,Rep Ent Or Mfr Investigating?,Investigating Officer Name,Inv. Officer Name - Unknown,Investigating Officer Phone,Inv. Officer Phone - Unknown,Investigating Officer Email,Inv. Officer Email - Unknown,Within ODD?,Within ODD? - CBI,Narrative,Narrative - CBI?
30610-7292,1,"Zoox, Inc.",Monthly,2,2024,MAR-2024,5TDDGRFH8KS, ,N/A,Toyota,Highlander, ,2019, ,980061bcc82fcbc,35228, ,In-Vehicle (Commercial / Test),209.24.02.22, , ,209.24.02.22, , ,209.24.02.22, , ,, ,Y,,, ,Y,Yes (specify below),CA DMV AVT Permit,Yes,ADS,Zoox, , , , ,Y,Y, , ,,FEB-2024, ,FEB-2024,13:52, ,89ceac0c6db3833,[MAY CONTAIN PERSONALLY IDENTIFIABLE INFORMATION], ,[MAY CONTAIN PERSONALLY IDENTIFIABLE INFORMATION], ,[MAY CONTAIN PERSONALLY IDENTIFIABLE INFORMATION], ,San Francisco, ,CA ,[MAY CONTAIN PERSONALLY IDENTIFIABLE INFORMATION], ,Intersection,Dry,No Unusual Conditions,25, ,Daylight,Y, , , , , , , ,,Passenger Car,No Injuries Reported,Yes,Making Right Turn,No,No, , ,Y, , ,Y, , ,Y, , ,Making Right Turn,No,No,Yes,0, ,Y, , ,Y, , ,Y, , , , , , ,Y, ,Y, , , ,No,, ,Yes,, ,, ,, ,Yes, ,"A Zoox vehicle (Vehicle 1) in autonomy was traveling southwest on [XXX] and turning right onto [XXX] on a green traffic signal. While executing the turn, the Zoox vehicle braked to achieve a minimal risk condition due to an unexpected system fault, the safety operator disengaged, and then was rear ended by a passenger car (Vehicle 2) that was also turning directly behind the Zoox vehicle. The rear bumper cover and rear radar unit on the Zoox vehicle sustained damage. The hood, front grille and front bumper cover on the passenger car appeared to have sustained damage. There were no reported injuries and police were not called.",
30270-7306,1,Waymo LLC,5-Day,,,MAR-2024,SADHW2S13M1, ,N/A,Jaguar,I-Pace, ,2021, ,d03d2b0c17de739,64007, ,None,5th Generation ADS, , ,5th Generation, , ,Version 8, , ,, ,Y,,, ,Y,Yes (specify below),"CA DMV, CA PUC",Yes,ADS,Waymo LLC, , ,Y, , , , , ,,MAR-2024, ,MAR-2024,04:35, ,10f72ba4931873e,[MAY CONTAIN PERSONALLY IDENTIFIABLE INFORMATION], ,[MAY CONTAIN PERSONALLY IDENTIFIABLE INFORMATION], ,[MAY CONTAIN PERSONALLY IDENTIFIABLE INFORMATION], ,San Francisco, ,CA ,[MAY CONTAIN PERSONALLY IDENTIFIABLE INFORMATION], ,Intersection,Dry,No Unusual Conditions,25, ,Dark - Lighted,Y, , , , , , , ,,Passenger Car,No Injuries Reported,Yes,"Other, see Narrative",No,No, , , , , , , ,Y, , , ,Proceeding Straight,No,Yes,No Passengers in Vehicle,14, , , ,Y, , ,Y, , , , , , , ,Y, ,Y,Y, , ,No,, ,Yes,, ,, ,, ,Yes, ,"On March [XXX], 2024 at 4:35 AM PT a Waymo Autonomous Vehicle (Waymo AV) operating in San Francisco, California was in a collision involving a passenger car on [XXX] at [XXX]. 
The Waymo AV was traveling southeast in the rightmost lane of a four-lane, one-way section of [XXX] when it came to a stop at a red traffic light at [XXX]. When the light turned green, the Waymo AV proceeded into the intersection. As the Waymo AV was crossing the intersection, a passenger car traveling in the second lane from the left initiated a right turn onto southwest-bound [XXX] in front of the Waymo AV. The passengers side of the passenger car made contact with the front drivers side of the Waymo AV. At the time of the impact, the Waymo AVs Level 4 ADS was engaged in autonomous mode. Both vehicles sustained damage, and the passenger car left the scene.
Waymo is reporting this crash under Request No. 1 of Standing General Order 2021-01 because a vehicle involved was towed away. Waymo may supplement or correct its reporting with additional information as it may become available.",
30270-7190,2,Waymo LLC,10-Day Update,,,FEB-2024,SADHW2S13M1, ,N/A,Jaguar,I-Pace, ,2021, ,0f48fa1f53d41b1,80882, ,None,5th Generation, , ,5th Generation, , ,Version 8, , ,, ,Y,,, ,Y,Yes (specify below),"CA DMV, CA PUC",Yes,ADS,Waymo LLC, , ,Y, , , , , ,,FEB-2024, ,FEB-2024,13:35, ,9efe939f0ad5856,[MAY CONTAIN PERSONALLY IDENTIFIABLE INFORMATION], ,[MAY CONTAIN PERSONALLY IDENTIFIABLE INFORMATION], ,[MAY CONTAIN PERSONALLY IDENTIFIABLE INFORMATION], ,San Francisco, ,CA ,[MAY CONTAIN PERSONALLY IDENTIFIABLE INFORMATION], ,Intersection,Dry,No Unusual Conditions,25, ,Daylight, , ,Y, , , , , ,,Motorcycle,No Injuries Reported,Yes,Proceeding Straight,Not Applicable,No, , ,Y, , , , , , , , ,Proceeding Straight,No,No,Yes,1, , , , , , , ,Y, , , , , , ,Y, ,Y,Y, , ,No,, ,Yes,, ,, ,, ,Yes, ,"The content of this report is unchanged from the initial report submitted on February 20, 2024 [REDACTED, MAY CONTAIN CONFIDENTIAL BUSINESS INFORMATION]
On February [XXX], 2024 at 1:35 PM PT a Waymo Autonomous Vehicle (""Waymo AV"") operating in San Francisco, California was in a collision involving a motorcyclist on [XXX] at [XXX].
The Waymo AV was traveling northbound on [XXX] and was stopped at a red traffic light at [XXX], with a motorcyclist stopped behind the Waymo AV. When the light turned green, the Waymo AV proceeded into the intersection with the motorcyclist traveling close behind. In the intersection, the Waymo AV braked, and the motorcyclist then made contact with the rear of the Waymo AV. At the time of the impact, the Waymo AV's Level 4 ADS was engaged in autonomous mode. The Waymo AV sustained damage, and the motorcyclist left the scene.
Waymo is reporting this crash under Request No. 1 of Standing General Order 2021-01 because a vulnerable road user was involved. Waymo may supplement or correct its reporting with additional information as it may become available.",
30270-7190,1,Waymo LLC,1-Day,,,FEB-2024,SADHW2S13M1, ,N/A,Jaguar,I-Pace, ,2021, ,0f48fa1f53d41b1,80882, ,None,5th Generation, , ,5th Generation, , ,Version 8, , ,, ,Y,,, ,Y,Yes (specify below),"CA DMV, CA PUC",Yes,ADS,Waymo LLC, , ,Y, , , , , ,,FEB-2024, ,FEB-2024,13:35, ,9efe939f0ad5856,[MAY CONTAIN PERSONALLY IDENTIFIABLE INFORMATION], ,[MAY CONTAIN PERSONALLY IDENTIFIABLE INFORMATION], ,[MAY CONTAIN PERSONALLY IDENTIFIABLE INFORMATION], ,San Francisco, ,CA ,[MAY CONTAIN PERSONALLY IDENTIFIABLE INFORMATION], ,Intersection,Dry,No Unusual Conditions,25, ,Daylight, , ,Y, , , , , ,,Motorcycle,No Injuries Reported,Yes,Proceeding Straight,Not Applicable,No, , ,Y, , , , , , , , ,Proceeding Straight,No,No,Yes,1, , , , , , , ,Y, , , , , , ,Y, ,Y,Y, , ,No,, ,Yes,, ,, ,, ,Yes, ,"On February [XXX], 2024 at 1:35 PM PT a Waymo Autonomous Vehicle (Waymo AV) operating in San Francisco, California was in a collision involving a motorcyclist on [XXX] at [XXX].
The Waymo AV was traveling northbound on [XXX] and was stopped at a red traffic light at [XXX], with a motorcyclist stopped behind the Waymo AV. When the light turned green, the Waymo AV proceeded into the intersection with the motorcyclist traveling close behind. In the intersection, the Waymo AV braked, and the motorcyclist then made contact with the rear of the Waymo AV. At the time of the impact, the Waymo AVs Level 4 ADS was engaged in autonomous mode. The Waymo AV sustained damage, and the motorcyclist left the scene.
Waymo is reporting this crash under Request No. 1 of Standing General Order 2021-01 because a vulnerable road user was involved. Waymo may supplement or correct its reporting with additional information as it may become available.",
30270-7075,2,Waymo LLC,10-Day Update,,,FEB-2024,SADHW2S15M1, ,N/A,Jaguar,I-Pace, ,2021, ,85fbc85393c7d1d,86181, ,None,5th Generation, , ,5th Generation, , ,Version 8, , ,, ,Y,,, ,Y,Yes (specify below),"DMV, CPUC",Yes,ADS,Waymo LLC, , ,Y, , , , , ,,FEB-2024, ,FEB-2024,14:34, ,35b627077003d07,[MAY CONTAIN PERSONALLY IDENTIFIABLE INFORMATION], ,[MAY CONTAIN PERSONALLY IDENTIFIABLE INFORMATION], ,[MAY CONTAIN PERSONALLY IDENTIFIABLE INFORMATION], ,San Francisco, ,CA ,[MAY CONTAIN PERSONALLY IDENTIFIABLE INFORMATION], ,Intersection,Dry,No Unusual Conditions,25, ,Daylight,Y, , , , , , , ,,Non-Motorist: Cyclist,Minor,Yes,Making Left Turn,,, , , , , , , , , , , ,Proceeding Straight,No,No,Yes,11, , , , , , , , , ,Y, , , , ,Y, ,Y,Y, , ,Yes,San Francisco Police Department, ,Yes,[MAY CONTAIN PERSONALLY IDENTIFIABLE INFORMATION], ,,Y,,Y,Yes, ,"The Waymo AVs listed mph has been updated, and this narrative has been updated to reflect additional information obtained since the initial report was submitted on February 7, 2024 [REDACTED, MAY CONTAIN CONFIDENTIAL BUSINESS INFORMATION]. 
On February [XXX], 2024 at 2:34 PM PT a Waymo Autonomous Vehicle (Waymo AV) operating in San Francisco, California was in a collision involving a bicyclist on [XXX] at [XXX].
The Waymo AV was traveling westbound on [XXX] and came to a stop at a 4-way stop sign intersection at [XXX]. When it was the Waymo AVs turn at the intersection, the Waymo AV entered the intersection to proceed straight. At this point, a delivery truck traveling eastbound on [XXX] was already in the middle of the intersection (the delivery truck arrived at its stop sign first and proceeded into the intersection before the Waymo AV). As the Waymo AV passed the rear of the delivery truck, an occluded bicyclist who was traveling behind the delivery truck became visible and was making a sharp left turn onto northbound [XXX], in front of the Waymo AVs path. The cyclist had entered the 4-way stop intersection without stopping or yielding. The Waymo AV detected the bicyclist, applied heavy braking, but was unable to avoid contact with the bicyclist before coming to a full stop. 
At the time of the impact, the Waymo AVs Level 4 ADS was engaged in autonomous mode. The Waymo AV sustained minor body damage, and the bicyclist reported minor injuries and damage to their bicycle. The Waymo AV remained stopped in the intersection for approximately one minute, and after the path was clear, resumed driving for a short period of time. The Waymo AV was then returned to the scene by one of Waymos roadside assistance specialists. The Waymo AV did not require towing and was returned to the depot in manual mode.
Waymo is reporting this crash under Request No. 1 of Standing General Order 2021-01 because a vulnerable road user was involved. Waymo may supplement or correct its reporting with additional information as it may become available.",
30270-7162,1,Waymo LLC,Monthly,1,2024,FEB-2024,SADHW2S10M1, ,N/A,Jaguar,I-Pace, ,2021, ,2c2f75d23c37307,75591, ,None,5th Generation, , ,5th Generation, , ,Version 8, , ,, ,Y,,, ,Y,Yes (specify below),"CA DMV, CA PUC",Yes,ADS,Waymo LLC, , ,Y, , , , , ,,JAN-2024, ,JAN-2024,00:41, ,4433538a5ab5fe9,[MAY CONTAIN PERSONALLY IDENTIFIABLE INFORMATION], ,[MAY CONTAIN PERSONALLY IDENTIFIABLE INFORMATION], ,[MAY CONTAIN PERSONALLY IDENTIFIABLE INFORMATION], ,San Francisco, ,CA ,[MAY CONTAIN PERSONALLY IDENTIFIABLE INFORMATION], ,Intersection,Wet,No Unusual Conditions,25, ,Dark - Lighted, , , , ,Y, , , ,,Passenger Car,No Injuries Reported,Yes,Making Left Turn,No,No, , , , , , ,Y, , , , ,Stopped,No,No,No Passengers in Vehicle,0, , , , , , , , , ,Y, , , , ,Y, ,Y,Y, , ,Yes,San Francisco Police Department, ,Yes,[MAY CONTAIN PERSONALLY IDENTIFIABLE INFORMATION], ,[MAY CONTAIN PERSONALLY IDENTIFIABLE INFORMATION], ,,Y,Yes, ,"On January [XXX], 2024 at 12:41 AM PT a Waymo Autonomous Vehicle (Waymo AV) operating in San Francisco, California was in a collision involving two passenger vehicles in the intersection of [XXX] at [XXX] and [XXX]. 
The Waymo AV was stopped on eastbound [XXX] at a red traffic light with vehicles behind it, preparing to make an unprotected left turn onto eastbound [XXX]. When the light turned green, the Waymo AV proceeded into the intersection on [XXX], then stopped to yield to approaching vehicles. A black passenger vehicle two vehicles behind the Waymo AV then overtook both the Waymo AV and the vehicle behind the Waymo AV, and made contact with the front passenger side corner of a white passenger vehicle turning left in the opposite direction (onto westbound [XXX]). The Waymo AV then moved slightly forward, then came to a stop as the white passenger vehicle then moved backward from the collision with the black passenger vehicle. The rear passenger side corner of the white passenger vehicle made contact with the front passenger side of the Waymo AV. The black passenger vehicle left the scene. At the time of the impact, the Waymo AVs Level 4 ADS was engaged in autonomous mode. The Waymo AV did not sustain damage, but the other two passenger vehicles sustained damage. 
Waymo is reporting this crash under Request No. 2 of Standing General Order 2021-01. Waymo may supplement or correct its reporting with additional information as it may become available.",
30270-7161,1,Waymo LLC,Monthly,1,2024,FEB-2024,SADHW2S10M1, ,N/A,Jaguar,I-Pace, ,2021, ,8be4a6c4c8332cc,63054, ,None,5th Generation, , ,5th Generation, , ,Version 8, , ,, ,Y,,, ,Y,Yes (specify below),"CA DMV, CA PUC",Yes,ADS,Waymo LLC, , ,Y, , , , , ,,JAN-2024, ,JAN-2024,20:11, ,59079bb2dd3325d,[MAY CONTAIN PERSONALLY IDENTIFIABLE INFORMATION], ,[MAY CONTAIN PERSONALLY IDENTIFIABLE INFORMATION], ,[MAY CONTAIN PERSONALLY IDENTIFIABLE INFORMATION], ,San Francisco, ,CA ,[MAY CONTAIN PERSONALLY IDENTIFIABLE INFORMATION], ,Intersection,Dry,No Unusual Conditions,25, ,Dark - Lighted,Y, , , , , , , ,,Bus,No Injuries Reported,Yes,Making Left Turn,No,No, ,Y, , , , , , , , , ,Stopped,No,No,Yes,0, ,Y, , , , , , , , , , , , ,Y, ,Y,Y, , ,Yes,San Francisco Police Department, ,Yes,[MAY CONTAIN PERSONALLY IDENTIFIABLE INFORMATION], ,[MAY CONTAIN PERSONALLY IDENTIFIABLE INFORMATION], ,,Y,Yes, ,"On January [XXX], 2024 at 8:12 PM PT a Waymo Autonomous Vehicle (Waymo AV) operating in San Francisco, California was in a collision involving a bus on westbound [XXX] at [XXX].
The Waymo AV was stopped at a stop sign on westbound [XXX] at the intersection with [XXX] when a bus traveling on southbound [XXX] started to make a left turn onto eastbound [XXX], a narrow road. As the bus performed the left turn onto [XXX], the Waymo AV slowly moved forward and to the right, but the left side of the bus made contact with the rear driver side corner of the Waymo AV. At the time of the impact, the Waymo AVs Level 4 ADS was engaged in autonomous mode.  Both vehicles sustained damage.
Waymo is reporting this crash under Request No. 2 of Standing General Order 2021-01. Waymo may supplement or correct its reporting with additional information as it may become available.",
30270-7157,1,Waymo LLC,Monthly,1,2024,FEB-2024,SADHW2S13M1, ,N/A,Jaguar,I-Pace, ,2021, ,9d2f60156197a6a,56344, ,None,5th Generation, , ,5th Generation, , ,Version 8, , ,, ,Y,,, ,Y,Yes (specify below),"CA DMV, CA PUC",Yes,ADS,Waymo LLC, , ,Y, , , , , ,,FEB-2024, ,FEB-2024,12:04, ,5525849794ff562,[MAY CONTAIN PERSONALLY IDENTIFIABLE INFORMATION], ,[MAY CONTAIN PERSONALLY IDENTIFIABLE INFORMATION], ,[MAY CONTAIN PERSONALLY IDENTIFIABLE INFORMATION], ,Los Angeles, ,CA ,[MAY CONTAIN PERSONALLY IDENTIFIABLE INFORMATION], ,Street,Dry,No Unusual Conditions,25, ,Daylight,Y, , , , , , , ,,SUV,No Injuries Reported,Yes,Proceeding Straight,No,No, ,Y, , , , , , , , , ,Stopped,No,No,"No, see Narrative",0, ,Y, , , , , , , , , , , , ,Y, ,Y,Y, , ,No,, ,Yes,, ,, ,, ,Yes, ,"On January [XXX], 2023 at 12:05 PM PT a Waymo Autonomous Vehicle (Waymo AV) operating in Los Angeles, California was in a collision involving an SUV on [XXX] at [XXX].  
The Waymo AV was traveling northbound on [XXX] when it came to a stop to yield to an oncoming vehicle in a narrow roadway with parked vehicles on both sides of the street. As the oncoming SUV passed the Waymo AV, the drivers side rear of the SUV made contact with the drivers side rear of the Waymo AV. At the time of the impact, the Waymo AVs Level 4 ADS was engaged in autonomous mode, and the passengers were in the process of putting on their seatbelts just after entering the Waymo AV. The Waymo AV sustained damage and the SUV left the scene. 
Waymo is reporting this crash under Request No. 2 of Standing General Order 2021-01. Waymo may supplement or correct its reporting with additional information as it may become available.",
30792-7147,1,WeRide Corp,Monthly,1,2024,FEB-2024,1N4CZ1CV2PC, ,n/a,Nissan,LEAF, ,2023, ,caa76225bb77e79,13961, ,In-Vehicle and Remote (Commercial / Test),d98f1cebd2d7298b5b62a537ab054232974e4a9c, , ,1.7, , ,5.1, , ,, ,Y,,, ,Y,Yes (specify below),CA DMV AVT PERMIT,Yes,ADS,WeRide, , , , ,Y,Y, , ,,JAN-2024, ,JAN-2024,12:56, ,338d76138bfc037,[MAY CONTAIN PERSONALLY IDENTIFIABLE INFORMATION], ,[MAY CONTAIN PERSONALLY IDENTIFIABLE INFORMATION], ,[MAY CONTAIN PERSONALLY IDENTIFIABLE INFORMATION], ,San Jose, ,CA ,[MAY CONTAIN PERSONALLY IDENTIFIABLE INFORMATION], ,Street,Dry,No Unusual Conditions,20, ,Daylight,Y, , , , , , , ,,Passenger Car,No Injuries Reported,No,Proceeding Straight,No,No, , , , , ,Y, , , , , ,"Other, see Narrative",No,No,Yes,2, , , , ,Y, , , , , , , , , ,Y, ,Y, , , ,No,, ,Yes,, ,, ,, ,Yes, ,"At approximately 12:56pm, a WeRide vehicle (car 1) was slowing to a stop ( 3mph) on [XXX] at the intersection of [XXX] to turn left in an effort to yield to crossing pedestrians. At this time a Toyota Prius (car 2) traveling (10mph) had slammed into car 1's rear - causing damage primarily to car 1. Both parties pulled over to a safe location to exchange information but the driver of car 2 could not provide a valid insurance or registration certificate.",
30291-7106,1,Nuro,Monthly,1,2024,FEB-2024,JTDKAMFU8N3, ,N/A,Toyota,Prius, ,2022, ,00d4592400ec7eb,4801, ,In-Vehicle (Commercial / Test),"[REDACTED, MAY CONTAIN CONFIDENTIAL BUSINESS INFORMATION]", ,Y,"[REDACTED, MAY CONTAIN CONFIDENTIAL BUSINESS INFORMATION]", ,Y,"[REDACTED, MAY CONTAIN CONFIDENTIAL BUSINESS INFORMATION]", ,Y,, ,Y,,, ,Y,Yes (specify below),California Driver Testing Permit,Yes,ADS,Nuro Inc, , , , , ,Y, , ,,JAN-2024, ,JAN-2024,14:30, ,e57b604ec513988,[MAY CONTAIN PERSONALLY IDENTIFIABLE INFORMATION], ,[MAY CONTAIN PERSONALLY IDENTIFIABLE INFORMATION], ,[MAY CONTAIN PERSONALLY IDENTIFIABLE INFORMATION], ,Mountain View, ,CA ,[MAY CONTAIN PERSONALLY IDENTIFIABLE INFORMATION], ,Intersection,Dry,No Unusual Conditions,25, ,Daylight,Y, , , , , , , ,,Passenger Car,No Injuries Reported,Yes,Proceeding Straight,No,No, , , , , ,Y, , , , , ,Stopped,No,No,Yes,0, , , , ,Y, , , , , , , ,Y, , , ,Y, , , ,No,, ,No,, ,, ,, ,Yes, ,"On Friday, January [XXX], 2024 a Nuro Prius operating autonomously with a safety driver present was stopped at a red light at the intersection of [XXX] and [XXX]. A Mazda approaching the intersection failed to completely stop and rear-ended the Nuro Prius. No injuries were reported and no VRUs were involved. Both vehicles sustained minor damage. Law enforcement was not involved.",
30291-7107,1,Nuro,Monthly,1,2024,FEB-2024,JTDKAMFU1N3, ,N/A,Toyota,Prius, ,2022, ,c191401622c519b,7377, ,In-Vehicle (Commercial / Test),"[REDACTED, MAY CONTAIN CONFIDENTIAL BUSINESS INFORMATION]", ,Y,"[REDACTED, MAY CONTAIN CONFIDENTIAL BUSINESS INFORMATION]", ,Y,"[REDACTED, MAY CONTAIN CONFIDENTIAL BUSINESS INFORMATION]", ,Y,, ,Y,,, ,Y,Yes (specify below),California Driver Test Permit,Yes,ADS,Nuro Inc, , , , , ,Y, , ,,JAN-2024, ,JAN-2024,19:24, ,7135acd28a61330,[MAY CONTAIN PERSONALLY IDENTIFIABLE INFORMATION], ,[MAY CONTAIN PERSONALLY IDENTIFIABLE INFORMATION], ,[MAY CONTAIN PERSONALLY IDENTIFIABLE INFORMATION], ,Palo Alto, ,CA ,[MAY CONTAIN PERSONALLY IDENTIFIABLE INFORMATION], ,Intersection,Wet,No Unusual Conditions,25, ,Daylight, , , , ,Y, , , ,,Passenger Car,No Injuries Reported,Yes,Making Left Turn,No,No, , , , , , , , ,Y, , ,Proceeding Straight,No,No,Yes,24, ,Y, , , , , , , , , , ,Y, , , ,Y, , , ,No,, ,Yes,, ,, ,, ,Yes, ,"On Wednesday, January [XXX] at approximately 4:20pm, a Nuro Prius was operating in autonomous mode in Palo Alto. As the Nuro Prius proceeded straight through a three-way intersection with right-of-way, a Honda CR-V on the perpendicular street failed to stop at the stop sign and ran into the driver-side rear corner of the Nuro vehicle.  Both vehicles sustained de minimis damage. Law enforcement was not involved and there were no injuries reported or VRUs present.",
30610-7110,1,"Zoox, Inc.",Monthly,1,2024,FEB-2024,5TDDGRFH6HS, ,N/A,Toyota,Highlander, ,2017, ,b1784ffeed4c799,90280, ,In-Vehicle (Commercial / Test),147.24.01.15, , ,147.24.01.15, , ,147.24.01.15, , ,, ,Y,,, ,Y,Yes (specify below),CA DMV AVT Permit,Yes,ADS,Zoox, , , , ,Y,Y, , ,,JAN-2024, ,JAN-2024,14:12, ,a0a1657627490ce,[MAY CONTAIN PERSONALLY IDENTIFIABLE INFORMATION], ,[MAY CONTAIN PERSONALLY IDENTIFIABLE INFORMATION], ,[MAY CONTAIN PERSONALLY IDENTIFIABLE INFORMATION], ,San Francisco, ,CA ,[MAY CONTAIN PERSONALLY IDENTIFIABLE INFORMATION], ,Street,Dry,No Unusual Conditions,20, ,Daylight,Y, , , , , , , ,,Passenger Car,No Injuries Reported,Yes,Proceeding Straight,No,No, , , , , ,Y, , ,Y, , ,Stopped,No,No,Yes,0, ,Y, , ,Y, , , , , , , , , ,Y, ,Y, , , ,No,, ,No,, ,, ,, ,Yes, ,"A Zoox vehicle (Vehicle 1) in autonomy was traveling on southbound [XXX] near [XXX] in San Francisco. The Zoox vehicle slowed to a gradual stop with brake and hazard lights activated during a simulated pick up-drop off maneuver when it was rear-ended by a minivan (Vehicle 2). The rear bumper of the Zoox vehicle sustained minor damage. There were no reported injuries, and police were not called. Zoox vehicle camera footage shows that the driver of the minivan may not have been looking ahead at the roadway prior to and at the time of contact.",
30610-6950,1,"Zoox, Inc.",Monthly,1,2024,FEB-2024,5TDDGRFHXHS, ,[MAY CONTAIN PERSONALLY IDENTIFIABLE INFORMATION],Toyota,Highlander, ,2017, ,a6a1c689894241a,90477, ,In-Vehicle (Commercial / Test),134.24.01.01, , ,134.24.01.01, , ,134.24.01.01, , ,, ,Y,,, ,Y,Yes (specify below),CA DMV AVT Permit,Yes,ADS,Zoox, , , , ,Y,Y, , ,,JAN-2024, ,JAN-2024,21:13, ,f23a6e25a67b19d,[MAY CONTAIN PERSONALLY IDENTIFIABLE INFORMATION], ,[MAY CONTAIN PERSONALLY IDENTIFIABLE INFORMATION], ,[MAY CONTAIN PERSONALLY IDENTIFIABLE INFORMATION], ,San Francisco, ,CA ,[MAY CONTAIN PERSONALLY IDENTIFIABLE INFORMATION], ,Intersection,Dry,No Unusual Conditions,20, ,Dark - Lighted,Y, , , , , , , ,,SUV,No Injuries Reported,Yes,Proceeding Straight,No,No, , , , , , ,Y, , , , ,Stopped,No,No,Yes,0, , , ,Y, , , , , , , , , , ,Y, ,Y, , , ,Yes,San Francisco PD, ,No,[MAY CONTAIN PERSONALLY IDENTIFIABLE INFORMATION], ,,Y,,Y,Yes, ,"A Zoox vehicle (Vehicle 1)  in autonomy was stopped at a red traffic light on northbound [XXX] at the intersection with [XXX] in San Francisco. At that time, an SUV (Vehicle 2), heading southbound on [XXX], failed to stop for the red traffic light and entered the intersection, causing a collision with a passenger car (Vehicle 3) that was traveling eastbound on [XXX]. The SUV spun after making contact with the passenger car and collided with the stopped Zoox vehicle, damaging the front bumper on the driver's side and driver's side fender, mirror, and sensors on the Zoox vehicle. The police and EMS personnel were called to the scene. The driver of the SUV left the scene without exchanging information. The passenger car appeared to sustain significant damage to the front end. There were no reported injuries.",
30270-7075,1,Waymo LLC,1-Day,,,FEB-2024,SADHW2S15M1, ,N/A,Jaguar,I-Pace, ,2021, ,85fbc85393c7d1d,86181, ,None,5th Generation, , ,5th Generation, , ,Version 8, , ,, ,Y,,, ,Y,Yes (specify below),"DMV, CPUC",Yes,ADS,Waymo LLC, , ,Y, , , , , ,,FEB-2024, ,FEB-2024,14:34, ,35b627077003d07,[MAY CONTAIN PERSONALLY IDENTIFIABLE INFORMATION], ,[MAY CONTAIN PERSONALLY IDENTIFIABLE INFORMATION], ,[MAY CONTAIN PERSONALLY IDENTIFIABLE INFORMATION], ,San Francisco, ,CA ,[MAY CONTAIN PERSONALLY IDENTIFIABLE INFORMATION], ,Intersection,Dry,No Unusual Conditions,25, ,Daylight,Y, , , , , , , ,,Non-Motorist: Cyclist,Minor,Yes,Making Left Turn,,, , , , , , , , , , , ,Proceeding Straight,No,No,Yes,7, , , , , , , , , ,Y, , , , ,Y, ,Y,Y, , ,Yes,San Francisco Police Department, ,Yes,[MAY CONTAIN PERSONALLY IDENTIFIABLE INFORMATION], ,,Y,,Y,Yes, ,"On February [XXX], 2024 at 2:34 PM PT a Waymo Autonomous Vehicle (Waymo AV) operating in San Francisco, California was in a collision involving a bicyclist on [XXX] at [XXX].
The Waymo AV was traveling westbound on [XXX] and came to a stop at a 4-way stop sign intersection at [XXX]. When it was the Waymo AVs turn at the intersection, the Waymo AV entered the intersection to proceed straight. At this point, a delivery truck traveling eastbound on [XXX] was already in the middle of the intersection (the delivery truck arrived at its stop sign first and proceeded into the intersection before the Waymo AV). As the Waymo AV passed the rear of the delivery truck, an occluded bicyclist who was traveling behind the delivery truck became visible and was making a sharp left turn onto northbound [XXX], in front of the Waymo AVs path. The Waymo AV detected the bicyclist, applied heavy braking, but was unable to avoid contact with the bicyclist before coming to a full stop. 
At the time of the impact, the Waymo AVs Level 4 ADS was engaged in autonomous mode. The Waymo AV sustained minor body damage, and to our knowledge, the bicyclist reported only minor injuries. The Waymo AV remained stopped in the intersection for approximately one minute, and after the path was clear resumed driving for a short period of time. The Waymo AV was then returned to the scene by one of Waymos roadside assistance specialists. The Waymo AV did not require towing and was returned to the depot in manual mode.
Waymo is reporting this crash under Request No. 1 of Standing General Order 2021-01 because a vulnerable road user was involved. Waymo may supplement or correct its reporting with additional information as it may become available.",