Report ID,Report Version,Reporting Entity,Report Type,Report Month,Report Year,Report Submission Date,VIN,VIN - Unknown,Serial Number,Make,Model,Model - Unknown,Model Year,Model Year - Unknown,Same Vehicle ID,Mileage,Mileage - Unknown,Driver / Operator Type,ADAS/ADS System Version,ADAS/ADS System Version - Unk,ADAS/ADS System Version CBI,ADAS/ADS Hardware Version,ADAS/ADS Hardware Version - Unk,ADAS/ADS Hardware Version CBI,ADAS/ADS Software Version,ADAS/ADS Software Version - Unk,ADAS/ADS Software Version CBI,Other Reporting Entities?,Other Reporting Entities? - Unk,Other Reporting Entities? - NA,Federal Regulatory Exemption?,Other Federal Reg. Exemption,Federal Reg. Exemption - Unk,Federal Reg. Exemption - No,State or Local Permit?,State or Local Permit,ADS Equipped?,Automation System Engaged?,Operating Entity,Operating Entity - Unknown,Source - Complaint/Claim,Source - Telematics,Source - Law Enforcement,Source - Field Report,Source - Testing,Source - Media,Source - Other,Source - Other Text,Incident Date,Incident Date - Unknown,Notice Received Date,Incident Time (24:00),Incident Time - Unknown,Same Incident ID,Latitude,Latitude - Unknown,Longitude,Longitude - Unknown,Address,Address - Unknown,City,City - Unknown,State,Zip Code,Zip Code - Unknown,Roadway Type,Roadway Surface,Roadway Description,Posted Speed Limit (MPH),Posted Speed Limit - Unknown,Lighting,Weather - Clear,Weather - Snow,Weather - Cloudy,Weather - Fog/Smoke,Weather - Rain,Weather - Severe Wind,Weather - Unknown,Weather - Other,Weather - Other Text,Crash With,Highest Injury Severity Alleged,Property Damage?,CP Pre-Crash Movement,CP Any Air Bags Deployed?,CP Was Vehicle Towed?,CP Contact Area - Rear Left,CP Contact Area - Left,CP Contact Area - Front Left,CP Contact Area - Rear,CP Contact Area - Top,CP Contact Area - Front,CP Contact Area - Rear Right,CP Contact Area - Right,CP Contact Area - Front Right,CP Contact Area - Bottom,CP Contact Area - Unknown,SV Pre-Crash Movement,SV Any Air Bags Deployed?,SV Was Vehicle Towed?,SV Were All Passengers Belted?,SV Precrash Speed (MPH),SV Pre-crash Speed - Unknown,SV Contact Area - Rear Left,SV Contact Area - Left,SV Contact Area - Front Left,SV Contact Area - Rear,SV Contact Area - Top,SV Contact Area - Front,SV Contact Area - Rear Right,SV Contact Area - Right,SV Contact Area - Front Right,SV Contact Area - Bottom,SV Contact Area - Unknown,Data Availability - EDR,Data Availability - Police Rpt,Data Availability - Telematics,Data Availability - Complaints,Data Availability - Video,Data Availability - Other,Data Availability - No Data,Data Availability - Unknown,Law Enforcement Investigating?,Investigating Agency,Investigating Agency - Unknown,Rep Ent Or Mfr Investigating?,Investigating Officer Name,Inv. Officer Name - Unknown,Investigating Officer Phone,Inv. Officer Phone - Unknown,Investigating Officer Email,Inv. Officer Email - Unknown,Within ODD?,Within ODD? - CBI,Narrative,Narrative - CBI?
30531-6864,1,Transdev Alternative Services,Monthly,11,2023,DEC-2023,SADHW2S1XM1, ,N/A,Jaguar,I-Pace, ,2021, ,87fe10d7d5a1914,76385, ,In-Vehicle (Commercial / Test),5th Generation, , ,5th Generation, , ,Version 8, , ,Waymo LLC, , ,,, ,Y,Yes (specify below),"CA DMV, CA PUC",Yes,ADS,Waymo LLC, , ,Y, , , , , ,,NOV-2023, ,NOV-2023,19:59, ,72fb4226e3fbbf1,[MAY CONTAIN PERSONALLY IDENTIFIABLE INFORMATION], ,[MAY CONTAIN PERSONALLY IDENTIFIABLE INFORMATION], ,[MAY CONTAIN PERSONALLY IDENTIFIABLE INFORMATION], ,Los Angeles, ,CA ,[MAY CONTAIN PERSONALLY IDENTIFIABLE INFORMATION], ,Intersection,Dry,No Unusual Conditions,30, ,Dark - Lighted,Y, , , , , , , ,,Passenger Car,No Injuries Reported,Yes,Proceeding Straight,No,No, , ,Y, , ,Y, , ,Y, , ,Stopped,No,No,Yes,0, ,Y, , ,Y, , ,Y, , , , , , ,Y, ,Y,Y, , ,No,, ,Yes,, ,, ,, ,Yes, ,"On November [XXX], 2023 at 7:59 PM PT a Waymo Autonomous Vehicle (""Waymo AV"") operating in Los Angeles, California was in a collision involving a passenger vehicle on [XXX] at [XXX].
The Waymo AV was stopped for a red light facing southeast on [XXX] at [XXX] when a passenger vehicle approached from behind and made contact with the rear of the Waymo AV.  At the time of the impact, the Waymo AV's Level 4 ADS was engaged in autonomous mode, and a test driver was present (in the driver's seating position).  The Waymo AV sustained damage.
Transdev Alternative Services is reporting this crash under Request No. 2 of Standing General Order 2021-01.  Transdev may supplement or correct its reporting in the future.  This is a duplicate of report ID: 30270-6857-1.",
30531-6862,1,Transdev Alternative Services,Monthly,11,2023,DEC-2023,SADHW2S11M1, ,N/A,Jaguar,I-Pace, ,2021, ,b1a598663322901,79098, ,In-Vehicle (Commercial / Test),5th Generation, , ,5th Generation, , ,Version 8, , ,Waymo LLC, , ,,, ,Y,Yes (specify below),"CA DMV, CA PUC",Yes,ADS,Waymo LLC, , ,Y, , , , , ,,NOV-2023, ,NOV-2023,15:44, ,ee3530ef1c1d0eb,[MAY CONTAIN PERSONALLY IDENTIFIABLE INFORMATION], ,[MAY CONTAIN PERSONALLY IDENTIFIABLE INFORMATION], ,[MAY CONTAIN PERSONALLY IDENTIFIABLE INFORMATION], ,San Francisco, ,CA ,[MAY CONTAIN PERSONALLY IDENTIFIABLE INFORMATION], ,Intersection,Dry,No Unusual Conditions,25, ,Daylight,Y, , , , , , , ,,Passenger Car,No Injuries Reported,Yes,Proceeding Straight,No,No, , ,Y, , ,Y, , ,Y, , ,Stopped,No,No,Yes,0, ,Y, , ,Y, , ,Y, , , , , , ,Y, ,Y,Y, , ,No,, ,Yes,, ,, ,, ,Yes, ,"On November [XXX], 2023 at 3:44 PM PT a Waymo Autonomous Vehicle (""Waymo AV"") operating in San Francisco, California was in a collision involving a passenger car on [XXX] at [XXX].
The Waymo AV was stopped in the rightmost non-HOV lane on northbound [XXX] waiting for the intersection at [XXX] to clear during a green light.  The passenger car behind the Waymo AV was rear-ended by a pickup truck, causing the front of the passenger car to make contact with the rear of the Waymo AV.  At the time of the impact, the Waymo AV's Level 4 ADS was engaged in autonomous mode, and a test driver was present (in the driver's seating position).  All three vehicles sustained damage.
Transdev Alternative Services is reporting this crash under Request No. 2 of Standing General Order 2021-01.  Transdev may supplement or correct its reporting.  This is a duplicate of report ID 30270-6839-1.",
30270-6857,1,Waymo LLC,Monthly,11,2023,DEC-2023,SADHW2S1XM1, ,N/A,Jaguar,I-Pace, ,2021, ,87fe10d7d5a1914,76385, ,In-Vehicle (Commercial / Test),5th Generation, , ,5th Generation, , ,Version 8, , ,Transdev Alternative Services, , ,,, ,Y,Yes (specify below),"CA DMV, CA PUC",Yes,ADS,Waymo LLC, , ,Y, , , , , ,,NOV-2023, ,NOV-2023,19:59, ,72fb4226e3fbbf1,[MAY CONTAIN PERSONALLY IDENTIFIABLE INFORMATION], ,[MAY CONTAIN PERSONALLY IDENTIFIABLE INFORMATION], ,[MAY CONTAIN PERSONALLY IDENTIFIABLE INFORMATION], ,Los Angeles, ,CA ,[MAY CONTAIN PERSONALLY IDENTIFIABLE INFORMATION], ,Intersection,Dry,No Unusual Conditions,30, ,Dark - Lighted,Y, , , , , , , ,,Passenger Car,No Injuries Reported,Yes,Proceeding Straight,No,No, , ,Y, , ,Y, , ,Y, , ,Stopped,No,No,Yes,0, ,Y, , ,Y, , ,Y, , , , , , ,Y, ,Y,Y, , ,No,, ,Yes,, ,, ,, ,Yes, ,"On November [XXX], 2023 at 7:59 PM PT a Waymo Autonomous Vehicle (Waymo AV) operating in Los Angeles, California was in a collision involving a passenger vehicle on [XXX] at [XXX].
The Waymo AV was stopped for a red light facing southeast on [XXX] at [XXX] when a passenger vehicle approached from behind and made contact with the rear of the Waymo AV. At the time of the impact, the Waymo AVs Level 4 ADS was engaged in autonomous mode, and a test driver was present (in the drivers seating position). The Waymo AV sustained damage.
Waymo is reporting this crash under Request No. 2 of Standing General Order 2021-01. Waymo may supplement or correct its reporting with additional information as it may become available.",
30270-6839,1,Waymo LLC,Monthly,11,2023,DEC-2023,SADHW2S11M1, ,N/A,Jaguar,I-Pace, ,2021, ,b1a598663322901,79098, ,In-Vehicle (Commercial / Test),5th Generation, , ,5th Generation, , ,Version 8, , ,Transdev Alternative Services, , ,,, ,Y,Yes (specify below),"CA DMV, CA PUC",Yes,ADS,Waymo LLC, , ,Y, , , , , ,,NOV-2023, ,NOV-2023,15:44, ,ee3530ef1c1d0eb,[MAY CONTAIN PERSONALLY IDENTIFIABLE INFORMATION], ,[MAY CONTAIN PERSONALLY IDENTIFIABLE INFORMATION], ,[MAY CONTAIN PERSONALLY IDENTIFIABLE INFORMATION], ,San Francisco, ,CA ,[MAY CONTAIN PERSONALLY IDENTIFIABLE INFORMATION], ,Intersection,Dry,No Unusual Conditions,25, ,Daylight,Y, , , , , , , ,,Passenger Car,No Injuries Reported,Yes,Proceeding Straight,No,No, , ,Y, , ,Y, , ,Y, , ,Stopped,No,No,Yes,0, ,Y, , ,Y, , ,Y, , , , , , ,Y, ,Y,Y, , ,No,, ,Yes,, ,, ,, ,Yes, ,"On November [XXX], 2023 at 3:44 PM PT a Waymo Autonomous Vehicle (Waymo AV) operating in San Francisco, California was in a collision involving a passenger car on [XXX] at [XXX].
The Waymo AV was stopped in the rightmost non-HOV lane on northbound [XXX] waiting for the intersection at [XXX] to clear during a green light. The passenger car behind the Waymo AV was rear-ended by a pickup truck, causing the front of the passenger car to make contact with the rear of the Waymo AV. At the time of the impact, the Waymo AVs Level 4 ADS was engaged in autonomous mode, and a test driver was present (in the drivers seating position). All three vehicles sustained damage.
Waymo is reporting this crash under Request No. 2 of Standing General Order 2021-01. Waymo may supplement or correct its reporting with additional information as it may become available.",
540-6400,4,"General Motors, LLC",Update,,,DEC-2023,5G21A6P0XP4, ,N/A,Cruise,AV, ,2023, ,244abee15187c37,5091, ,Remote (Commercial / Test),,Y, ,,Y, ,,Y, ,Cruise LLC, , ,,, ,Y,Yes (specify below),CA,Yes,ADS,Cruise LLC, , ,Y, ,Y, , , ,,OCT-2023, ,OCT-2023,21:29, ,8cb088f47f347b4,[MAY CONTAIN PERSONALLY IDENTIFIABLE INFORMATION], ,[MAY CONTAIN PERSONALLY IDENTIFIABLE INFORMATION], ,[MAY CONTAIN PERSONALLY IDENTIFIABLE INFORMATION], ,San Francisco, ,CA ,[MAY CONTAIN PERSONALLY IDENTIFIABLE INFORMATION], ,Intersection,Dry,No Unusual Conditions,25, ,Dark - Lighted,Y, , , , , , , ,,Non-Motorist: Pedestrian,Serious,No,NM Crossing Roadway,,, , , , , , , , , , , ,Proceeding Straight,No,No,No Passengers in Vehicle,14, , , , , , , , , , ,Y, ,Y,Y,Y, ,Y,Y, , ,Yes,San Francisco Police Department, ,Yes,[MAY CONTAIN PERSONALLY IDENTIFIABLE INFORMATION], ,,Y,,Y,"Unknown, see Narrative", ,"On December 15, 2023, GM Cruise Holdings LLC (""Cruise"") filed an update Incident Report (the ""Report"") under the Second Amended Standing General Order 2021-01, dated April 5, 2023 (the ""Order"") General Motors LLC (GM) manufactured the Cruise-operated motor vehicle involved in the incident summarized in the Incident Report. Because GM is also a Reporting Entity under the Order, GM is submitting a duplicate of the redacted public copy of the Report. GM has selected ""Unknown"" in the ""ADS version"" and ""ODD time"" fields solely to avoid a second submission of nonpublic Cruise CBI GM is in possession of Cruise's responses to these fields, and incorporates Cruise's responses into this submission by reference. GM's submission is based on facts supplied to GM by Cruise. GM has not investigated the alleged incident and currently believes, based on a reasonable inquiry, that it has no independent knowledge of the facts in the Report. (Reference file: 30412-6395-4).",
30412-6395,4,Cruise LLC,Update,,,DEC-2023,5G21A6P0XP4, ,N/A,Cruise,AV, ,2023, ,244abee15187c37,5091, ,Remote (Commercial / Test),"[REDACTED, MAY CONTAIN CONFIDENTIAL BUSINESS INFORMATION]", ,Y,"[REDACTED, MAY CONTAIN CONFIDENTIAL BUSINESS INFORMATION]", ,Y,"[REDACTED, MAY CONTAIN CONFIDENTIAL BUSINESS INFORMATION]", ,Y,"General Motors, LLC", , ,,, ,Y,Yes (specify below),CA,Yes,ADS,Cruise LLC, , ,Y, ,Y, , , ,,OCT-2023, ,OCT-2023,21:29, ,8cb088f47f347b4,[MAY CONTAIN PERSONALLY IDENTIFIABLE INFORMATION], ,[MAY CONTAIN PERSONALLY IDENTIFIABLE INFORMATION], ,[MAY CONTAIN PERSONALLY IDENTIFIABLE INFORMATION], ,San Francisco, ,CA ,[MAY CONTAIN PERSONALLY IDENTIFIABLE INFORMATION], ,Intersection,Dry,No Unusual Conditions,25, ,Dark - Lighted,Y, , , , , , , ,,Non-Motorist: Pedestrian,Serious,No,NM Crossing Roadway,,, , , , , , , , , , , ,Proceeding Straight,No,No,No Passengers in Vehicle,14, , , , , , , , , , ,Y, ,Y,Y,Y, ,Y,Y, , ,Yes,San Francisco Police Department, ,Yes,[MAY CONTAIN PERSONALLY IDENTIFIABLE INFORMATION], ,,Y,,Y,"[REDACTED, MAY CONTAIN CONFIDENTIAL BUSINESS INFORMATION]",Y,"Cruise is submitting this updated report to indicate in the Post-Crash Information section that it has received a California Highway Patrol Traffic Collision Report in connection with the reported incident.  There are no other changes to Cruise's previous submission (30412-6395-3): A Cruise autonomous vehicle (AV), operating in driverless autonomous mode, was at a complete stop in response to a red light on southbound [XXX] at the intersection with [XXX]. A dark colored Nissan Sentra was also stopped in the adjacent lane to the left of the AV. As the Nissan Sentra and the AV proceeded through the intersection after the light turned green, a pedestrian entered the crosswalk on the opposite side of [XXX] across from the vehicles and proceeded through the intersection against a red light. The pedestrian passed completely through the AVs lane of travel but stopped mid-crosswalk in front of the Nissan Sentra. Shortly thereafter, the Nissan Sentra made contact with the pedestrian, deflecting the pedestrian in front of the AV. The AV braked aggressively but, shortly thereafter, made contact with the pedestrian. The AV then attempted to pull over out of traffic, pulling the individual forward, rather than remaining stationary. The driver of the Nissan Sentra left the scene shortly after the collision. Police and Emergency Medical Services (EMS) were called to the scene and the pedestrian was transported by EMS. On November 2, 2023, Cruise submitted a voluntary recall report to NHTSA relating to the AVs response after the collision, based on updated analysis that Cruise performed since the filing of the previous submissions.",Y
33495-6726,1,Apollo Autonomous Driving USA,Monthly,10,2023,NOV-2023,3LN6L2LU4GR, ,N/A,Lincoln,MKZ Hybrid, ,2016, ,c43d4aa180e4f98,,Y,In-Vehicle (Commercial / Test),3rd generation ADS, , ,3rd generation hardware, , ,Version 2B, , ,, ,Y,,, ,Y,Yes (specify below),CA,Yes,"Unknown, see Narrative",Apollo Autonomous Driving USA, , , , , ,Y, , ,,OCT-2023, ,OCT-2023,12:01, ,6724ba0b1aa4554,[MAY CONTAIN PERSONALLY IDENTIFIABLE INFORMATION], ,[MAY CONTAIN PERSONALLY IDENTIFIABLE INFORMATION], ,[MAY CONTAIN PERSONALLY IDENTIFIABLE INFORMATION], ,San Francisco, ,CA ,[MAY CONTAIN PERSONALLY IDENTIFIABLE INFORMATION], ,Intersection,Dry,No Unusual Conditions,25, ,Daylight,Y, , , , , , , ,,"Other, see Narrative",No Injuries Reported,No,"Other, see Narrative",Not Applicable,Not Applicable, , , , , , , , , , ,Y,Proceeding Straight,No,No,Yes,15, , , , , , , , , ,Y, , , , , , ,Y, , , ,No,, ,Yes,, ,, ,, ,Yes, ,"An Apollo autonomous vehicle (""AV"") was traveling westbound on [XXX] in San Francisco in conventional mode with a safety operator driving. At the intersection with [XXX],  the right front of the AV made contact with the curb and the AV traveled onto the curb. The safety operator was able to drive off the curb and back onto the street.  No other vehicles or property were involved. There were no injuries and the police were not called. The AV sustained minor damage to right wheel fender shield and the right lower bumper.",
33495-6725,1,Apollo Autonomous Driving USA,5-Day,,,NOV-2023,3LN6L5LU2HR, ,N/A,Lincoln,MKZ Hybrid, ,2017, ,a2ff017c0debd5d,,Y,In-Vehicle (Commercial / Test),3rd generation ADS, , ,3rd generation hardware, , ,Version 2B, , ,, ,Y,,, ,Y,Yes (specify below),CA,Yes,"Unknown, see Narrative",Apollo Autonomous Driving USA, , , , , ,Y, , ,,SEP-2023, ,SEP-2023,12:25, ,2b3039c25836235,[MAY CONTAIN PERSONALLY IDENTIFIABLE INFORMATION], ,[MAY CONTAIN PERSONALLY IDENTIFIABLE INFORMATION], ,[MAY CONTAIN PERSONALLY IDENTIFIABLE INFORMATION], ,San Francisco, ,CA ,[MAY CONTAIN PERSONALLY IDENTIFIABLE INFORMATION], ,Street,Dry,No Unusual Conditions,25, ,Daylight,Y, , , , , , , ,,SUV,No Injuries Reported,No,Parked,No,Yes, , , , , , , , ,Y, , ,Changing Lanes,No,No,No Passengers in Vehicle,5, , , , , , , , , ,Y, , , , , , ,Y, , , ,No,, ,Yes,, ,, ,, ,Yes, ,"An Apollo autonomous vehicle (""AV"") was traveling westbound on [XXX] in San Francisco in autonomous mode and stopped for a double-parked vehicle near [XXX]. An Apollo safety operator disengaged the AV from autonomous mode into conventional mode with use of the steering wheel. Then the AV side-swiped the double-parked vehicle while in conventional mode. There were no injuries, and emergency services were not needed. Both the AV and the second vehicle sustained minor damage.",
33495-6720,1,Apollo Autonomous Driving USA,1-Day,,,NOV-2023,2C4RC1N77LR, ,N/A,Chrysler,Pacifica, ,2020, ,f9582dac8974093,,Y,In-Vehicle (Commercial / Test),3rd Generation ADS, , ,3rd Generation Hardware, , ,Version 2B, , ,, ,Y,,, ,Y,Yes (specify below),CA,Yes,ADS,Apollo Autonomous Driving USA, , , , , ,Y, , ,,JUN-2023, ,JUN-2023,15:39, ,a497d4cb2c09cee,[MAY CONTAIN PERSONALLY IDENTIFIABLE INFORMATION], ,[MAY CONTAIN PERSONALLY IDENTIFIABLE INFORMATION], ,[MAY CONTAIN PERSONALLY IDENTIFIABLE INFORMATION], ,San Francisco, ,CA ,[MAY CONTAIN PERSONALLY IDENTIFIABLE INFORMATION], ,Intersection,Dry,No Unusual Conditions,25, ,Daylight,Y, , , , , , , ,,Non-Motorist: Other,No Injuries Reported,No,Proceeding Straight,,, , , , , , , , , , , ,Proceeding Straight,No,No,Yes,9, , , , , , , ,Y, , , , , , , , ,Y, , , ,No,, ,Yes,, ,, ,, ,Yes, ,"On June [XXX], 2023 at 3:39 PM PDT, an Apollo Autonomous Vehicle (""Apollo AV"") operating in San Francisco, California, was in a collision involving a scooter on [XXX] near [XXX]. 
The Apollo AV was traveling westbound on [XXX] passing the intersection with [XXX]. The intersection has stop signs clearly installed at all four ways, which require vehicles to make full stop before entering the intersection. The Apollo AV made a full stop, entered and passed approximately 75% of the intersection. A person on scooter coming southbound from [XXX],  approached the intersection. The person on scooter entered the intersection without stopping, then made contact with the passenger rear-side of Apollo AV. Our Apollo AV operator immediately disengaged the AV, pulled over to the closest safe place to park, got out of the car to check the person on scooter, who already left the scene on his scooter without exchanging any information. The Apollo AV had small minor paint scratch, which do not need repair. The police were not called.",
30531-6691,1,Transdev Alternative Services,Monthly,10,2023,NOV-2023,SADHW2S16M1, ,N/A,Jaguar,I-Pace, ,2021, ,d10dd4f4cedd8bd,86499, ,In-Vehicle and Remote (Commercial / Test),5th Generation, , ,5th Generation, , ,Version 8, , ,Waymo LLC, , ,,, ,Y,Yes (specify below),"CA DMV, CA PUC",Yes,ADS,Waymo LLC, , ,Y, , , , , ,,OCT-2023, ,OCT-2023,07:48, ,951dadb865d98c2,[MAY CONTAIN PERSONALLY IDENTIFIABLE INFORMATION], ,[MAY CONTAIN PERSONALLY IDENTIFIABLE INFORMATION], ,[MAY CONTAIN PERSONALLY IDENTIFIABLE INFORMATION], ,San Francisco, ,CA ,[MAY CONTAIN PERSONALLY IDENTIFIABLE INFORMATION], ,Intersection,Dry,No Unusual Conditions,25, ,Daylight,Y, , , , , , , ,,SUV,No Injuries Reported,Yes,Changing Lanes,No,No, , , , , , , ,Y, , , ,Proceeding Straight,No,No,Yes,23, , , ,Y, , , , , , , , , , ,Y, ,Y,Y, , ,No,, ,Yes,, ,, ,, ,Yes, ,"On October [XXX], 2023 at 7:48 AM PT a Waymo Autonomous Vehicle (""Waymo AV"") operating in San Francisco, California was in a collision involving an SUV on [XXX] near [XXX].
The Waymo AV was traveling westbound on [XXX] in the rightmost lane.  As the SUV in the left adjacent lane traveling alongside the Waymo AV initiated a right lane change, the front passenger's side of the SUV made contact with the front driver's side of the Waymo AV.  At the time of the impact, the Waymo's Level 4 ADS was not engaged as the test driver transitioned the Waymo AV to manual mode just before the contact.  Both vehicles sustained damage.
This report is a duplicate of NHTSA Report ID: 30270-6665-1.",
30270-6666,1,Waymo LLC,Monthly,10,2023,NOV-2023,SADHW2S16M1, ,N/A,Jaguar,I-Pace, ,2021, ,1c75c3f3119d73c,49823, ,None,5th Generation, , ,5th Generation, , ,Version 8, , ,, ,Y,,, ,Y,Yes (specify below),"CA DMV, CA PUC						",Yes,ADS,Waymo LLC, , ,Y, , , , , ,,OCT-2023, ,OCT-2023,17:14, ,b05fd9ea974ddb2,[MAY CONTAIN PERSONALLY IDENTIFIABLE INFORMATION], ,[MAY CONTAIN PERSONALLY IDENTIFIABLE INFORMATION], ,[MAY CONTAIN PERSONALLY IDENTIFIABLE INFORMATION], ,San Francisco, ,CA ,[MAY CONTAIN PERSONALLY IDENTIFIABLE INFORMATION], ,Street,Dry,No Unusual Conditions,25, ,Daylight,Y, , , , , , , ,,Van,No Injuries Reported,Yes,Proceeding Straight,No,No,Y, , , , , , , , , , ,Stopped,No,No,No Passengers in Vehicle,0, , , ,Y, , , , , , , , , , ,Y, ,Y,Y, , ,No,, ,Yes,, ,, ,, ,Yes, ,"On October [XXX], 2023 at 5:14 PM PT a Waymo Autonomous Vehicle (Waymo AV) operating in San Francisco, California was in a collision involving a van on [XXX] near [XXX] 
The Waymo AV had stopped for a drop-off on northbound [XXX] and yielded to a van traveling south on [XXX] after the passengers had exited. The van attempted to slowly pass the Waymo AV, and as it did so, the rear drivers side tire and rear bumper of the van made contact with the front drivers side tire of the Waymo AV. At the time of the impact, the Waymo AVs Level 4 ADS was engaged in autonomous mode. The van sustained damage.
Waymo is reporting this crash under Request No. 2 of Standing General Order 2021-01.",
30270-6667,1,Waymo LLC,Monthly,10,2023,NOV-2023,SADHW2S10M1, ,N/A,Jaguar,I-Pace, ,2023, ,4d7c75a7683ed1a,55661, ,None,5th Generation, , ,5th Generation, , ,Version 8, , ,, ,Y,,, ,Y,Yes (specify below),"CA DMV, CA PUC						",Yes,ADS,Waymo LLC, , ,Y, , , , , ,,OCT-2023, ,OCT-2023,03:11, ,1cfed656d5eee11,[MAY CONTAIN PERSONALLY IDENTIFIABLE INFORMATION], ,[MAY CONTAIN PERSONALLY IDENTIFIABLE INFORMATION], ,[MAY CONTAIN PERSONALLY IDENTIFIABLE INFORMATION], ,San Francisco, ,CA ,[MAY CONTAIN PERSONALLY IDENTIFIABLE INFORMATION], ,Street,Dry,No Unusual Conditions,25, ,Dark - Lighted,Y, , , , , , , ,,Passenger Car,No Injuries Reported,Yes,Proceeding Straight,No,No, , , , , ,Y, , , , , ,Proceeding Straight,No,No,No Passengers in Vehicle,1, , , , ,Y, , ,Y, , , , , , ,Y, ,Y,Y, , ,No,, ,Yes,, ,, ,, ,Yes, ,"On October [XXX], 2023 at 3:11 AM PT a Waymo Autonomous Vehicle (Waymo AV) operating in San Francisco, CA was in a collision involving a passenger car on [XXX] near [XXX]. 
The Waymo AV was traveling slowly (less than 5 miles per hour) west on [XXX] near [XXX] in heavy pedestrian traffic in the street when it stopped to yield to a crossing pedestrian. The front of the passenger car traveling behind the Waymo AV made contact with the rear of the Waymo AV. At the time of the impact, the Waymo AVs Level 4 ADS was engaged in autonomous mode. The Waymo AV sustained damage.
Waymo is reporting this crash under Request No. 2 of Standing General Order 2021-01.",
30270-6665,1,Waymo LLC,Monthly,10,2023,NOV-2023,SADHW2S16M1, ,N/A,Jaguar,I-Pace, ,2021, ,d10dd4f4cedd8bd,86499, ,In-Vehicle and Remote (Commercial / Test),5th Generation, , ,5th Generation, , ,Version 8, , ,Transdev Alternative Services, , ,,, ,Y,Yes (specify below),"CA DMV, CA PUC						",Yes,ADS,Waymo LLC, , ,Y, , , , , ,,OCT-2023, ,OCT-2023,07:48, ,951dadb865d98c2,[MAY CONTAIN PERSONALLY IDENTIFIABLE INFORMATION], ,[MAY CONTAIN PERSONALLY IDENTIFIABLE INFORMATION], ,[MAY CONTAIN PERSONALLY IDENTIFIABLE INFORMATION], ,San Francisco, ,CA ,[MAY CONTAIN PERSONALLY IDENTIFIABLE INFORMATION], ,Intersection,Dry,No Unusual Conditions,25, ,Daylight,Y, , , , , , , ,,SUV,No Injuries Reported,Yes,Changing Lanes,No,No, , , , , , , ,Y, , , ,Proceeding Straight,No,No,Yes,23, , , ,Y, , , , , , , , , , ,Y, ,Y,Y, , ,No,, ,Yes,, ,, ,, ,Yes, ,"On October [XXX], 2023 at 7:48 AM PT a Waymo Autonomous Vehicle (Waymo AV) operating in San Francisco, California was in a collision involving an SUV on [XXX] near [XXX]. 
The Waymo AV was traveling westbound on [XXX] in the rightmost lane. As the SUV in the left adjacent lane traveling alongside the Waymo AV initiated a right lane change, the front passengers side of the SUV made contact with the front drivers side of the Waymo AV. At the time of the impact, the Waymo AVs Level 4 ADS was not engaged as the test driver transitioned the Waymo AV to manual mode just before the contact. Both vehicles sustained damage.
Waymo is reporting this crash under Request No. 2 of Standing General Order 2021-01.",
30270-6663,1,Waymo LLC,Monthly,10,2023,NOV-2023,SADHW2S1XM1, ,N/A,Jaguar,I-Pace, ,2021, ,fa8d7f93679b1df,56088, ,None,5th Generation, , ,5th Generation, , ,Version 8, , ,, ,Y,,, ,Y,Yes (specify below),"CA DMV, CA PUC",Yes,ADS,Waymo LLC, , ,Y, , , , , ,,OCT-2023, ,OCT-2023,16:10, ,394bad4fc5ff01d,[MAY CONTAIN PERSONALLY IDENTIFIABLE INFORMATION], ,[MAY CONTAIN PERSONALLY IDENTIFIABLE INFORMATION], ,[MAY CONTAIN PERSONALLY IDENTIFIABLE INFORMATION], ,San Francisco, ,CA ,[MAY CONTAIN PERSONALLY IDENTIFIABLE INFORMATION], ,Street,Dry,No Unusual Conditions,25, ,Daylight, , ,Y, , , , , ,,Passenger Car,No Injuries Reported,Yes,Backing,No,No, , , , , , ,Y, , , , ,Proceeding Straight,No,No,Yes,1, , ,Y, , , , , , , , , , , ,Y, ,Y,Y, , ,No,, ,Yes,, ,, ,, ,Yes, ,"On October [XXX], 2023 at 4:10 PM PT a Waymo Autonomous Vehicle (Waymo AV) operating in San Francisco, CA was in a collision involving a passenger car on [XXX] at [XXX]. 
As the Waymo AV was traveling northeast on [XXX] approaching the intersection with [XXX], it began passing a passenger car that was stopped on the other half of the roadway with its front partially in a perpendicular parking space and the rest of the vehicle perpendicular across part of the travel lane. While the Waymo AV was passing the passenger car, the passenger car initiated a reversing maneuver into the lane where the Waymo AV was passing, and the rear right corner of the passenger car made contact with the left side of the Waymo AV. At the time of the impact, the Waymo AVs Level 4 ADS was engaged in autonomous mode. The passenger car sustained damage.
Waymo is reporting this crash under Request No. 2 of Standing General Order 2021-01.",
30270-6662,1,Waymo LLC,Monthly,10,2023,NOV-2023,SADHW2S11M1, ,N/A,Jaguar,I-Pace, ,2021, ,d4e22689b56b6e4,51633, ,None,5th Generation, , ,5th Generation, , ,Version 8, , ,, ,Y,,, ,Y,Yes (specify below),"CA DMV, CA PUC						",Yes,ADS,Waymo LLC, , ,Y, , , , , ,,OCT-2023, ,OCT-2023,17:42, ,f5399b04ffda41f,[MAY CONTAIN PERSONALLY IDENTIFIABLE INFORMATION], ,[MAY CONTAIN PERSONALLY IDENTIFIABLE INFORMATION], ,[MAY CONTAIN PERSONALLY IDENTIFIABLE INFORMATION], ,San Francisco, ,CA ,[MAY CONTAIN PERSONALLY IDENTIFIABLE INFORMATION], ,Street,Dry,No Unusual Conditions,25, ,Daylight,Y, , , , , , , ,,Passenger Car,No Injuries Reported,Yes,Changing Lanes,No,No, , , , , , , ,Y, , , ,Stopped,No,No,Yes,0, ,Y, , , , , , , , , , , , ,Y, ,Y,Y, , ,No,, ,Yes,, ,, ,, ,Yes, ,"On October [XXX], 2023 at 5:42 PM PT a Waymo Autonomous Vehicle (Waymo AV) operating in San Francisco, California was in a collision involving a passenger car on [XXX] at [XXX].
The Waymo AV came to a stop in the rightmost travel lane heading south on [XXX] at [XXX], behind a van that was unloading passengers and cargo in the travel lane. As the Waymo AV was awaiting an opportunity to maneuver into the left lane to pass the van, the passenger car behind the Waymo AV maneuvered into the left lane to pass both vehicles. As the passenger car passed the Waymo AV, the drivers side of the passenger car made contact with the rear left corner of the Waymo AV. At the time of the impact, the Waymo AVs Level 4 ADS was engaged in autonomous mode. Both vehicles sustained damage.
Waymo is reporting this crash under Request No. 2 of Standing General Order 2021-01.",