Report ID,Report Version,Reporting Entity,Report Type,Report Month,Report Year,Report Submission Date,VIN,VIN - Unknown,Serial Number,Make,Model,Model - Unknown,Model Year,Model Year - Unknown,Same Vehicle ID,Mileage,Mileage - Unknown,Driver / Operator Type,ADAS/ADS System Version,ADAS/ADS System Version - Unk,ADAS/ADS System Version CBI,ADAS/ADS Hardware Version,ADAS/ADS Hardware Version - Unk,ADAS/ADS Hardware Version CBI,ADAS/ADS Software Version,ADAS/ADS Software Version - Unk,ADAS/ADS Software Version CBI,Other Reporting Entities?,Other Reporting Entities? - Unk,Other Reporting Entities? - NA,Federal Regulatory Exemption?,Other Federal Reg. Exemption,Federal Reg. Exemption - Unk,Federal Reg. Exemption - No,State or Local Permit?,State or Local Permit,ADS Equipped?,Automation System Engaged?,Operating Entity,Operating Entity - Unknown,Source - Complaint/Claim,Source - Telematics,Source - Law Enforcement,Source - Field Report,Source - Testing,Source - Media,Source - Other,Source - Other Text,Incident Date,Incident Date - Unknown,Notice Received Date,Incident Time (24:00),Incident Time - Unknown,Same Incident ID,Latitude,Latitude - Unknown,Longitude,Longitude - Unknown,Address,Address - Unknown,City,City - Unknown,State,Zip Code,Zip Code - Unknown,Roadway Type,Roadway Surface,Roadway Description,Posted Speed Limit (MPH),Posted Speed Limit - Unknown,Lighting,Weather - Clear,Weather - Snow,Weather - Cloudy,Weather - Fog/Smoke,Weather - Rain,Weather - Severe Wind,Weather - Unknown,Weather - Other,Weather - Other Text,Crash With,Highest Injury Severity Alleged,Property Damage?,CP Pre-Crash Movement,CP Any Air Bags Deployed?,CP Was Vehicle Towed?,CP Contact Area - Rear Left,CP Contact Area - Left,CP Contact Area - Front Left,CP Contact Area - Rear,CP Contact Area - Top,CP Contact Area - Front,CP Contact Area - Rear Right,CP Contact Area - Right,CP Contact Area - Front Right,CP Contact Area - Bottom,CP Contact Area - Unknown,SV Pre-Crash Movement,SV Any Air Bags Deployed?,SV Was Vehicle Towed?,SV Were All Passengers Belted?,SV Precrash Speed (MPH),SV Pre-crash Speed - Unknown,SV Contact Area - Rear Left,SV Contact Area - Left,SV Contact Area - Front Left,SV Contact Area - Rear,SV Contact Area - Top,SV Contact Area - Front,SV Contact Area - Rear Right,SV Contact Area - Right,SV Contact Area - Front Right,SV Contact Area - Bottom,SV Contact Area - Unknown,Data Availability - EDR,Data Availability - Police Rpt,Data Availability - Telematics,Data Availability - Complaints,Data Availability - Video,Data Availability - Other,Data Availability - No Data,Data Availability - Unknown,Law Enforcement Investigating?,Investigating Agency,Investigating Agency - Unknown,Rep Ent Or Mfr Investigating?,Investigating Officer Name,Inv. Officer Name - Unknown,Investigating Officer Phone,Inv. Officer Phone - Unknown,Investigating Officer Email,Inv. Officer Email - Unknown,Within ODD?,Within ODD? - CBI,Narrative,Narrative - CBI?
30270-6385,1,Waymo LLC,1-Day,,,OCT-2023,SADHW2S12M1, ,N/A,Jaguar,I-Pace, ,2021, ,4695a335f999808,48564, ,None,5th Generation, , ,5th Generation, , ,Version 8, , ,, ,Y,,, ,Y,Yes (specify below),"DMV, CPUC",Yes,ADS,Waymo LLC, , ,Y, , , , , ,,OCT-2023, ,OCT-2023,17:47, ,472852271e2724f,[MAY CONTAIN PERSONALLY IDENTIFIABLE INFORMATION], ,[MAY CONTAIN PERSONALLY IDENTIFIABLE INFORMATION], ,[MAY CONTAIN PERSONALLY IDENTIFIABLE INFORMATION], ,San Francisco, ,CA ,[MAY CONTAIN PERSONALLY IDENTIFIABLE INFORMATION], ,Street,Dry,No Unusual Conditions,25, ,Dawn / Dusk,Y, , , , , , , ,,Passenger Car,No Injuries Reported,Yes,Proceeding Straight,No,No, , , , , , , , ,Y, , ,Stopped,No,No,No Passengers in Vehicle,25, ,Y, , , , , , , , , , , , ,Y, ,Y,Y, , ,No,, ,Yes,, ,, ,, ,Yes, ,"On October [XXX], 2023 at 5:47 PM PT a Waymo Autonomous Vehicle (Waymo AV) operating in San Francisco, California was in a collision involving a passenger car on [XXX] near [XXX]. 
The Waymo AV was traveling westbound on [XXX] near [XXX]. The Waymo AV then began to turn right from [XXX] into a parking lot at [XXX]. As the Waymo AV began to enter the parking lot, it stopped for an approaching skateboarder. The passenger car traveling behind the Waymo AV then made contact with the rear of the Waymo AV. At the time of the impact, the Waymo AVs Level 4 ADS was engaged in autonomous mode. Both vehicles sustained damage.
Waymo is reporting this crash under Request No. 1 of Standing General Order 2021-01 because a vulnerable road user influenced the driving task of a vehicle involved. Waymo may supplement or correct its reporting with additional information as it may become available.",
30590-6382,1,Apple Inc.,5-Day,,,SEP-2023,2T2BGMCA0HC, ,N/A,Lexus,RX 450h, ,2017, ,b55f1a264bcdd2a,24459, ,In-Vehicle (Commercial / Test),"[REDACTED, MAY CONTAIN CONFIDENTIAL BUSINESS INFORMATION]", ,Y,"[REDACTED, MAY CONTAIN CONFIDENTIAL BUSINESS INFORMATION]", ,Y,"[REDACTED, MAY CONTAIN CONFIDENTIAL BUSINESS INFORMATION]", ,Y,, ,Y,,, ,Y,Yes (specify below),California Permit No. AVT030,Yes,ADS,Apple Inc., , , , , ,Y, , ,,SEP-2023, ,SEP-2023,11:33, ,04eeb18cf84cda0,[MAY CONTAIN PERSONALLY IDENTIFIABLE INFORMATION], ,[MAY CONTAIN PERSONALLY IDENTIFIABLE INFORMATION], ,[MAY CONTAIN PERSONALLY IDENTIFIABLE INFORMATION], ,Emeryville, ,CA ,[MAY CONTAIN PERSONALLY IDENTIFIABLE INFORMATION], ,Highway / Freeway,Dry,No Unusual Conditions,55, ,Daylight,Y, , , , , , , ,,Pickup Truck,No Injuries Reported,Yes,Proceeding Straight,No,No, , ,Y, , ,Y, , ,Y, , ,Stopped,No,Yes,Yes,0, ,Y, , ,Y, , ,Y, , , , , , ,Y, ,Y,Y, , ,No,, ,Yes,, ,, ,, ,Yes, ,"Subject vehicle was on a testing mission in Emeryville, CA. The vehicle was traveling Westbound on [XXX] operated by the vehicle's Automated Driving System and supervised by a safety driver in the driver's designated seating position, and with a safety operator in the front passenger seating position. Subject vehicle decelerated and came to a complete stop in response to traffic. Approximately three seconds later, with traffic remaining stopped ahead, a white Chevrolet Silverado made contact from the rear. Almost simultaneous with the crash, the safety driver disengaged the Automated Driving System through brake pedal force. After the crash, both vehicles proceeded to the side of the road to exchange information, and then took the closest exit to a nearby parking lot. Subject vehicle was towed given damage to the rear window. No injuries were reported, and law enforcement was not called to the scene.
In addition to telematics and video, we have photographs of the damaged vehicles.",
30490-6359,1,"Beep, Inc.",Monthly,8,2023,SEP-2023,,Y,,Navya,Arma Autonom DL, ,,Y, ,,Y,In-Vehicle (Commercial / Test),,Y, ,,Y, ,,Y, ,NAVYA Inc., , ,Other Federal Exemption or Exception (specify below),Box-7, , ,Yes (specify below),CA DMV,Yes,ADS,"Beep, Inc.", , , , ,Y, , , ,,AUG-2023, ,AUG-2023,17:54, , ,,Y,,Y,[MAY CONTAIN PERSONALLY IDENTIFIABLE INFORMATION], ,San Francisco, ,CA ,[MAY CONTAIN PERSONALLY IDENTIFIABLE INFORMATION], ,Intersection,Dry,No Unusual Conditions,25, ,Daylight,Y, , , , , , , ,,Passenger Car,No Injuries Reported,No,Making Left Turn,Unknown,No, , ,Y, , ,Y, , , , , ,Proceeding Straight,No,No,Yes,,Y, , , , , ,Y, , ,Y, , , , ,Y, ,Y,Y, , ,No,, ,Yes,, ,, ,, ,Yes, ,"VIN # VG9A2CB2CIV[XXX] 
At approximately 5:54 p.m. on Wednesday, August [XXX], 2023, P84, travelling eastbound on [XXX], approached the three-way stop at [XXX] and [XXX]. P84 arrived at the intersection at the same time as two other vehicles: a grey van heading northbound on [XXX] and a red sedan heading westbound on [XXX]. The safety driver yielded to the northbound vehicle, which proceeded to make a right-hand turn eastbound onto [XXX]. After allowing the intersection to clear, the safety driver onboard P84 confirmed that it was safe for the shuttle to proceed through the intersection. As the shuttle entered the intersection, a second vehicle travelling northbound on [XXX], a white sedan, entered the intersection intending a left-hand turn onto westbound [XXX]. Both vehicles entered the intersection simultaneously, subsequently colliding at a low rate of speed in the middle of the intersection.  
At approximately 5:57 p.m., the Beep Command Center (BCC) was informed by the safety driver that P84 was involved in a minor collision with another vehicle at the intersection of [XXX] and [XXX]. The incident response protocol was initiated, and a supervisor dispatched to the scene. Local law enforcement (San Francisco Police Department) was contacted to report the collision but declined to respond given the minor nature of the collision, directing both parties to exchange information. After the Beep supervisor arrived on scene at approximately 6:49 p.m., the safety driver and supervisor removed the shuttle from the roadway and exchanged insurance information with the driver of the other vehicle. 
Damage to both vehicles was noted to be very minor. The shuttle sustained light scuffs, chips, and small paint transfer. The other vehicle sustained a small dent on the fender. Neither vehicle required towing, and both were safely driven from the scene. 
Beeps safety driver was subsequently subjected to a standard post-collision drug & alcohol screening which has since cleared.  
Contributing Factors 
Based on an analysis of the available evidence, Beep has determined the following factors may have contributed to the higher likelihood of a collision occurring in this instance: 
1.The white sedan failed to yield to P84 in accordance with California state law governing intersection priority.
2.The slight bend in P84s path to accommodate the lane shift through the intersection may have reduced the available stopping distance as the white sedan was not perceived as an obstacle in P84s path until it proceeded further into the intersection.
Incident Findings 
Beep developed the following findings regarding this incident:
1.P84 behaved as expected, detecting and maintaining awareness of the white sedan in the moments preceding the collision, commanding hard braking maneuver, and achieving a 3m/s2 deceleration rate once the white sedan encroached on P84s path.
2.The safety driver observed California state law and had the right of way when releasing P84 into the intersection.
3.The safety driver could have avoided the collision by using the emergency stop. The safety driver indicated that they were aware of the other vehicle through the duration of the incident and were aware of the proper procedure in this scenario but panicked in the moment.
Mitigation:
Implement a priority zone to account for the slight bend in the shuttles path and for future vehicles that may fail to yield.",
30531-6354,1,Transdev Alternative Services,5-Day,,,SEP-2023,SADHW2S18M1, ,N/A,Jaguar,I-Pace, ,2021, ,8d2c8e1b95ad195,22784, ,In-Vehicle (Commercial / Test),5th Generation, , ,5th Generation, , ,Version 8, , ,Waymo LLC, , ,,, ,Y,Yes (specify below),"DMV, CPUC",Yes,ADS,Waymo LLC, , ,Y, , , , , ,,SEP-2023, ,SEP-2023,20:34, ,bc3cf43a88e0c67,[MAY CONTAIN PERSONALLY IDENTIFIABLE INFORMATION], ,[MAY CONTAIN PERSONALLY IDENTIFIABLE INFORMATION], ,[MAY CONTAIN PERSONALLY IDENTIFIABLE INFORMATION], ,San Francisco, ,CA ,[MAY CONTAIN PERSONALLY IDENTIFIABLE INFORMATION], ,Street,Dry,No Unusual Conditions,25, ,Dark - Lighted, , ,Y, , , , , ,,SUV,No Injuries Reported,Yes,Proceeding Straight,No,No, , , , , , , ,Y,Y, , ,Parked,No,Yes,Yes,0, ,Y, , , , , , , , , , , , ,Y, ,Y,Y, , ,No,, ,Yes,, ,, ,, ,Yes, ,"On September [XXX], 2023 at 8:34 PM PT a Waymo Autonomous Vehicle (""Waymo AV"") operating in San Francisco, California was in a collision involving an SUV on [XXX] near [XXX].
While the Waymo AV was pulled over in the right lane on northbound [XXX], an SUV that was passing the parked Waymo AV made contact with the rear driver's side of the Waymo AV.  At the time of the impact, the Waymo AV's Level 4 ADS was not engaged and a test driver was operating the Waymo AV in manual mode.  Both vehicles sustained damage.
Transdev Alternative Services is reporting this crash under Request No. 1 of Standing General Order 2021-01 because a vechile involved was towed away.  Transdev may supplement or correct its reporting with additional information as it may become available.  This is a duplicate of report ID 30270-6351-1.",
30270-6352,1,Waymo LLC,5-Day,,,SEP-2023,SADHW2S10M1, ,N/A,Jaguar,I-Pace, ,2021, ,3cf7c25f2209456,51448, ,None,5th Generation, , ,5th Generation, , ,Version 8, , ,, ,Y,,, ,Y,Yes (specify below),"DMV, CPUC",Yes,ADS,Waymo LLC, , ,Y, , , , , ,,SEP-2023, ,SEP-2023,18:26, ,67dc226c776f696,[MAY CONTAIN PERSONALLY IDENTIFIABLE INFORMATION], ,[MAY CONTAIN PERSONALLY IDENTIFIABLE INFORMATION], ,[MAY CONTAIN PERSONALLY IDENTIFIABLE INFORMATION], ,San Francisco, ,CA ,[MAY CONTAIN PERSONALLY IDENTIFIABLE INFORMATION], ,Intersection,Dry,No Unusual Conditions,25, ,Dawn / Dusk,Y, , , , , , , ,,Passenger Car,No Injuries Reported,Yes,Proceeding Straight,Unknown,No, , , , , , , , ,Y, , ,Parked,No,Yes,No Passengers in Vehicle,0, ,Y, , , , , , , , , , , , ,Y, ,Y,Y, , ,Yes,San Francisco Police Department, ,Yes,[MAY CONTAIN PERSONALLY IDENTIFIABLE INFORMATION], ,[MAY CONTAIN PERSONALLY IDENTIFIABLE INFORMATION], ,,Y,Yes, ,"On September [XXX], 2023 at 6:26 PM PT a Waymo Autonomous Vehicle (Waymo AV) operating in San Francisco, California was in a collision involving a passenger car on [XXX] at [XXX]. 
While the Waymo AV was stopped in park waiting to pick up a passenger near the right side curb of the road on westbound [XXX], a passenger car that was passing the stopped Waymo AV made contact with the rear drivers side of the Waymo AV. At the time of the impact, the Waymo AVs Level 4 ADS was engaged in autonomous mode. Both vehicles sustained damage.
Waymo is reporting this crash under Request No. 1 of Standing General Order 2021-01 because a vehicle involved was towed away. Waymo may supplement or correct its reporting with additional information as it may become available.",
30270-6351,1,Waymo LLC,5-Day,,,SEP-2023,SADHW2S18M1, ,N/A,Jaguar,I-Pace, ,2021, ,8d2c8e1b95ad195,22784, ,In-Vehicle (Commercial / Test),5th Generation, , ,5th Generation, , ,Version 8, , ,Transdev Alternative Services, , ,,, ,Y,Yes (specify below),"DMV, CPUC",Yes,ADS,Waymo LLC, , ,Y, , , , , ,,SEP-2023, ,SEP-2023,20:34, ,bc3cf43a88e0c67,[MAY CONTAIN PERSONALLY IDENTIFIABLE INFORMATION], ,[MAY CONTAIN PERSONALLY IDENTIFIABLE INFORMATION], ,[MAY CONTAIN PERSONALLY IDENTIFIABLE INFORMATION], ,San Francisco, ,CA ,[MAY CONTAIN PERSONALLY IDENTIFIABLE INFORMATION], ,Street,Dry,No Unusual Conditions,25, ,Dark - Lighted, , ,Y, , , , , ,,SUV,No Injuries Reported,Yes,Proceeding Straight,No,No, , , , , , , ,Y,Y, , ,Parked,No,Yes,Yes,0, ,Y, , , , , , , , , , , , ,Y, ,Y,Y, , ,No,, ,Yes,, ,, ,, ,Yes, ,"On September [XXX], 2023 at 8:34 PM PT a Waymo Autonomous Vehicle (Waymo AV) operating in San Francisco, California was in a collision involving an SUV on [XXX] near [XXX]. 
While the Waymo AV was pulled over in the right lane on northbound [XXX], an SUV that was passing the parked Waymo AV made contact with the rear drivers side of the Waymo AV. At the time of the impact, the Waymo AVs Level 4 ADS was not engaged and a test driver was operating the Waymo AV in manual mode. Both vehicles sustained damage. 
Waymo is reporting this crash under Request No. 1 of Standing General Order 2021-01 because a vehicle involved was towed away. Waymo may supplement or correct its reporting with additional information as it may become available.",
30270-6347,1,Waymo LLC,Monthly,8,2023,SEP-2023,SADHW2S13M1, ,N/A,Jaguar,I-Pace, ,2021, ,ee70d1945e4b3b0,14314, ,None,5th Generation ADS, , ,5th Generation, , ,Version 8, , ,, ,Y,,, ,Y,Yes (specify below),"CA DMV, CA PUC",Yes,ADS,Waymo LLC, , ,Y, , , , , ,,AUG-2023, ,AUG-2023,16:38, ,e44896eb7f3d084,[MAY CONTAIN PERSONALLY IDENTIFIABLE INFORMATION], ,[MAY CONTAIN PERSONALLY IDENTIFIABLE INFORMATION], ,[MAY CONTAIN PERSONALLY IDENTIFIABLE INFORMATION], ,Santa Monica, ,CA ,[MAY CONTAIN PERSONALLY IDENTIFIABLE INFORMATION], ,Traffic Circle,Dry,No Unusual Conditions,25, ,Daylight,Y, , , , , , , ,,Passenger Car,No Injuries Reported,Yes,"Other, see Narrative",No,No, , ,Y, , , , , , , , ,"Other, see Narrative",No,No,No Passengers in Vehicle,1, ,Y, , , , , , , , , , , , ,Y, ,Y,Y, , ,No,, ,Yes,, ,, ,, ,Yes, ,"On August [XXX], 2023 at 4:39 PM PT a Waymo Autonomous Vehicle (""Waymo AV"") operating in Santa Monica, California was in a collision involving a passenger car on [XXX] at [XXX].
The Waymo AV was traversing a roundabout at the intersection of [XXX] at [XXX] when it slowed to a stop for other vehicles approaching and in the roundabout. The front of the passenger car that was in the roundabout behind the Waymo AV made contact with the rear of the Waymo AV. At the time of the impact, the Waymo AV's Level 4 ADS was engaged in autonomous mode. Both vehicles sustained damage.
Waymo is reporting this crash under Request No. 2 of Standing General Order 2021-01. Waymo may supplement or correct its reporting with additional information as it may become available.",
30270-6346,1,Waymo LLC,Monthly,8,2023,SEP-2023,SADHW2S19M1, ,N/A,Jaguar,I-Pace, ,2021, ,f0f7a440e0d08c2,54905, ,None,5th Generation ADS, , ,5th Generation, , ,Version 8, , ,, ,Y,,, ,Y,Yes (specify below),"CA DMV, CA PUC",Yes,ADS,Waymo LLC, , ,Y, , , , , ,,AUG-2023, ,AUG-2023,21:55, ,abaaba07ac5d811,[MAY CONTAIN PERSONALLY IDENTIFIABLE INFORMATION], ,[MAY CONTAIN PERSONALLY IDENTIFIABLE INFORMATION], ,[MAY CONTAIN PERSONALLY IDENTIFIABLE INFORMATION], ,San Francisco, ,CA ,[MAY CONTAIN PERSONALLY IDENTIFIABLE INFORMATION], ,Street,Dry,No Unusual Conditions,25, ,Daylight,Y, , , , , , , ,,Heavy Truck,No Injuries Reported,Yes,Backing,No,No, , , , , , , ,Y, , , ,Stopped,No,No,No Passengers in Vehicle,0, , , ,Y, , , , , , , , , , ,Y, ,Y,Y, , ,No,, ,Yes,, ,, ,, ,Yes, ,"On August [XXX], 2023 at 9:54 PM PT a Waymo Autonomous Vehicle (""Waymo AV"") operating in San Francisco, California was in a collision involving a heavy truck on [XXX] at [XXX].
The Waymo AV was traveling northbound on [XXX] when it approached a heavy truck and trailer that was stopped in the adjacent lane on the left side of the street. As the Waymo began to slowly pass the truck, the truck initiated a reversing turn maneuver into a loading bay on the left side of [XXX]. The Waymo AV then came to a stop, and as the Waymo AV was initiating its own reversing maneuver to clear the path for the truck, the right side of the trailer made contact with the front driver's side corner of the Waymo AV. At the time of the impact, the Waymo AV's Level 4 ADS was engaged in autonomous mode. The Waymo AV sustained damage.
Waymo is reporting this crash under Request No. 2 of Standing General Order 2021-01. Waymo may supplement or correct its reporting with additional information as it may become available.",
30270-6344,1,Waymo LLC,Monthly,8,2023,SEP-2023,SADHW2S14M1, ,N/A,Jaguar,I-Pace, ,2021, ,71efe539834c36e,68966, ,In-Vehicle (Commercial / Test),5th Generation ADS, , ,5th Generation, , ,Version 8, , ,Transdev Alternative Services, , ,,, ,Y,Yes (specify below),"CA DMV, CA PUC",Yes,ADS,Waymo LLC, , ,Y, , , , , ,,AUG-2023, ,AUG-2023,17:48, ,1760af8f89bba3e,[MAY CONTAIN PERSONALLY IDENTIFIABLE INFORMATION], ,[MAY CONTAIN PERSONALLY IDENTIFIABLE INFORMATION], ,[MAY CONTAIN PERSONALLY IDENTIFIABLE INFORMATION], ,San Francisco, ,CA ,[MAY CONTAIN PERSONALLY IDENTIFIABLE INFORMATION], ,Street,Dry,No Unusual Conditions,25, ,Daylight,Y, , , , , , , ,,Non-Motorist: Cyclist,No Injuries Reported,Yes,Proceeding Straight,,, , , , , , , , , , , ,Stopped,No,No,No Passengers in Vehicle,0, , ,Y, , , , , , , , , , , ,Y, ,Y,Y, , ,No,, ,Yes,, ,, ,, ,Yes, ,"On August [XXX], 2023 at 5:49 PM PT the mirror of a Waymo Autonomous Vehicle (""Waymo AV"") operating in San Francisco, CA was struck by a cyclist on [XXX]. Drive at [XXX].
The Waymo AV was stopped in traffic on eastbound [XXX] Drive at the intersection with [XXX], when a cyclist that had been traveling behind the Waymo AV passed the Waymo AV on the left. As the cyclist passed the Waymo AV, the cyclist made contact with the driver side mirror of the Waymo AV. At the time of the impact, the Waymo AV's Level 4 ADS was engaged in autonomous mode, and a test driver was present (in the driver's seating position). The Waymo AV sustained damage and the cyclist did not stop, leaving the scene without exchanging information.
Waymo is reporting this crash under Request No. 2 of Standing General Order 2021-01. Waymo may supplement or correct its reporting with additional information as it may become available.",
30270-6343,1,Waymo LLC,Monthly,8,2023,SEP-2023,SADHW2S19M1, ,N/A,Jaguar,I-Pace, ,2021, ,778fffc33261129,46766, ,In-Vehicle (Commercial / Test),5th Generation ADS, , ,5th Generation, , ,Version 8, , ,Transdev Alternative Services, , ,,, ,Y,Yes (specify below),"CA DMV, CA PUC",Yes,ADS,Waymo LLC, , ,Y, , , , , ,,AUG-2023, ,AUG-2023,16:45, ,1a3b3cd2f637988,[MAY CONTAIN PERSONALLY IDENTIFIABLE INFORMATION], ,[MAY CONTAIN PERSONALLY IDENTIFIABLE INFORMATION], ,[MAY CONTAIN PERSONALLY IDENTIFIABLE INFORMATION], ,San Francisco, ,CA ,[MAY CONTAIN PERSONALLY IDENTIFIABLE INFORMATION], ,Street,Dry,No Unusual Conditions,25, ,Daylight,Y, , , , , , , ,,Passenger Car,No Injuries Reported,Yes,Proceeding Straight,No,No, , , , , ,Y, , , , , ,Stopped,No,No,No Passengers in Vehicle,0, , , , ,Y, , , , , , , , , ,Y, ,Y,Y, , ,No,, ,Yes,, ,, ,, ,Yes, ,"On August [XXX], 2023 at 4:45 PM PT a Waymo Autonomous Vehicle (""Waymo AV"") operating in San Francisco, California was in a collision involving a passenger car on [XXX] at [XXX].
The Waymo AV entered the slip lane which connects westbound [XXX] to northbound [XXX] and came to a stop to yield to cross-traffic on [XXX]. As the Waymo AV was stopped, the front of the passenger car which was traveling behind the Waymo AV made contact with the rear of the Waymo AV. At the time of the impact, the Waymo AV's Level 4 ADS was engaged in autonomous mode, and a test driver was present (in the driver's seating position). The Waymo AV sustained damage.
Waymo is reporting this crash under Request No. 2 of Standing General Order 2021-01. Waymo may supplement or correct its reporting with additional information as it may become available.",
30270-6342,1,Waymo LLC,Monthly,8,2023,SEP-2023,SADHW2S18M1, ,N/A,Jaguar,I-Pace, ,2021, ,0b5307ab029c107,50153, ,None,5th Generation ADS, , ,5th Generation, , ,Version 8, , ,, ,Y,,, ,Y,Yes (specify below),"CA DMV, CA PUC",Yes,ADS,Waymo LLC, , ,Y, , , , , ,,AUG-2023, ,AUG-2023,13:05, ,f95b4d1b403e689,[MAY CONTAIN PERSONALLY IDENTIFIABLE INFORMATION], ,[MAY CONTAIN PERSONALLY IDENTIFIABLE INFORMATION], ,[MAY CONTAIN PERSONALLY IDENTIFIABLE INFORMATION], ,San Francisco, ,CA ,[MAY CONTAIN PERSONALLY IDENTIFIABLE INFORMATION], ,Street,Dry,No Unusual Conditions,35, ,Daylight,Y, , , , , , , ,,SUV,No Injuries Reported,Yes,Changing Lanes,No,No, , , , , , , , ,Y, , ,Proceeding Straight,No,No,No Passengers in Vehicle,17, ,Y, , , , , , , , , , , , ,Y, ,Y,Y, , ,No,, ,Yes,, ,, ,, ,Yes, ,"On August [XXX], 2023 at 1:05 PM PT a Waymo Autonomous Vehicle (""Waymo AV"") operating in San Francisco, California was in a collision involving an SUV on [XXX] near [XXX].
The Waymo AV was traveling northbound on [XXX]. As the SUV was passing the Waymo AV to the left, it initiated a right lane change. The front of the SUV made contact with the rear of the Waymo AV. At the time of the impact, the Waymo AV's Level 4 ADS was engaged in autonomous mode. Both vehicles sustained damage, and the SUV left the scene without exchanging information.
Waymo is reporting this crash under Request No. 2 of Standing General Order 2021-01. Waymo may supplement or correct its reporting with additional information as it may become available.",
30270-6341,1,Waymo LLC,Monthly,8,2023,SEP-2023,SADHW2S12M1, ,N/A,Jaguar,I-Pace, ,2021, ,4695a335f999808,,Y,None,5th Generation ADS, , ,5th Generation, , ,Version 8, , ,, ,Y,,, ,Y,Yes (specify below),"CA DMV, CA PUC",Yes,ADS,Waymo LLC, ,Y,Y, , , , , ,,AUG-2023, ,AUG-2023,18:11, ,5e644a30ee794ee,[MAY CONTAIN PERSONALLY IDENTIFIABLE INFORMATION], ,[MAY CONTAIN PERSONALLY IDENTIFIABLE INFORMATION], ,[MAY CONTAIN PERSONALLY IDENTIFIABLE INFORMATION], ,San Francisco, ,CA ,[MAY CONTAIN PERSONALLY IDENTIFIABLE INFORMATION], ,Street,Dry,Traffic Incident,0, ,Daylight,Y, , , , , , , ,,"Other, see Narrative",No Injuries Reported,Yes,"Other, see Narrative",No,No, , , , , , , ,Y, , , ,Stopped,No,No,No Passengers in Vehicle,0, , , , , , , , , , , ,Y, , ,Y, ,Y,Y, , ,No,, ,Yes,, ,, ,, ,Yes, ,"On August [XXX], 2023, Waymo received notice of an allegation that a Waymo Autonomous Vehicle (""Waymo AV"")  contributed to a low-speed collision between a fire engine and an SUV on [XXX] at [XXX].
On August [XXX], 2023 at 6:11 PM PT, a Waymo AV operating in San Francisco, California was stopped at a red light in the dedicated left turn lane on the left side of northeast-bound [XXX] at the intersection with [XXX]. While the light was red, a fire engine approached the Waymo AV from behind and the Waymo AV moved forward as far as possible before entering the intersection at [XXX]. After the light turned green and as the Waymo AV was calculating a path into the intersection to clear the way, the fire engine maneuvered around the Waymo AV on the right side. During this maneuver, the right side of the fire engine appears to have made contact with the front left corner of an SUV that was stopped in the through lane to the right of the Waymo AV. The fire engine then proceeded through the intersection, and shortly afterwards, another fire engine and a fire department SUV passed on the left side the Waymo AV of the stopped Waymo AV. The Waymo AV then proceeded through the intersection.
At the time of the collision, the Waymo AV's Level 4 ADS was engaged in autonomous mode. The SUV sustained damage.
Waymo is reporting this crash under Request No. 2 of Standing General Order 2021-01. Waymo may supplement or correct its reporting with additional information as it may become available.",
30270-6340,1,Waymo LLC,Monthly,8,2023,SEP-2023,SADHW2S15M1, ,N/A,Jaguar,I-Pace, ,2021, ,a96a4dfc1ceef90,70925, ,In-Vehicle (Commercial / Test),5th Generation ADS, , ,5th Generation, , ,Version 8, , ,Transdev Alternative Services, , ,,, ,Y,Yes (specify below),"CA DMV, CA PUC",Yes,ADS,Waymo LLC, , ,Y, , , , , ,,AUG-2023, ,AUG-2023,21:01, ,3cad4d71a6699b8,[MAY CONTAIN PERSONALLY IDENTIFIABLE INFORMATION], ,[MAY CONTAIN PERSONALLY IDENTIFIABLE INFORMATION], ,[MAY CONTAIN PERSONALLY IDENTIFIABLE INFORMATION], ,San Francisco, ,CA ,[MAY CONTAIN PERSONALLY IDENTIFIABLE INFORMATION], ,Intersection,Dry,No Unusual Conditions,25, ,Dark - Lighted,Y, , , , , , , ,,Passenger Car,No Injuries Reported,Yes,Making Left Turn,No,No,Y, , , , , , , , , , ,Proceeding Straight,No,No,No Passengers in Vehicle,13, , , , , , , , , ,Y, , , , ,Y, ,Y,Y, , ,No,, ,Yes,, ,, ,, ,Yes, ,"On August [XXX], 2023 at 9:01 PM a Waymo Autonomous Vehicle (""Waymo AV"") operating in San Francisco, California was in a collision involving a passenger car on [XXX] at [XXX].
The Waymo AV was traveling southwestbound on [XXX] in the second lane from the left as it was approaching [XXX]. As the Waymo AV was proceeding straight through the intersection, the passenger car in the right adjacent lane made a left turn from a straight-only lane onto southeastbound [XXX]. The rear of the passenger car made contact with the front of the Waymo AV. At the time of the impact, the Waymo AV's Level 4 ADS was not engaged and a test driver was operating the Waymo AV in manual mode. Both the Waymo AV and the passenger car sustained damage.
Waymo is reporting this crash under Request No. 2 of Standing General Order 2021-01. Waymo may supplement or correct its reporting with additional information as it may become available.",