Report ID,Report Version,Reporting Entity,Report Type,Report Month,Report Year,Report Submission Date,VIN,VIN - Unknown,Serial Number,Make,Model,Model - Unknown,Model Year,Model Year - Unknown,Same Vehicle ID,Mileage,Mileage - Unknown,Driver / Operator Type,ADAS/ADS System Version,ADAS/ADS System Version - Unk,ADAS/ADS System Version CBI,ADAS/ADS Hardware Version,ADAS/ADS Hardware Version - Unk,ADAS/ADS Hardware Version CBI,ADAS/ADS Software Version,ADAS/ADS Software Version - Unk,ADAS/ADS Software Version CBI,Other Reporting Entities?,Other Reporting Entities? - Unk,Other Reporting Entities? - NA,Federal Regulatory Exemption?,Other Federal Reg. Exemption,Federal Reg. Exemption - Unk,Federal Reg. Exemption - No,State or Local Permit?,State or Local Permit,ADS Equipped?,Automation System Engaged?,Operating Entity,Operating Entity - Unknown,Source - Complaint/Claim,Source - Telematics,Source - Law Enforcement,Source - Field Report,Source - Testing,Source - Media,Source - Other,Source - Other Text,Incident Date,Incident Date - Unknown,Notice Received Date,Incident Time (24:00),Incident Time - Unknown,Same Incident ID,Latitude,Latitude - Unknown,Longitude,Longitude - Unknown,Address,Address - Unknown,City,City - Unknown,State,Zip Code,Zip Code - Unknown,Roadway Type,Roadway Surface,Roadway Description,Posted Speed Limit (MPH),Posted Speed Limit - Unknown,Lighting,Weather - Clear,Weather - Snow,Weather - Cloudy,Weather - Fog/Smoke,Weather - Rain,Weather - Severe Wind,Weather - Unknown,Weather - Other,Weather - Other Text,Crash With,Highest Injury Severity Alleged,Property Damage?,CP Pre-Crash Movement,CP Any Air Bags Deployed?,CP Was Vehicle Towed?,CP Contact Area - Rear Left,CP Contact Area - Left,CP Contact Area - Front Left,CP Contact Area - Rear,CP Contact Area - Top,CP Contact Area - Front,CP Contact Area - Rear Right,CP Contact Area - Right,CP Contact Area - Front Right,CP Contact Area - Bottom,CP Contact Area - Unknown,SV Pre-Crash Movement,SV Any Air Bags Deployed?,SV Was Vehicle Towed?,SV Were All Passengers Belted?,SV Precrash Speed (MPH),SV Pre-crash Speed - Unknown,SV Contact Area - Rear Left,SV Contact Area - Left,SV Contact Area - Front Left,SV Contact Area - Rear,SV Contact Area - Top,SV Contact Area - Front,SV Contact Area - Rear Right,SV Contact Area - Right,SV Contact Area - Front Right,SV Contact Area - Bottom,SV Contact Area - Unknown,Data Availability - EDR,Data Availability - Police Rpt,Data Availability - Telematics,Data Availability - Complaints,Data Availability - Video,Data Availability - Other,Data Availability - No Data,Data Availability - Unknown,Law Enforcement Investigating?,Investigating Agency,Investigating Agency - Unknown,Rep Ent Or Mfr Investigating?,Investigating Officer Name,Inv. Officer Name - Unknown,Investigating Officer Phone,Inv. Officer Phone - Unknown,Investigating Officer Email,Inv. Officer Email - Unknown,Within ODD?,Within ODD? - CBI,Narrative,Narrative - CBI?
30412-6051,1,Cruise LLC,5-Day,,,AUG-2023,5G21A6P06P4, ,N/A,Cruise,AV, ,2023, ,ab05ddf0323cbe2,3397, ,Remote (Commercial / Test),"[REDACTED, MAY CONTAIN CONFIDENTIAL BUSINESS INFORMATION]", ,Y,"[REDACTED, MAY CONTAIN CONFIDENTIAL BUSINESS INFORMATION]", ,Y,"[REDACTED, MAY CONTAIN CONFIDENTIAL BUSINESS INFORMATION]", ,Y,"General Motors, LLC", , ,,, ,Y,Yes (specify below),CA,Yes,ADS,Cruise LLC, , ,Y, ,Y, , , ,,AUG-2023, ,AUG-2023,11:03, ,6518984c44dae43,[MAY CONTAIN PERSONALLY IDENTIFIABLE INFORMATION], ,[MAY CONTAIN PERSONALLY IDENTIFIABLE INFORMATION], ,[MAY CONTAIN PERSONALLY IDENTIFIABLE INFORMATION], ,San Francisco, ,CA ,[MAY CONTAIN PERSONALLY IDENTIFIABLE INFORMATION], ,Intersection,Dry,No Unusual Conditions,25, ,Daylight,Y, , , , , , , ,,Heavy Truck,No Injuries Reported,Yes,Making Left Turn,No,No, ,Y, , , , , , , , , ,Stopped,No,Yes,No Passengers in Vehicle,0, , , , , , , , ,Y, , , ,Y, ,Y, ,Y,Y, , ,No,, ,Yes,, ,, ,, ,"[REDACTED, MAY CONTAIN CONFIDENTIAL BUSINESS INFORMATION]",Y,"A Cruise autonomous vehicle (""AV""), operating in driverless autonomous mode, was traveling southbound on [XXX] in the leftmost lane between [XXX] and [XXX]. At the same time, a double-parked semi-trailer truck in the adjacent lane to the right of the AV made a prohibited left turn across the AV's lane of travel. The AV stopped and, shortly thereafter, the semi-trailer truck made contact with the AV. This caused damage to the AV's front passenger side radar assembly. The driver of the semi-trailer truck left the scene without exchanging information. There were no reported injuries. [REDACTED, MAY CONTAIN CONFIDENTIAL BUSINESS INFORMATION]",Y
30412-6044,1,Cruise LLC,Monthly,7,2023,AUG-2023,5G21A6P00P4, ,N/A,Cruise,AV, ,2023, ,e2e92344a0e024c,13720, ,Remote (Commercial / Test),"[REDACTED, MAY CONTAIN CONFIDENTIAL BUSINESS INFORMATION]", ,Y,"[REDACTED, MAY CONTAIN CONFIDENTIAL BUSINESS INFORMATION]", ,Y,"[REDACTED, MAY CONTAIN CONFIDENTIAL BUSINESS INFORMATION]", ,Y,"General Motors, LLC", , ,,, ,Y,Yes (specify below),CA,Yes,ADS,Cruise LLC, , ,Y, ,Y, , , ,,JUL-2023, ,JUL-2023,22:41, ,11b1d6ea16682dc,[MAY CONTAIN PERSONALLY IDENTIFIABLE INFORMATION], ,[MAY CONTAIN PERSONALLY IDENTIFIABLE INFORMATION], ,[MAY CONTAIN PERSONALLY IDENTIFIABLE INFORMATION], ,San Francisco, ,CA ,[MAY CONTAIN PERSONALLY IDENTIFIABLE INFORMATION], ,Intersection,Dry,No Unusual Conditions,25, ,Dark - Lighted,Y, , , , , , , ,,Passenger Car,No Injuries Reported,Yes,Proceeding Straight,No,No, , ,Y, , , , , , , , ,Proceeding Straight,No,No,No Passengers in Vehicle,1, , , , , , , ,Y, , , , ,Y, ,Y, ,Y,Y, , ,No,, ,Yes,, ,, ,, ,"[REDACTED, MAY CONTAIN CONFIDENTIAL BUSINESS INFORMATION]",Y,"A Cruise autonomous vehicle (""AV""), operating in driverless autonomous mode, was traveling northbound on [XXX] between [XXX] and [XXX]. As the AV was yielding to oncoming traffic in preparation to make a left turn onto westbound [XXX] on a green light, a dark-colored BMW Sedan traveling behind the AV failed to stop and rear-ended the AV, damaging the rear passenger side bumper fascia and rear passenger side wheel molding of the AV. The driver of the dark-colored BMW Sedan left the scene without exchanging information. There were no reported injuries. [REDACTED, MAY CONTAIN CONFIDENTIAL BUSINESS INFORMATION]",Y
30412-6042,1,Cruise LLC,Monthly,7,2023,AUG-2023,5G21A6P09P4, ,N/A,Cruise,AV, ,2023, ,36e8ffc6b55a39c,5454, ,Remote (Commercial / Test),"[REDACTED, MAY CONTAIN CONFIDENTIAL BUSINESS INFORMATION]", ,Y,"[REDACTED, MAY CONTAIN CONFIDENTIAL BUSINESS INFORMATION]", ,Y,"[REDACTED, MAY CONTAIN CONFIDENTIAL BUSINESS INFORMATION]", ,Y,"General Motors, LLC", , ,,, ,Y,Yes (specify below),CA,Yes,ADS,Cruise LLC, , ,Y, ,Y, , , ,,JUL-2023, ,JUL-2023,16:16, ,86b4543603ad8af,[MAY CONTAIN PERSONALLY IDENTIFIABLE INFORMATION], ,[MAY CONTAIN PERSONALLY IDENTIFIABLE INFORMATION], ,[MAY CONTAIN PERSONALLY IDENTIFIABLE INFORMATION], ,San Francisco, ,CA ,[MAY CONTAIN PERSONALLY IDENTIFIABLE INFORMATION], ,Intersection,Dry,No Unusual Conditions,25, ,Daylight,Y, , , , , , , ,,Passenger Car,No Injuries Reported,Yes,Proceeding Straight,No,No, , , , , , , , ,Y, , ,Stopped,No,No,No Passengers in Vehicle,0, ,Y, , , , , , , , , , ,Y, ,Y, ,Y,Y, , ,No,, ,Yes,, ,, ,, ,"[REDACTED, MAY CONTAIN CONFIDENTIAL BUSINESS INFORMATION]",Y,"A Cruise autonomous vehicle (""AV""), operating in driverless autonomous mode, was traveling eastbound on [XXX] between [XXX] and [XXX]. As the Cruise AV was coming to a stop for a stop sign at the intersection with [XXX], a red Volkswagen Eos approaching from the rear failed to stop behind the Cruise AV and made contact with the Cruise AV's rear bumper, damaging the driver side rear bumper fascia and driver side rear wheel molding. The parties exchanged information and there were no reported injuries. [REDACTED, MAY CONTAIN CONFIDENTIAL BUSINESS INFORMATION]",Y
30412-6041,1,Cruise LLC,Monthly,7,2023,AUG-2023,5G21A6P05P4, ,N/A,Cruise,AV, ,2023, ,2cedb48a4023a1b,2753, ,Remote (Commercial / Test),"[REDACTED, MAY CONTAIN CONFIDENTIAL BUSINESS INFORMATION]", ,Y,"[REDACTED, MAY CONTAIN CONFIDENTIAL BUSINESS INFORMATION]", ,Y,"[REDACTED, MAY CONTAIN CONFIDENTIAL BUSINESS INFORMATION]", ,Y,"General Motors, LLC", , ,,, ,Y,Yes (specify below),CA,Yes,ADS,Cruise LLC, , ,Y, ,Y, , , ,,JUL-2023, ,JUL-2023,10:47, ,71e0dfa7bd9967b,[MAY CONTAIN PERSONALLY IDENTIFIABLE INFORMATION], ,[MAY CONTAIN PERSONALLY IDENTIFIABLE INFORMATION], ,[MAY CONTAIN PERSONALLY IDENTIFIABLE INFORMATION], ,San Francisco, ,CA ,[MAY CONTAIN PERSONALLY IDENTIFIABLE INFORMATION], ,Street,Dry,No Unusual Conditions,25, ,Daylight,Y, , , , , , , ,,"Other, see Narrative",No Injuries Reported,Yes,"Other, see Narrative",Not Applicable,Not Applicable, , , , , , , , , , ,Y,Backing,No,No,No Passengers in Vehicle,2, , , , , , , ,Y, , , , ,Y, ,Y, ,Y,Y, , ,No,, ,Yes,, ,, ,, ,"[REDACTED, MAY CONTAIN CONFIDENTIAL BUSINESS INFORMATION]",Y,"A Cruise autonomous vehicle (""AV""), operating in driverless autonomous mode, was traveling northbound on [XXX] between [XXX] and [XXX]. The AV came to a complete stop for a double-parked semi-trailer truck on southbound [XXX] that was partially blocking the AV's lane of travel. As the AV began to reverse, the AV made contact with a dumpster bin, damaging the AV's rear passenger side wheel molding. There were no reported injuries. [REDACTED, MAY CONTAIN CONFIDENTIAL BUSINESS INFORMATION]",Y
30412-6040,1,Cruise LLC,Monthly,7,2023,AUG-2023,5G21A6P0XP4, ,N/A,Cruise,AV, ,2023, ,09cff9e5f1f1e9f,9249, ,Remote (Commercial / Test),"[REDACTED, MAY CONTAIN CONFIDENTIAL BUSINESS INFORMATION]", ,Y,"[REDACTED, MAY CONTAIN CONFIDENTIAL BUSINESS INFORMATION]", ,Y,"[REDACTED, MAY CONTAIN CONFIDENTIAL BUSINESS INFORMATION]", ,Y,"General Motors, LLC", , ,,, ,Y,Yes (specify below),CA,Yes,ADS,Cruise LLC, , ,Y, ,Y, , , ,,JUL-2023, ,JUL-2023,00:07, ,38c4b32541f4122,[MAY CONTAIN PERSONALLY IDENTIFIABLE INFORMATION], ,[MAY CONTAIN PERSONALLY IDENTIFIABLE INFORMATION], ,[MAY CONTAIN PERSONALLY IDENTIFIABLE INFORMATION], ,San Francisco, ,CA ,[MAY CONTAIN PERSONALLY IDENTIFIABLE INFORMATION], ,Street,Dry,No Unusual Conditions,25, ,Dark - Lighted,Y, , , , , , , ,,Passenger Car,No Injuries Reported,Yes,Changing Lanes,No,No, , , , , , , , ,Y, , ,Proceeding Straight,No,No,No Passengers in Vehicle,23, , ,Y, , , , , , , , , ,Y, ,Y, ,Y,Y, , ,Yes,San Francisco Police Department, ,Yes,[MAY CONTAIN PERSONALLY IDENTIFIABLE INFORMATION], ,,Y,,Y,"[REDACTED, MAY CONTAIN CONFIDENTIAL BUSINESS INFORMATION]",Y,"A Cruise autonomous vehicle (""Cruise AV""), operating in driverless autonomous mode, was traveling northbound on [XXX] in the second rightmost lane between [XXX] and [XXX]. At the same time, a white Kia Forte traveling in the adjacent center lane veered into the Cruise AV's lane without a turn signal. Shortly thereafter, contact was made with the Cruise AV's driver side front and rear passenger door, damaging the driver side front and rear passenger door of the Cruise AV. The driver of the white Kia Forte left the scene without exchanging information. There were no reported injuries. [REDACTED, MAY CONTAIN CONFIDENTIAL BUSINESS INFORMATION]",Y
30412-6039,1,Cruise LLC,Monthly,7,2023,AUG-2023,5G21A6P03P4, ,N/A,Cruise,AV, ,2023, ,d1555c584628ca6,4336, ,Remote (Commercial / Test),"[REDACTED, MAY CONTAIN CONFIDENTIAL BUSINESS INFORMATION]", ,Y,"[REDACTED, MAY CONTAIN CONFIDENTIAL BUSINESS INFORMATION]", ,Y,"[REDACTED, MAY CONTAIN CONFIDENTIAL BUSINESS INFORMATION]", ,Y,"General Motors, LLC", , ,,, ,Y,Yes (specify below),CA,Yes,ADS,Cruise LLC, , ,Y, ,Y, , , ,,JUL-2023, ,JUL-2023,22:34, ,0c8da6d17337ae5,[MAY CONTAIN PERSONALLY IDENTIFIABLE INFORMATION], ,[MAY CONTAIN PERSONALLY IDENTIFIABLE INFORMATION], ,[MAY CONTAIN PERSONALLY IDENTIFIABLE INFORMATION], ,San Francisco, ,CA ,[MAY CONTAIN PERSONALLY IDENTIFIABLE INFORMATION], ,Street,Dry,No Unusual Conditions,25, ,Dark - Lighted,Y, , , , , , , ,,SUV,No Injuries Reported,Yes,Making Left Turn,No,No, ,Y, , , , , , , , , ,Proceeding Straight,No,No,No Passengers in Vehicle,1, , , , , , , , ,Y, , , ,Y, ,Y, ,Y,Y, , ,Yes,San Francisco Police Department, ,Yes,[MAY CONTAIN PERSONALLY IDENTIFIABLE INFORMATION], ,,Y,,Y,"[REDACTED, MAY CONTAIN CONFIDENTIAL BUSINESS INFORMATION]",Y,"A Cruise autonomous vehicle (""AV""), operating in driverless autonomous mode, was at a complete stop in response to a red light in the leftmost turn lane on westbound [XXX] at the intersection with [XXX]. As the AV was proceeding after the light turned green, a GMC Yukon in the adjacent lane made a left turn onto southbound [XXX], and shortly thereafter, made contact with the AV. This caused damage to the AV's front passenger side radar assembly. The driver of the GMC Yukon left the scene without exchanging information. There were no reported injuries. [REDACTED, MAY CONTAIN CONFIDENTIAL BUSINESS INFORMATION]",Y
30412-6038,1,Cruise LLC,Monthly,7,2023,AUG-2023,5G21A6P03P4, ,N/A,Cruise,AV, ,2023, ,6178a0ade570ced,2046, ,Remote (Commercial / Test),"[REDACTED, MAY CONTAIN CONFIDENTIAL BUSINESS INFORMATION]", ,Y,"[REDACTED, MAY CONTAIN CONFIDENTIAL BUSINESS INFORMATION]", ,Y,"[REDACTED, MAY CONTAIN CONFIDENTIAL BUSINESS INFORMATION]", ,Y,"General Motors, LLC", , ,,, ,Y,Yes (specify below),CA,Yes,ADS,Cruise LLC, , ,Y, ,Y, , , ,,JUL-2023, ,JUL-2023,20:56, ,76e9788e6cbf5dc,[MAY CONTAIN PERSONALLY IDENTIFIABLE INFORMATION], ,[MAY CONTAIN PERSONALLY IDENTIFIABLE INFORMATION], ,[MAY CONTAIN PERSONALLY IDENTIFIABLE INFORMATION], ,San Francisco, ,CA ,[MAY CONTAIN PERSONALLY IDENTIFIABLE INFORMATION], ,Street,Dry,No Unusual Conditions,25, ,Dark - Not Lighted,Y, , , , , , , ,,Heavy Truck,No Injuries Reported,Yes,Proceeding Straight,No,No, ,Y, , , , , , , , , ,Stopped,No,No,No Passengers in Vehicle,0, ,Y, , , , , , , , , , ,Y, ,Y, ,Y,Y, , ,Yes,San Francisco Police Department, ,Yes,[MAY CONTAIN PERSONALLY IDENTIFIABLE INFORMATION], ,,Y,,Y,"[REDACTED, MAY CONTAIN CONFIDENTIAL BUSINESS INFORMATION]",Y,"A Cruise autonomous vehicle (""AV""), operating in driverless autonomous mode, was traveling westbound on [XXX] between [XXX] and [XXX]. At the same time, a U-Haul box truck was traveling eastbound on [XXX] partially in the AV's lane of travel. The AV stopped due to limited space to proceed forward due to the encroaching U-Haul, and, shortly thereafter, the U-Haul made contact with the AV, damaging the AV's rear driver side bumper fascia and rear driver side wheel molding. The driver of the U-Haul left the scene without exchanging information. There were no reported injuries. [REDACTED, MAY CONTAIN CONFIDENTIAL BUSINESS INFORMATION]",Y
30412-6037,1,Cruise LLC,Monthly,7,2023,AUG-2023,5G21A6P05P4, ,N/A,Cruise,AV, ,2023, ,388f56b7b973d30,3526, ,Remote (Commercial / Test),"[REDACTED, MAY CONTAIN CONFIDENTIAL BUSINESS INFORMATION]", ,Y,"[REDACTED, MAY CONTAIN CONFIDENTIAL BUSINESS INFORMATION]", ,Y,"[REDACTED, MAY CONTAIN CONFIDENTIAL BUSINESS INFORMATION]", ,Y,"General Motors, LLC", , ,,, ,Y,Yes (specify below),CA,Yes,ADS,Cruise LLC, , ,Y, ,Y, , , ,,JUL-2023, ,JUL-2023,01:52, ,2b45b757c05a1e4,[MAY CONTAIN PERSONALLY IDENTIFIABLE INFORMATION], ,[MAY CONTAIN PERSONALLY IDENTIFIABLE INFORMATION], ,[MAY CONTAIN PERSONALLY IDENTIFIABLE INFORMATION], ,San Francisco, ,CA ,[MAY CONTAIN PERSONALLY IDENTIFIABLE INFORMATION], ,Street,Dry,No Unusual Conditions,25, ,Dark - Lighted,Y, , , , , , , ,,Passenger Car,No Injuries Reported,Yes,Parked,No,No, , , , , ,Y, , ,Y, , ,Proceeding Straight,No,No,No Passengers in Vehicle,6, , , , , , , , , ,Y, , ,Y, ,Y, ,Y,Y, , ,No,, ,Yes,, ,, ,, ,"[REDACTED, MAY CONTAIN CONFIDENTIAL BUSINESS INFORMATION]",Y,"A Cruise autonomous vehicle (""AV""), operating in driverless autonomous mode, was traveling eastbound on [XXX] between [XXX] and [XXX]. The AV made a left turn onto northbound [XXX] and, shortly after completing the turn, made contact with an unoccupied Toyota 4Runner that was parked on [XXX], damaging the front passenger side bumper fascia and front passenger side wheel molding of the AV.  The responding Cruise Representative left information for the other party and there were no reported injuries. [REDACTED, MAY CONTAIN CONFIDENTIAL BUSINESS INFORMATION]",Y
540-6036,1,"General Motors, LLC",5-Day,,,AUG-2023,5G21A6P07P4, ,N/A,Cruise,AV, ,2023, ,fd9caa334f9fbc8,8883, ,Remote (Commercial / Test),,Y, ,,Y, ,,Y, ,Cruise LLC, , ,,, ,Y,Yes (specify below),CA,Yes,ADS,Cruise LLC, , ,Y, ,Y, , , ,,AUG-2023, ,AUG-2023,09:48, ,8769ad7314aa0a5,[MAY CONTAIN PERSONALLY IDENTIFIABLE INFORMATION], ,[MAY CONTAIN PERSONALLY IDENTIFIABLE INFORMATION], ,[MAY CONTAIN PERSONALLY IDENTIFIABLE INFORMATION], ,San Francisco, ,CA ,[MAY CONTAIN PERSONALLY IDENTIFIABLE INFORMATION], ,Street,Dry,No Unusual Conditions,25, ,Daylight, , ,Y, , , , , ,,SUV,No Injuries Reported,Yes,Proceeding Straight,No,No, , , , , ,Y, , , , , ,"Other, see Narrative",No,Yes,No Passengers in Vehicle,5, , , , ,Y, , , , , , , ,Y, ,Y, ,Y,Y, , ,No,, ,Yes,, ,, ,, ,"Unknown, see Narrative", ,"On August 7, 2023, GM Cruise Holdings LLC (""Cruise"") filed an Incident Report (the ""Report"") under the Second Amended Standing General Order 2021-01, dated April 5, 2023 (the ""Order"") General Motors LLC (GM) manufactured the Cruise-operated motor vehicle involved in the incident summarized in the Incident Report. Because GM is also a Reporting Entity under the Order, GM is submitting a duplicate of the redacted public copy of the Report. GM has selected ""Unknown"" in the ""ADS version"" and ""ODD time"" fields solely to avoid a second submission of nonpublic Cruise CBI GM is in possession of Cruise's responses to these fields, and incorporates Cruise's responses into this submission by reference. GM's submission is based on facts supplied to GM by Cruise. GM has not investigated the alleged incident and currently believes, based on a reasonable inquiry, that it has no independent knowledge of the facts in the Report. (Reference file: 30412-6020-1).",
30412-6020,1,Cruise LLC,5-Day,,,AUG-2023,5G21A6P07P4, ,N/A,Cruise,AV, ,2023, ,fd9caa334f9fbc8,8883, ,Remote (Commercial / Test),"[REDACTED, MAY CONTAIN CONFIDENTIAL BUSINESS INFORMATION]", ,Y,"[REDACTED, MAY CONTAIN CONFIDENTIAL BUSINESS INFORMATION]", ,Y,"[REDACTED, MAY CONTAIN CONFIDENTIAL BUSINESS INFORMATION]", ,Y,"General Motors, LLC", , ,,, ,Y,Yes (specify below),CA,Yes,ADS,Cruise LLC, , ,Y, ,Y, , , ,,AUG-2023, ,AUG-2023,09:48, ,8769ad7314aa0a5,[MAY CONTAIN PERSONALLY IDENTIFIABLE INFORMATION], ,[MAY CONTAIN PERSONALLY IDENTIFIABLE INFORMATION], ,[MAY CONTAIN PERSONALLY IDENTIFIABLE INFORMATION], ,San Francisco, ,CA ,[MAY CONTAIN PERSONALLY IDENTIFIABLE INFORMATION], ,Street,Dry,No Unusual Conditions,25, ,Daylight, , ,Y, , , , , ,,SUV,No Injuries Reported,Yes,Proceeding Straight,No,No, , , , , ,Y, , , , , ,"Other, see Narrative",No,Yes,No Passengers in Vehicle,5, , , , ,Y, , , , , , , ,Y, ,Y, ,Y,Y, , ,No,, ,Yes,, ,, ,, ,"[REDACTED, MAY CONTAIN CONFIDENTIAL BUSINESS INFORMATION]",Y,"A Cruise autonomous vehicle (""AV""), operating in driverless autonomous mode, was traveling northbound on [XXX] between [XXX] and [XXX]. As the AV braked, a GMC Sierra traveling behind the AV rear-ended the AV, damaging the rear bumper fascia of the AV. The parties exchanged information. There were no reported injuries and the AV was towed from the scene. [REDACTED, MAY CONTAIN CONFIDENTIAL BUSINESS INFORMATION]",Y
540-6011,1,"General Motors, LLC",5-Day,,,AUG-2023,5G21A6P0XN4, ,N/A,Cruise,AV, ,2022, ,1dd7f97fc9a7470,12525, ,Remote (Commercial / Test),,Y, ,,Y, ,,Y, ,Cruise LLC, , ,,, ,Y,Yes (specify below),CA,Yes,ADS,Cruise LLC, , ,Y, ,Y, , , ,,JUL-2023, ,AUG-2023,23:51, ,8a177e450e8774c,[MAY CONTAIN PERSONALLY IDENTIFIABLE INFORMATION], ,[MAY CONTAIN PERSONALLY IDENTIFIABLE INFORMATION], ,[MAY CONTAIN PERSONALLY IDENTIFIABLE INFORMATION], ,San Francisco, ,CA ,[MAY CONTAIN PERSONALLY IDENTIFIABLE INFORMATION], ,Intersection,Dry,No Unusual Conditions,25, ,Dark - Lighted,Y, , , , , , , ,,Pickup Truck,No Injuries Reported,Yes,Proceeding Straight,No,No, , ,Y, , , , , , , , ,"Other, see Narrative",No,No,No Passengers in Vehicle,2, , , , , , , ,Y, , , , ,Y, ,Y, ,Y,Y, , ,Yes,San Francisco Police Department, ,Yes,[MAY CONTAIN PERSONALLY IDENTIFIABLE INFORMATION], ,,Y,,Y,"Unknown, see Narrative", ,"On August 2, 2023, GM Cruise Holdings LLC (""Cruise"") filed an Incident Report (the ""Report"") under the Second Amended Standing General Order 2021-01, dated April 5, 2023 (the ""Order"") General Motors LLC (GM) manufactured the Cruise-operated motor vehicle involved in the incident summarized in the Incident Report. Because GM is also a Reporting Entity under the Order, GM is submitting a duplicate of the redacted public copy of the Report. GM has selected ""Unknown"" in the ""ADS version"" and ""ODD time"" fields solely to avoid a second submission of nonpublic Cruise CBI GM is in possession of Cruise's responses to these fields, and incorporates Cruise's responses into this submission by reference. GM's submission is based on facts supplied to GM by Cruise. GM has not investigated the alleged incident and currently believes, based on a reasonable inquiry, that it has no independent knowledge of the facts in the Report. (Reference file: 30412-6006-1)",
540-5987,2,"General Motors, LLC",10-Day Update,,,AUG-2023,5G21A6P05P4, ,N/A,Cruise,AV, ,2023, ,0af0cbfd9f52fc7,9014, ,Remote (Commercial / Test),,Y, ,,Y, ,,Y, ,Cruise LLC, , ,,, ,Y,Yes (specify below),CA,Yes,ADS,Cruise LLC, , ,Y, ,Y, , , ,,JUL-2023, ,JUL-2023,06:41, ,0cc9d9a746d8ae5,[MAY CONTAIN PERSONALLY IDENTIFIABLE INFORMATION], ,[MAY CONTAIN PERSONALLY IDENTIFIABLE INFORMATION], ,[MAY CONTAIN PERSONALLY IDENTIFIABLE INFORMATION], ,San Francisco, ,CA ,[MAY CONTAIN PERSONALLY IDENTIFIABLE INFORMATION], ,Intersection,Dry,No Unusual Conditions,25, ,Daylight,Y, , , , , , , ,,Passenger Car,Unknown,Yes,Proceeding Straight,No,Yes, , ,Y, , ,Y, , , , , ,Stopped,No,No,No Passengers in Vehicle,0, , , , , , ,Y, , ,Y, , ,Y, ,Y, ,Y,Y, , ,Yes,California Highway Patrol, ,Yes,[MAY CONTAIN PERSONALLY IDENTIFIABLE INFORMATION], ,,Y,,Y,"Unknown, see Narrative", ,"On August 2, 2023, GM Cruise Holdings LLC (""Cruise"") filed a 10-Day Updated Incident Report (the ""Report"") under the Second Amended Standing General Order 2021-01, dated April 5, 2023 (the Order). General Motors LLC (GM) manufactured the Cruise-operated motor vehicle involved in the incident summarized in the Incident Report. Because GM is also a Reporting Entity under the Order, GM is submitting a duplicate of the redacted public copy of the Report. GM has selected ""Unknown"" in the ""ADS version"" and ""ODD time"" fields solely to avoid a second submission of nonpublic Cruise CBI GM is in possession of Cruise's responses to these fields, and incorporates Cruise's responses into this submission by reference. GM's submission is based on facts supplied to GM by Cruise. GM has not investigated the alleged incident and currently believes, based on a reasonable inquiry, that it has no independent knowledge of the facts in the Report. (Reference file: 30412-5982-2)",
30412-6006,1,Cruise LLC,5-Day,,,AUG-2023,5G21A6P0XN4, ,N/A,Cruise,AV, ,2022, ,1dd7f97fc9a7470,12525, ,Remote (Commercial / Test),"[REDACTED, MAY CONTAIN CONFIDENTIAL BUSINESS INFORMATION]", ,Y,"[REDACTED, MAY CONTAIN CONFIDENTIAL BUSINESS INFORMATION]", ,Y,"[REDACTED, MAY CONTAIN CONFIDENTIAL BUSINESS INFORMATION]", ,Y,"General Motors, LLC", , ,,, ,Y,Yes (specify below),CA,Yes,ADS,Cruise LLC, , ,Y, ,Y, , , ,,JUL-2023, ,JUL-2023,23:51, ,8a177e450e8774c,[MAY CONTAIN PERSONALLY IDENTIFIABLE INFORMATION], ,[MAY CONTAIN PERSONALLY IDENTIFIABLE INFORMATION], ,[MAY CONTAIN PERSONALLY IDENTIFIABLE INFORMATION], ,San Francisco, ,CA ,[MAY CONTAIN PERSONALLY IDENTIFIABLE INFORMATION], ,Intersection,Dry,No Unusual Conditions,25, ,Dark - Lighted,Y, , , , , , , ,,Pickup Truck,No Injuries Reported,Yes,Proceeding Straight,No,No, , ,Y, , , , , , , , ,"Other, see Narrative",No,Yes,No Passengers in Vehicle,2, , , , , , , ,Y, , , , ,Y, ,Y, ,Y,Y, , ,Yes,San Francisco Police Department, ,Yes,[MAY CONTAIN PERSONALLY IDENTIFIABLE INFORMATION], ,,Y,,Y,"[REDACTED, MAY CONTAIN CONFIDENTIAL BUSINESS INFORMATION]",Y,"A Cruise autonomous vehicle (""Cruise AV""), operating in driverless autonomous mode, was traveling northbound on [XXX] between [XXX] and [XXX]. As the Cruise AV was passing through the intersection with [XXX] on a green light, a bag lying on the roadway blew in front of the Cruise AV. The Cruise AV braked for the object, and a white pickup truck traveling behind the Cruise AV rear-ended the Cruise AV, damaging the rear right bumper, rear right quarter panel, and rear windshield. The driver of the white pickup truck left the scene without exchanging information. There were no reported injuries and the Cruise AV was towed. [REDACTED, MAY CONTAIN CONFIDENTIAL BUSINESS INFORMATION]",Y
30412-5982,2,Cruise LLC,10-Day Update,,,AUG-2023,5G21A6P05P4, ,N/A,Cruise,AV, ,2023, ,0af0cbfd9f52fc7,9014, ,Remote (Commercial / Test),"[REDACTED, MAY CONTAIN CONFIDENTIAL BUSINESS INFORMATION]", ,Y,"[REDACTED, MAY CONTAIN CONFIDENTIAL BUSINESS INFORMATION]", ,Y,"[REDACTED, MAY CONTAIN CONFIDENTIAL BUSINESS INFORMATION]", ,Y,"General Motors, LLC", , ,,, ,Y,Yes (specify below),CA,Yes,ADS,Cruise LLC, , ,Y, ,Y, , , ,,JUL-2023, ,JUL-2023,06:41, ,0cc9d9a746d8ae5,[MAY CONTAIN PERSONALLY IDENTIFIABLE INFORMATION], ,[MAY CONTAIN PERSONALLY IDENTIFIABLE INFORMATION], ,[MAY CONTAIN PERSONALLY IDENTIFIABLE INFORMATION], ,San Francisco, ,CA ,[MAY CONTAIN PERSONALLY IDENTIFIABLE INFORMATION], ,Intersection,Dry,No Unusual Conditions,25, ,Daylight,Y, , , , , , , ,,Passenger Car,Unknown,Yes,Proceeding Straight,No,Yes, , ,Y, , ,Y, , , , , ,Stopped,No,No,No Passengers in Vehicle,0, , , , , , ,Y, , ,Y, , ,Y, ,Y, ,Y,Y, , ,Yes,California Highway Patrol, ,Yes,[MAY CONTAIN PERSONALLY IDENTIFIABLE INFORMATION], ,,Y,,Y,"[REDACTED, MAY CONTAIN CONFIDENTIAL BUSINESS INFORMATION]",Y,"A Cruise autonomous vehicle (""Cruise AV""), operating in driverless autonomous mode, was at a complete stop in response to a red light on eastbound [XXX] at the intersection with [XXX]. While the Cruise AV was fully stopped, a multi-vehicle collision occurred on westbound [XXX] on the opposite side of the intersection from the Cruise AV. This caused one of the vehicles, a Toyota Camry, to continue forward across the intersection into the Cruise AV, damaging the front bumper fascia, front parking sensor and front surround camera of the Cruise AV. Police and Emergency Medical Services (EMS) were called to the scene. The passenger of the Toyota Camry was transported by EMS for further evaluation. Several involved vehicles were towed from the scene. [REDACTED, MAY CONTAIN CONFIDENTIAL BUSINESS INFORMATION]",Y
540-6003,1,"General Motors, LLC",5-Day,,,JUL-2023,5G21A6P03P4, ,N/A,Cruise,AV, ,2023, ,90ac4f6be799da6,4707, ,Remote (Commercial / Test),,Y, ,,Y, ,,Y, ,Cruise LLC, , ,,, ,Y,Yes (specify below),CA,Yes,ADS,Cruise LLC, , ,Y, ,Y, , , ,,JUL-2023, ,JUL-2023,14:45, ,919102c28fff2ca,[MAY CONTAIN PERSONALLY IDENTIFIABLE INFORMATION], ,[MAY CONTAIN PERSONALLY IDENTIFIABLE INFORMATION], ,[MAY CONTAIN PERSONALLY IDENTIFIABLE INFORMATION], ,San Francisco, ,CA ,[MAY CONTAIN PERSONALLY IDENTIFIABLE INFORMATION], ,Intersection,Dry,No Unusual Conditions,25, ,Daylight,Y, , , , , , , ,,SUV,No Injuries Reported,Yes,Proceeding Straight,No,No, , ,Y, , , , , , , , ,Proceeding Straight,No,Yes,No Passengers in Vehicle,10, , , , , , , , , ,Y, , ,Y, ,Y, ,Y,Y, , ,No,, ,Yes,, ,, ,, ,"Unknown, see Narrative", ,"On July 27, 2023, GM Cruise Holdings LLC (""Cruise"") filed an Incident Report (the ""Report"") under the Second Amended Standing General Order 2021-01, dated April 5, 2023 (the ""Order"") General Motors LLC (GM) manufactured the Cruise-operated motor vehicle involved in the incident summarized in the Incident Report. Because GM is also a Reporting Entity under the Order, GM is submitting a duplicate of the redacted public copy of the Report. GM has selected ""Unknown"" in the ""ADS version"" and ""ODD time"" fields solely to avoid a second submission of nonpublic Cruise CBI GM is in possession of Cruise's responses to these fields, and incorporates Cruise's responses into this submission by reference. GM's submission is based on facts supplied to GM by Cruise. GM has not investigated the alleged incident and currently believes, based on a reasonable inquiry, that it has no independent knowledge of the facts in the Report. (Reference file: 30412-5993-1).",