Report ID,Report Version,Reporting Entity,Report Type,Report Month,Report Year,Report Submission Date,VIN,VIN - Unknown,Serial Number,Make,Model,Model - Unknown,Model Year,Model Year - Unknown,Same Vehicle ID,Mileage,Mileage - Unknown,Driver / Operator Type,ADAS/ADS System Version,ADAS/ADS System Version - Unk,ADAS/ADS System Version CBI,ADAS/ADS Hardware Version,ADAS/ADS Hardware Version - Unk,ADAS/ADS Hardware Version CBI,ADAS/ADS Software Version,ADAS/ADS Software Version - Unk,ADAS/ADS Software Version CBI,Other Reporting Entities?,Other Reporting Entities? - Unk,Other Reporting Entities? - NA,Federal Regulatory Exemption?,Other Federal Reg. Exemption,Federal Reg. Exemption - Unk,Federal Reg. Exemption - No,State or Local Permit?,State or Local Permit,ADS Equipped?,Automation System Engaged?,Operating Entity,Operating Entity - Unknown,Source - Complaint/Claim,Source - Telematics,Source - Law Enforcement,Source - Field Report,Source - Testing,Source - Media,Source - Other,Source - Other Text,Incident Date,Incident Date - Unknown,Notice Received Date,Incident Time (24:00),Incident Time - Unknown,Same Incident ID,Latitude,Latitude - Unknown,Longitude,Longitude - Unknown,Address,Address - Unknown,City,City - Unknown,State,Zip Code,Zip Code - Unknown,Roadway Type,Roadway Surface,Roadway Description,Posted Speed Limit (MPH),Posted Speed Limit - Unknown,Lighting,Weather - Clear,Weather - Snow,Weather - Cloudy,Weather - Fog/Smoke,Weather - Rain,Weather - Severe Wind,Weather - Unknown,Weather - Other,Weather - Other Text,Crash With,Highest Injury Severity Alleged,Property Damage?,CP Pre-Crash Movement,CP Any Air Bags Deployed?,CP Was Vehicle Towed?,CP Contact Area - Rear Left,CP Contact Area - Left,CP Contact Area - Front Left,CP Contact Area - Rear,CP Contact Area - Top,CP Contact Area - Front,CP Contact Area - Rear Right,CP Contact Area - Right,CP Contact Area - Front Right,CP Contact Area - Bottom,CP Contact Area - Unknown,SV Pre-Crash Movement,SV Any Air Bags Deployed?,SV Was Vehicle Towed?,SV Were All Passengers Belted?,SV Precrash Speed (MPH),SV Pre-crash Speed - Unknown,SV Contact Area - Rear Left,SV Contact Area - Left,SV Contact Area - Front Left,SV Contact Area - Rear,SV Contact Area - Top,SV Contact Area - Front,SV Contact Area - Rear Right,SV Contact Area - Right,SV Contact Area - Front Right,SV Contact Area - Bottom,SV Contact Area - Unknown,Data Availability - EDR,Data Availability - Police Rpt,Data Availability - Telematics,Data Availability - Complaints,Data Availability - Video,Data Availability - Other,Data Availability - No Data,Data Availability - Unknown,Law Enforcement Investigating?,Investigating Agency,Investigating Agency - Unknown,Rep Ent Or Mfr Investigating?,Investigating Officer Name,Inv. Officer Name - Unknown,Investigating Officer Phone,Inv. Officer Phone - Unknown,Investigating Officer Email,Inv. Officer Email - Unknown,Within ODD?,Within ODD? - CBI,Narrative,Narrative - CBI?
30610-3508,2,"Zoox, Inc.",Update,,,APR-2023,5TDDCRFHXGS, ,N/A,Toyota,Highlander, ,2016, ,39dfd67295f44eb,41402, ,In-Vehicle (Commercial / Test),10.22.22.07, , ,, , ,, , ,, , ,,, , ,,,Yes,ADS,Zoox, , , , , ,Y, , ,,JUL-2022, ,JUL-2022,14:30, ,6cbdeb64bd4bc64,[MAY CONTAIN PERSONALLY IDENTIFIABLE INFORMATION], ,[MAY CONTAIN PERSONALLY IDENTIFIABLE INFORMATION], ,[MAY CONTAIN PERSONALLY IDENTIFIABLE INFORMATION], ,San Francisco, ,CA ,[MAY CONTAIN PERSONALLY IDENTIFIABLE INFORMATION], ,Intersection,Dry,No Unusual Conditions,25, ,Daylight,Y, , , , , , , ,,Passenger Car,No Injuries Reported,Yes,Making Left Turn,Unknown,Unknown, , ,Y, , , , , , , , ,Proceeding Straight,No,No,Yes,1, , , , ,Y, , , , , , , , , ,Y, ,Y, , , ,No,, ,No,, ,, ,, ,Yes, ,"A Zoox vehicle in autonomy was proceeding straight on [XXX] in San Francisco, Ca when a passenger vehicle turning left from [XXX] on to [XXX] struck the rear of the Zoox vehicle damaging the sensors. There were no injuries and the police were not called. Zoox is submitting this updated report to correct a previous reporting error in the HIGHEST INJURY SEVERITY field.",
30610-3703,3,"Zoox, Inc.",Update,,,APR-2023,5TDDCRFH2GS, ,N/A,Toyota,Highlander, ,2019, ,7791e0ea337eaf9,66457, ,In-Vehicle (Commercial / Test),30.22.23.08, , ,, , ,, , ,, , ,,, , ,,,Yes,ADS,Zoox Inc., , , , ,Y,Y, , ,,AUG-2022, ,AUG-2022,17:21, ,e5bfa5112083dd7,[MAY CONTAIN PERSONALLY IDENTIFIABLE INFORMATION], ,[MAY CONTAIN PERSONALLY IDENTIFIABLE INFORMATION], ,[MAY CONTAIN PERSONALLY IDENTIFIABLE INFORMATION], ,Menlo Park, ,CA ,[MAY CONTAIN PERSONALLY IDENTIFIABLE INFORMATION], ,Street,Dry,No Unusual Conditions,30, ,Daylight,Y, , , , , , , ,,Passenger Car,Minor,Yes,Proceeding Straight,Yes,Unknown, , ,Y, , ,Y, , , , , ,Making Left Turn,No,Yes,Yes,2, , , , ,Y, , ,Y, , , , , , ,Y, ,Y,Y, , ,Unknown,,Y,No,,Y,,Y,,Y,Yes, ,"A Zoox vehicle in autonomy had made a right turn from [XXX] onto [XXX] in Menlo Park, CA and was preparing to make an immediate, unprotected left turn onto [XXX]. The Zoox vehicle was slowing and moving at approximately 2 mph with its brake lamps and left turn indicator illuminated, yielding to an oncoming vehicle with the right of way. A following vehicle - traveling at approximately 24 mph - then struck the Zoox vehicle's right rear bumper, and that vehicle's driver airbag appeared to have deployed on impact. The Zoox operator disengaged autonomy, proceeded with the left turn, and pulled over. The following vehicle continued its path of travel, veered out of the lane, and collided with a tree on the left side of the road. The Menlo Park Police Department was called to the scene. Two Zoox operators sustained minor injuries and it is unknown if the driver of the other vehicle sustained injuries. Zoox is submitting this updated report to correct a previous reporting error in the HIGHEST INJURY SEVERITY field.",
30610-4993,2,"Zoox, Inc.",Update,,,APR-2023,5TDDCRFH8GS, ,N/A,Toyota,Highlander, ,2016, ,726e5fac588ffe8,89239, ,In-Vehicle (Commercial / Test),18.23.02.07, , ,, , ,, , ,, , ,,, , ,,,Yes,ADS,Zoox, , , , ,Y,Y, , ,,FEB-2023, ,FEB-2023,14:28, ,756c45604ba8bbd,[MAY CONTAIN PERSONALLY IDENTIFIABLE INFORMATION], ,[MAY CONTAIN PERSONALLY IDENTIFIABLE INFORMATION], ,[MAY CONTAIN PERSONALLY IDENTIFIABLE INFORMATION], ,San Francisco, ,CA ,[MAY CONTAIN PERSONALLY IDENTIFIABLE INFORMATION], ,Intersection,Dry,No Unusual Conditions,25, ,Daylight,Y, , , , , , , ,,Passenger Car,No Injuries Reported,Yes,"Other, see Narrative",No,No,Y, , , , , , , , , , ,Making Right Turn,No,No,Yes,7, , , , , , ,Y, , , , , , , ,Y, ,Y, , , ,No,, ,No,, ,, ,, ,Yes, ,A Zoox vehicle in autonomous mode was making a right turn to travel southwest onto [XXX] from [XXX] from lane 1 when Vehicle 2 crossed from lane 3 into the Zoox vehicle's lane and made contact with the Zoox vehicle's front sensors before making the right turn. Vehicle 2 did not stop before leaving the scene. No information was exchanged. There were no injuries and the police were not called. Zoox is submitting this updated report to correct a previous reporting error in the HIGHEST INJURY SEVERITY field.,
30610-4994,2,"Zoox, Inc.",Update,,,APR-2023,5TDDCRFH0GS, ,N/A,Toyota,Highlander, ,2016, ,15ece5ddb6032f8,76168, ,In-Vehicle (Commercial / Test),96.23.02.08, , ,, , ,, , ,, , ,,, , ,,,Yes,ADS,Zoox, , ,Y, ,Y, , , ,,FEB-2023, ,FEB-2023,13:27, ,c2fb3fca34e403b,[MAY CONTAIN PERSONALLY IDENTIFIABLE INFORMATION], ,[MAY CONTAIN PERSONALLY IDENTIFIABLE INFORMATION], ,[MAY CONTAIN PERSONALLY IDENTIFIABLE INFORMATION], ,San Francisco, ,CA ,[MAY CONTAIN PERSONALLY IDENTIFIABLE INFORMATION], ,Street,Dry,No Unusual Conditions,25, ,Daylight,Y, , , , , , , ,,Passenger Car,No Injuries Reported,Yes,Proceeding Straight,No,No, , , , , ,Y, , , , , ,Stopped,No,No,Yes,0, , , , ,Y, , , , , , , , , ,Y, ,Y, , , ,No,, ,No,, ,, ,, ,Yes, ,A Zoox vehicle in autonomy was stopped with brake lights illuminated in traffic southbound on [XXX] towards [XXX]. When traffic ahead began to move the Zoox vehicle was appropriately following the car ahead at low speed when it was rear ended by Vehicle #2 at low speed. The other party did not stop to exchange information and left the scene. There were no injuries and police were not called. Zoox is submitting this updated report to correct a previous reporting error in the HIGHEST INJURY SEVERITY field.,
30610-4995,2,"Zoox, Inc.",Update,,,APR-2023,5TDDCRFH0GS, ,N/A,Toyota,Highlander, ,2016, ,15ece5ddb6032f8,76298, ,In-Vehicle (Commercial / Test),96.23.02.11, , ,, , ,, , ,, , ,,, , ,,,Yes,ADS,Zoox, , , , ,Y,Y, , ,,FEB-2023, ,FEB-2023,18:06, ,f3593eb7f389b3f,[MAY CONTAIN PERSONALLY IDENTIFIABLE INFORMATION], ,[MAY CONTAIN PERSONALLY IDENTIFIABLE INFORMATION], ,[MAY CONTAIN PERSONALLY IDENTIFIABLE INFORMATION], ,San Francisco, ,CA ,[MAY CONTAIN PERSONALLY IDENTIFIABLE INFORMATION], ,Street,Dry,No Unusual Conditions,25, ,Dark - Lighted,Y, , , , , , , ,,Passenger Car,No Injuries Reported,Yes,Proceeding Straight,No,No, , , , , ,Y, , , , , ,Stopped,No,No,Yes,0, , , , ,Y, , , , , , , , , ,Y, ,Y, , , ,No,, ,No,, ,, ,, ,Yes, ,A Zoox vehicle in autonomous mode was slowing to a stop with brake lights illuminated behind traffic on northbound [XXX] near [XXX] when a vehicle behind made contact at approximately 10mph. There were no injuries and police were not called. Zoox is submitting this updated report to correct a previous reporting error in the HIGHEST INJURY SEVERITY field.,
30610-5232,2,"Zoox, Inc.",10-Day Update,,,APR-2023,5TDDGRFH7HS, ,N/A,Toyota,Highlander, ,2017, ,3a51469eb6f2491,43963, ,In-Vehicle (Commercial / Test),126.23.04.11, , ,, , ,, , ,, , ,,, , ,,,Yes,ADS,Zoox, , ,Y, ,Y, , , ,,APR-2023, ,APR-2023,11:19, ,e8e2e51ebce016a,[MAY CONTAIN PERSONALLY IDENTIFIABLE INFORMATION], ,[MAY CONTAIN PERSONALLY IDENTIFIABLE INFORMATION], ,[MAY CONTAIN PERSONALLY IDENTIFIABLE INFORMATION], ,San Francisco, ,CA ,[MAY CONTAIN PERSONALLY IDENTIFIABLE INFORMATION], ,Intersection,Dry,Work Zone,25, ,Daylight,Y, , , , , , , ,,"Other, see Narrative",No Injuries Reported,Yes,"Other, see Narrative",No,No, , , , , , , , , , ,Y,Stopped,No,No,Yes,0, , , , , , , ,Y, , , , , , ,Y, ,Y, , , ,No,, ,No,, ,, ,, ,Yes, ,"A Zoox vehicle in autonomy was proceeding northbound on [XXX] in stop-and-go traffic through an active construction zone. At the same time, an e-scooter traveling near the right curb was passing other slow traffic behind the Zoox vehicle. Before the e-scooter could also pass the Zoox vehicle on the right, the e-scooter weaved away from the curb, seemingly to avoid a drainage grate, and came within a close following distance behind the Zoox vehicle. As the Zoox vehicle came to a stop again for traffic ahead the e-scooter rider did not stop, and the e-scooter made contact with the right rear tail light of the Zoox vehicle. The e-scooter rider remained upright, did not stop to exchange information, and immediately rode off while the Zoox vehicle was still stopped. There were no injuries and police were not called. The damage to the Zoox vehicle was limited to a cracked tail light lens. This 10-Day update provides complete information for this incident.",
540-5227,2,"General Motors, LLC",10-Day Update,,,APR-2023,5G21A6P08P4, ,N/A,Cruise,AV, ,2023, ,7ac71fdeaba0467,5603, ,Remote (Commercial / Test),,Y, ,, , ,, , ,, , ,,, , ,,,Yes,ADS,Cruise LLC, , ,Y, ,Y, , , ,,APR-2023, ,APR-2023,4:45, ,e856cba9a39d8d1,[MAY CONTAIN PERSONALLY IDENTIFIABLE INFORMATION], ,[MAY CONTAIN PERSONALLY IDENTIFIABLE INFORMATION], ,[MAY CONTAIN PERSONALLY IDENTIFIABLE INFORMATION], ,San Francisco, ,CA ,[MAY CONTAIN PERSONALLY IDENTIFIABLE INFORMATION], ,Intersection,Dry,No Unusual Conditions,25, ,Dark - Lighted,Y, , , , , , , ,,Passenger Car,No Injuries Reported,Yes,Proceeding Straight,No,No, , ,Y, , ,Y, , ,Y, , ,Proceeding Straight,Yes,Yes,No Passengers in Vehicle,3, , ,Y, , , , , , , , , ,Y, ,Y, ,Y,Y, , ,Yes,San Francisco Police Department, ,Yes,[MAY CONTAIN PERSONALLY IDENTIFIABLE INFORMATION], ,,Y,,Y,"Unknown, see Narrative", ,"On April 18, 2023, GM Cruise Holdings LLC (""Cruise"") filed a 10 day update to an Incident Report (the ""Report"") under the Standing General Order 2021-01 dated June 29, 2021 (the ""Order""). General Motors LLC (GM) manufactured the Cruise-operated motor vehicle involved in the incident summarized in the Incident Report. Because GM is also a Reporting Entity under the Order, GM is submitting a duplicate of the redacted public copy of the Report. GM has selected ""Unknown"" in the ""ADS version"" and ""ODD time"" fields solely to avoid a second submission of nonpublic Cruise CBI GM is in possession of Cruise's responses to these fields, and incorporates Cruise's responses into this submission by reference. GM's submission is based on facts supplied to GM by Cruise. GM has not investigated the alleged incident and currently believes, based on a reasonable inquiry, that it has no independent knowledge of the facts in the Report. (Reference file:30412-5220-2)",
30412-5220,2,Cruise LLC,10-Day Update,,,APR-2023,5G21A6P08P4, ,N/A,Cruise,AV, ,2023, ,7ac71fdeaba0467,5603, ,Remote (Commercial / Test),"[REDACTED, MAY CONTAIN CONFIDENTIAL BUSINESS INFORMATION]", ,Y,, , ,, , ,, , ,,, , ,,,Yes,ADS,Cruise LLC, , ,Y, ,Y, , , ,,APR-2023, ,APR-2023,4:45, ,e856cba9a39d8d1,[MAY CONTAIN PERSONALLY IDENTIFIABLE INFORMATION], ,[MAY CONTAIN PERSONALLY IDENTIFIABLE INFORMATION], ,[MAY CONTAIN PERSONALLY IDENTIFIABLE INFORMATION], ,San Francisco, ,CA ,[MAY CONTAIN PERSONALLY IDENTIFIABLE INFORMATION], ,Intersection,Dry,No Unusual Conditions,25, ,Dark - Lighted,Y, , , , , , , ,,Passenger Car,No Injuries Reported,Yes,Proceeding Straight,No,No, , ,Y, , ,Y, , ,Y, , ,Proceeding Straight,Yes,Yes,No Passengers in Vehicle,3, , ,Y, , , , , , , , , ,Y, ,Y, ,Y,Y, , ,Yes,San Francisco Police Department, ,Yes,[MAY CONTAIN PERSONALLY IDENTIFIABLE INFORMATION], ,,Y,,Y,"[REDACTED, MAY CONTAIN CONFIDENTIAL BUSINESS INFORMATION]",Y,"There is an update on Crash Description related to this incident since the original submission on April 10, 2023. A Cruise autonomous vehicle (""Cruise AV""), operating in driverless autonomous mode, was traveling southbound on [XXX] between [XXX] and [XXX]. The Cruise AV entered the intersection with [XXX] on a green light. As the Cruise AV was passing through the intersection, a black Volkswagen Hatchback traveling westbound on [XXX] entered the intersection on a red light and shortly thereafter made contact with the Cruise AV, damaging the driver side doors of the Cruise AV. The driver of the Volkswagen Hatchback left the scene without exchanging information. Police were called to the scene. There were no reported injuries and the Cruise AV was towed from the scene. [REDACTED, MAY CONTAIN CONFIDENTIAL BUSINESS INFORMATION]",Y
30531-5205,2,Transdev Alternative Services,10-Day Update,,,APR-2023,SADHW2S19M1, ,N/A,Jaguar,I-Pace, ,2021, ,7c9debf78e8ce32,45624, ,In-Vehicle (Commercial / Test),5th Generation ADS, , ,, , ,, , ,, , ,,, , ,,,Yes,ADS,Waymo LLC, , ,Y, , , , , ,,APR-2023, ,APR-2023,10:46, ,90144b3b43ae60a,[MAY CONTAIN PERSONALLY IDENTIFIABLE INFORMATION], ,[MAY CONTAIN PERSONALLY IDENTIFIABLE INFORMATION], ,[MAY CONTAIN PERSONALLY IDENTIFIABLE INFORMATION], ,San Francisco, ,CA ,[MAY CONTAIN PERSONALLY IDENTIFIABLE INFORMATION], ,Intersection,Dry,No Unusual Conditions,25, ,Daylight,Y, , , , , , , ,,Passenger Car,No Injuries Reported,Yes,Changing Lanes,No,No, , ,Y, , , , , , , , ,Stopped,No,No,Yes,0, , , , , , , ,Y, , , , , , ,Y, ,Y,Y, , ,No,, ,Yes,, ,, ,, ,Yes, ,"The content of this report is unchanged from the initial report.
On April [XXX], 2023 at 10:46 AM PST a Waymo Autonomous Vehicle (""Waymo AV"") operating in San Francisco, California was in a collision involving a passenger car on [XXX] at [XXX].
The Waymo AV was traveling southbound on [XXX] in the leftmost lane as it was approaching the intersection with [XXX].  The signal for traffic proceeding south on [XXX] was green for the Waymo AV as it approached the intersection.  As the Waymo AV approached, an individual riding a motorized scooter traveling north on [XXX] proceeded to turn left onto westbound [XXX], across the paths of the Waymo AV and other oncoming vehicles.  The Waymo AV began to brake, and the Waymo AV test driver transitioned to manual mode and brought the Waymo AV to a stop.  A passenger car traveling directly behind the Waymo AV then made contact with the rear of the Waymo AV.  The individual riding the scooter was not contacted by the Waymo AV or any other vehicle.  At the time of the impact, the Waymo AV's Level 4 ADS was not engaged and a test driver was operating the Waymo AV in manual mode.  Both the Waymo AV and the passenger car sustained damage, and the individual on the motorized scooter left the scene.
Transdev Alternative Services is reporting this crash under Request No 1 of Standing General Order 2021 01 because a Vulnerable Road User was involved.  Transdev may supplement or correct its reporting with additional information as it may become available.  This is a duplicate of report ID 30531-5088-1.",
30531-5335,1,Transdev Alternative Services,Monthly,3,2023,APR-2023,SADHW2S18M1, ,N/A,Jaguar,I-Pace, ,2021, ,9f856ec3c68a0d1,38155, ,In-Vehicle (Commercial / Test),5th Generation ADS, , ,, , ,, , ,, , ,,, , ,,,Yes,ADS,Waymo LLC, , ,Y, , , , , ,,MAR-2023, ,MAR-2023,10:43, ,382e76b026b6400,[MAY CONTAIN PERSONALLY IDENTIFIABLE INFORMATION], ,[MAY CONTAIN PERSONALLY IDENTIFIABLE INFORMATION], ,[MAY CONTAIN PERSONALLY IDENTIFIABLE INFORMATION], ,Los Angeles, ,CA ,[MAY CONTAIN PERSONALLY IDENTIFIABLE INFORMATION], ,Intersection,Dry,No Unusual Conditions,35, ,Daylight, , ,Y, , , , , ,,SUV,No Injuries Reported,Yes,Proceeding Straight,No,No, , , , , ,Y, , , , , ,Stopped,No,No,Yes,0, , , , , , , ,Y, , , , , , ,Y, ,Y,Y, , ,No,, ,Yes,, ,, ,, ,Yes, ,"On March [XXX], 2023 at 10:43 AM PST a Waymo Autonomous Vehicle (""Waymo AV"") operating in Los Angeles, California was in a collision involving an SUV on [XXX] at [XXX].
The Waymo AV was stopped in the center lane of a three-lane road behind a passenger vehicle for a red light facing southwest on [XXX] at [XXX] in autonomous mode. The light turned green while cross-traffic remained backed up in the intersection.  The Waymo AV nudged forward and slowed to a stop, yielding for the blocking cross traffic. An SUV that had been stopped behind the Waymo AV proceeded forward and made contact with the rear of the Waymo AV. At the time of the impact, the Waymo AV's Level 4 ADS was engaged in autonomous mode, and a test driver was present (in the driver's seating position). The Waymo AV sustained damage.
Transdev Alternative Services is reporting this crash under Request no. 2 of Standing General Order 2021-01.  Transdev may supplement or correct its reporting with additional information as it may become available.  This is a duplicate of 30270-5325-1.",
30531-5328,2,Transdev Alternative Services,Update,3,2023,APR-2023,SADHW2S11M1, ,N/A,Jaguar,I-Pace, ,2021, ,e736a273624743b,48335, ,In-Vehicle (Commercial / Test),5th Generation ADS, , ,, , ,, , ,, , ,,, , ,,,Yes,ADS,Waymo LLC, , ,Y, , , , , ,,MAR-2023, ,MAR-2023,21:28, ,188a9149e534fe8,[MAY CONTAIN PERSONALLY IDENTIFIABLE INFORMATION], ,[MAY CONTAIN PERSONALLY IDENTIFIABLE INFORMATION], ,[MAY CONTAIN PERSONALLY IDENTIFIABLE INFORMATION], ,San Francisco, ,CA ,[MAY CONTAIN PERSONALLY IDENTIFIABLE INFORMATION], ,Intersection,Wet,No Unusual Conditions,25, ,Dark - Lighted, , , , ,Y, , , ,,Passenger Car,No Injuries Reported,Yes,Proceeding Straight,No,No, , ,Y, , ,Y, , ,Y, , ,Stopped,No,No,Yes,0, ,Y, , ,Y, , ,Y, , , , , , ,Y, ,Y,Y, , ,No,, ,Yes,, ,, ,, ,Yes, ,"On March [XXX], 2023 at 9:28 PM PST a Waymo Autonomous Vehicle (""Waymo AV"") operating in San Francisco, California was in a collision involving a passenger car on [XXX] at [XXX].
The Waymo AV was stopped in the dedicated left turn lane facing west on [XXX], awaiting a green signal to turn onto [XXX].  The signal for traffic proceeding west on [XXX] turned green, and traffic in adjacent lanes began moving.  The left turn arrow signal for the dedicated turn lane occupied by the Waymo AV remained red.  The passenger car that had been stopped directly behind the Waymo AV began moving forward.  The front of the passenger car made contact with the rear of the Waymo AV.
At the time of the impact, the Waymo AV's Level 4 ADS was engaged in autonomous mode, and a test driver was prest (in the driver's seat).
Transdev Alternative Services is reporting this crash under Request no. 2 of Standing Gneral Order 2021-01.  Transdev may supplement or correct its reporting with additional information as it may become available. This is a duplicate of 30270-5320-1.",
30531-5329,2,Transdev Alternative Services,Update,3,2023,APR-2023,SADHW2S14M1, ,N/A,Jaguar,I-Pace, ,2021, ,7ab5922ee64ed2d,36912, ,In-Vehicle (Commercial / Test),5th Generation ADS, , ,, , ,, , ,, , ,,, , ,,,Yes,ADS,Waymo LLC, , ,Y, , , , , ,,MAR-2023, ,MAR-2023,2:19, ,a9b321d03f6693c,[MAY CONTAIN PERSONALLY IDENTIFIABLE INFORMATION], ,[MAY CONTAIN PERSONALLY IDENTIFIABLE INFORMATION], ,[MAY CONTAIN PERSONALLY IDENTIFIABLE INFORMATION], ,San Bruno, ,CA ,[MAY CONTAIN PERSONALLY IDENTIFIABLE INFORMATION], ,Highway / Freeway,Dry,No Unusual Conditions,65, ,Dark - Lighted,Y, , , , , , , ,,"Other, see Narrative",No Injuries Reported,Yes,"Other, see Narrative",Not Applicable,Not Applicable, , , , , , , , , , ,Y,Proceeding Straight,No,No,Yes,64, , , , , ,Y, , , , ,Y, , , ,Y, ,Y,Y, , ,No,, ,Yes,, ,, ,, ,Yes, ,"On March [XXX], 2023 at 2:19 AM PST a Waymo Autonomous Vehicle (""Waymo AV"" ) operating in San Bruno, CA was in a collision involving road debris on [XXX] at the interchange ramp for [XXX] ([XXX]).
The Waymo AV was traveling south on [XXX] in the rightmost exit lane for [XXX] towards [XXX] when it made contact with road debris (tire scrap). At the time of the impact, the Waymo AV's Level 4 ADS was engaged in autonomous mode, and a test driver was present (in the driver's seating position). The Waymo AV sustained damage.
Transdev Alternative Services is reporting this crash under Request No. 2 of Standing General 2021-01.  Transdev may supplement or correct its reporting with additional information as it may become available. This is a duplicate of 30270-5322-1.",
30531-5330,2,Transdev Alternative Services,Update,3,2023,APR-2023,SADHW2S16M1, ,N/A,Jaguar,I-Pace, ,2021, ,a25ef0ac6ad29f4,38882, ,In-Vehicle (Commercial / Test),5th Generation ADS, , ,, , ,, , ,, , ,,, , ,,,Yes,ADS,Waymo LLC, , ,Y, , , , , ,,MAR-2023, ,MAR-2023,17:10, ,e994365318af0a9,[MAY CONTAIN PERSONALLY IDENTIFIABLE INFORMATION], ,[MAY CONTAIN PERSONALLY IDENTIFIABLE INFORMATION], ,[MAY CONTAIN PERSONALLY IDENTIFIABLE INFORMATION], ,San Francisco, ,CA ,[MAY CONTAIN PERSONALLY IDENTIFIABLE INFORMATION], ,Intersection,Dry,No Unusual Conditions,35, ,Daylight,Y, , , , , , , ,,Passenger Car,No Injuries Reported,Yes,Stopped,No,No,Y, , ,Y, , , , , , , ,Changing Lanes,No,No,Yes,8, , , , , , ,Y, , , , , , , ,Y, ,Y,Y, , ,No,, ,Yes,, ,, ,, ,Yes, ,"On March [XXX], 2023 at 5:10 PM PST a Waymo Autonomous Vehicle (""Waymo AV"") operating in San Francisco, California was in a collision involving a passenger car on [XXX] between [XXX] and [XXX].
The Waymo AV was traveling north on [XXX] in autonomous mode, merging into the rightmost lane.  As the Waymo AV merged, the test driver transitioned from autonomous mode to manual mode and began accelerating.  The front of the Waymo AV made contact with the rear of a passenger car that was stopped in the rightmost lane.  At the time of the impact, the Waymo's Level 4 ADS was not engaged and a test driver was operating the Waymo AV in manual mode.  Both the Waymo AV and the passenger car sustained damage.
Transdev Alternative Services is reporting this crash under Request no. 2 of Standing General Order 2021-01.  Transdev may supplement or correct its reporting with additional information as it may become available. This is a duplicate of 30270-5323-1.",
30531-5330,1,Transdev Alternative Services,Monthly,3,2023,APR-2023,SADHW2S16M1, ,N/A,Jaguar,I-Pace, ,2021, ,a25ef0ac6ad29f4,38882, ,In-Vehicle (Commercial / Test),5th Generation ADS, , ,, , ,, , ,, , ,,, , ,,,Yes,ADS,Waymo LLC, , ,Y, , , , , ,,MAR-2023, ,MAR-2023,17:10, ,e994365318af0a9,[MAY CONTAIN PERSONALLY IDENTIFIABLE INFORMATION], ,[MAY CONTAIN PERSONALLY IDENTIFIABLE INFORMATION], ,[MAY CONTAIN PERSONALLY IDENTIFIABLE INFORMATION], ,San Francisco, ,CA ,[MAY CONTAIN PERSONALLY IDENTIFIABLE INFORMATION], ,Intersection,Dry,No Unusual Conditions,35, ,Daylight,Y, , , , , , , ,,Passenger Car,No Injuries Reported,Yes,Stopped,No,No,Y, , ,Y, , , , , , , ,Changing Lanes,No,No,Yes,8, , , , , , ,Y, , , , , , , ,Y, ,Y,Y, , ,No,, ,Yes,, ,, ,, ,Yes, ,"On March [XXX], 2023 at 5:10 PM PST a Waymo Autonomous Vehicle (""Waymo AV"") operating in San Francisco, California was in a collision involving a passenger car on [XXX] between [XXX] and [XXX].
The Waymo AV was traveling north on [XXX] in autonomous mode, merging into the rightmost lane.  As the Waymo AV merged, the test driver transitioned from autonomous mode to manual mode and began accelerating.  The front of the Waymo AV made contact with the rear of a passenger car that was stopped in the rightmost lane.  At the time of the impact, the Waymo's Level 4 ADS was not engaged and a test driver was operating the Waymo AV in manual mode.  Both the Waymo AV and the passenger car sustained damage.
Transdev Alternative Services is reporting this crash under Request no. 2 of Standing General Order 2021-01.  Transdev may supplement or correct its reporting with additional information as it may become available.",
30531-5329,1,Transdev Alternative Services,Monthly,3,2023,APR-2023,SADHW2S14M1, ,N/A,Jaguar,I-Pace, ,2021, ,7ab5922ee64ed2d,36912, ,In-Vehicle (Commercial / Test),5th Generation ADS, , ,, , ,, , ,, , ,,, , ,,,Yes,ADS,Waymo LLC, , ,Y, , , , , ,,MAR-2023, ,MAR-2023,2:19, ,a9b321d03f6693c,[MAY CONTAIN PERSONALLY IDENTIFIABLE INFORMATION], ,[MAY CONTAIN PERSONALLY IDENTIFIABLE INFORMATION], ,[MAY CONTAIN PERSONALLY IDENTIFIABLE INFORMATION], ,San Bruno, ,CA ,[MAY CONTAIN PERSONALLY IDENTIFIABLE INFORMATION], ,Highway / Freeway,Dry,No Unusual Conditions,65, ,Dark - Lighted,Y, , , , , , , ,,"Other, see Narrative",No Injuries Reported,Yes,"Other, see Narrative",Not Applicable,Not Applicable, , , , , , , , , , ,Y,Proceeding Straight,No,No,Yes,64, , , , , ,Y, , , , ,Y, , , ,Y, ,Y,Y, , ,No,, ,Yes,, ,, ,, ,Yes, ,"On March [XXX], 2023 at 2:19 AM PST a Waymo Autonomous Vehicle (""Waymo AV"" ) operating in San Bruno, CA was in a collision involving road debris on [XXX] at the interchange ramp for [XXX] ([XXX]).
The Waymo AV was traveling south on [XXX] in the rightmost exit lane for [XXX] towards [XXX] when it made contact with road debris (tire scrap). At the time of the impact, the Waymo AV's Level 4 ADS was engaged in autonomous mode, and a test driver was present (in the driver's seating position). The Waymo AV sustained damage.
Transdev Alternative Services is reporting this crash under Request No. 2 of Standing General 2021-01.  Transdev may supplement or correct its reporting with additional information as it may become available.",