Report ID,Report Version,Reporting Entity,Report Type,Report Month,Report Year,Report Submission Date,VIN,VIN - Unknown,Serial Number,Make,Model,Model - Unknown,Model Year,Model Year - Unknown,Same Vehicle ID,Mileage,Mileage - Unknown,Driver / Operator Type,ADAS/ADS System Version,ADAS/ADS System Version - Unk,ADAS/ADS System Version CBI,ADAS/ADS Hardware Version,ADAS/ADS Hardware Version - Unk,ADAS/ADS Hardware Version CBI,ADAS/ADS Software Version,ADAS/ADS Software Version - Unk,ADAS/ADS Software Version CBI,Other Reporting Entities?,Other Reporting Entities? - Unk,Other Reporting Entities? - NA,Federal Regulatory Exemption?,Other Federal Reg. Exemption,Federal Reg. Exemption - Unk,Federal Reg. Exemption - No,State or Local Permit?,State or Local Permit,ADS Equipped?,Automation System Engaged?,Operating Entity,Operating Entity - Unknown,Source - Complaint/Claim,Source - Telematics,Source - Law Enforcement,Source - Field Report,Source - Testing,Source - Media,Source - Other,Source - Other Text,Incident Date,Incident Date - Unknown,Notice Received Date,Incident Time (24:00),Incident Time - Unknown,Same Incident ID,Latitude,Latitude - Unknown,Longitude,Longitude - Unknown,Address,Address - Unknown,City,City - Unknown,State,Zip Code,Zip Code - Unknown,Roadway Type,Roadway Surface,Roadway Description,Posted Speed Limit (MPH),Posted Speed Limit - Unknown,Lighting,Weather - Clear,Weather - Snow,Weather - Cloudy,Weather - Fog/Smoke,Weather - Rain,Weather - Severe Wind,Weather - Unknown,Weather - Other,Weather - Other Text,Crash With,Highest Injury Severity Alleged,Property Damage?,CP Pre-Crash Movement,CP Any Air Bags Deployed?,CP Was Vehicle Towed?,CP Contact Area - Rear Left,CP Contact Area - Left,CP Contact Area - Front Left,CP Contact Area - Rear,CP Contact Area - Top,CP Contact Area - Front,CP Contact Area - Rear Right,CP Contact Area - Right,CP Contact Area - Front Right,CP Contact Area - Bottom,CP Contact Area - Unknown,SV Pre-Crash Movement,SV Any Air Bags Deployed?,SV Was Vehicle Towed?,SV Were All Passengers Belted?,SV Precrash Speed (MPH),SV Pre-crash Speed - Unknown,SV Contact Area - Rear Left,SV Contact Area - Left,SV Contact Area - Front Left,SV Contact Area - Rear,SV Contact Area - Top,SV Contact Area - Front,SV Contact Area - Rear Right,SV Contact Area - Right,SV Contact Area - Front Right,SV Contact Area - Bottom,SV Contact Area - Unknown,Data Availability - EDR,Data Availability - Police Rpt,Data Availability - Telematics,Data Availability - Complaints,Data Availability - Video,Data Availability - Other,Data Availability - No Data,Data Availability - Unknown,Law Enforcement Investigating?,Investigating Agency,Investigating Agency - Unknown,Rep Ent Or Mfr Investigating?,Investigating Officer Name,Inv. Officer Name - Unknown,Investigating Officer Phone,Inv. Officer Phone - Unknown,Investigating Officer Email,Inv. Officer Email - Unknown,Within ODD?,Within ODD? - CBI,Narrative,Narrative - CBI?
30412-4829,2,Cruise LLC,10-Day Update,,,FEB-2023,5G21A6P03P4, ,N/A,Cruise,AV, ,2023, ,3b9b2aa115ee9b6,2126, ,Remote (Commercial / Test),"[REDACTED, MAY CONTAIN CONFIDENTIAL BUSINESS INFORMATION]", ,Y,, , ,, , ,, , ,,, , ,,,Yes,ADS,Cruise LLC, , ,Y, ,Y, , , ,,FEB-2023, ,FEB-2023,00:39, ,1348f20bffe6753,[MAY CONTAIN PERSONALLY IDENTIFIABLE INFORMATION], ,[MAY CONTAIN PERSONALLY IDENTIFIABLE INFORMATION], ,[MAY CONTAIN PERSONALLY IDENTIFIABLE INFORMATION], ,San Francisco, ,CA ,[MAY CONTAIN PERSONALLY IDENTIFIABLE INFORMATION], ,Intersection,Dry,No Unusual Conditions,25, ,Dark - Lighted,Y, , , , , , , ,,Van,No Injuries Reported,Yes,Changing Lanes,No,No, , , , , , , ,Y,Y, , ,Proceeding Straight,No,Yes,No Passengers in Vehicle,7, , ,Y,Y, , , , , , , , ,Y, ,Y, ,Y,Y, , ,Yes,San Francisco Police Department, ,Yes,[MAY CONTAIN PERSONALLY IDENTIFIABLE INFORMATION], ,,Y,,Y,"[REDACTED, MAY CONTAIN CONFIDENTIAL BUSINESS INFORMATION]",Y,"There are no updates related to this incident since the original submission on February 10, 2023. A Cruise autonomous vehicle (""Cruise AV""), operating in driverless autonomous mode, was traveling on southbound [XXX] towards the intersection with [XXX]. At the same time, a GMC Van was traveling in front of the Cruise AV and began to merge into the left turn lane as it entered the intersection. The Cruise AV continued to proceed straight through the intersection and began to pass the GMC Van. As the Cruise AV was beginning to pass the GMC Van in the intersection, the GMC Van initiated a prohibited right turn onto the wrong direction of [XXX] and, shortly thereafter, made contact with the Cruise AV, damaging the front left bumper, front left fender, and front left tire of the Cruise AV. The parties exchanged information. There were no injuries and the Cruise AV was towed from the incident. [REDACTED, MAY CONTAIN CONFIDENTIAL BUSINESS INFORMATION]",Y
30531-4883,1,Transdev Alternative Services,Monthly,1,2023,FEB-2023,SADHW2S15M1, ,N/A,Jaguar,I-Pace, ,2021, ,c01ea2068860b0f,22991, ,In-Vehicle (Commercial / Test),5th Generation ADS, , ,, , ,, , ,, , ,,, , ,,,Yes,ADS,Waymo LLC, , ,Y, , , , , ,,JAN-2023, ,JAN-2023,17:08, ,5bb5073dab94bae,[MAY CONTAIN PERSONALLY IDENTIFIABLE INFORMATION], ,[MAY CONTAIN PERSONALLY IDENTIFIABLE INFORMATION], ,[MAY CONTAIN PERSONALLY IDENTIFIABLE INFORMATION], ,San Francisco, ,CA ,[MAY CONTAIN PERSONALLY IDENTIFIABLE INFORMATION], ,Intersection,Dry,No Unusual Conditions,35, ,Daylight,Y, , , , , , , ,,Passenger Car,No Injuries Reported,Yes,Proceeding Straight,No,Unknown, , ,Y, , ,Y, , ,Y, , ,Proceeding Straight,No,No,Yes,34, ,Y, , , , , , , , , , , , ,Y, ,Y,Y, , ,No,, ,Yes,, ,, ,, ,Yes, ,"On January [XXX], 2023 at 5:08 PM PST a Waymo Autonomous Vehicle (""Waymo AV"") operating in San Francisco, California was in a collision involving a passenger vehicle on [XXX] at [XXX].
The Waymo AV was traveling north on [XXX] when, upon entering the intersection at [XXX], a passenger vehicle which had previously been stopped at a red light, proceeded through the red light.  The passenger vehicle approached from the left and made contact with the left rear bumper of the Waymo AV.  The other vehicle immediately left the scene of the collision.  At the time of the impact, the Waymo AV's Level 4 ADS was engaged in autonomous mode, and a test driver was present (in the driver's seating position).  Both vehicles sustained damage.
Waymo is reporting this crash under Request No. 2 of Standing General Order 2021-01.  Waymo may supplement or correct its reporting with additional information as it may become available.",
30270-4881,1,Waymo LLC,Monthly,1,2023,FEB-2023,SADHW2S15M1, ,N/A,Jaguar,I-Pace, ,2021, ,c01ea2068860b0f,22991, ,None,5th Generation ADS, , ,, , ,, , ,, , ,,, , ,,,Yes,ADS,Waymo LLC, , ,Y, , , , , ,,JAN-2023, ,JAN-2023,17:08, ,5bb5073dab94bae,[MAY CONTAIN PERSONALLY IDENTIFIABLE INFORMATION], ,[MAY CONTAIN PERSONALLY IDENTIFIABLE INFORMATION], ,[MAY CONTAIN PERSONALLY IDENTIFIABLE INFORMATION], ,San Francisco, ,CA ,[MAY CONTAIN PERSONALLY IDENTIFIABLE INFORMATION], ,Intersection,Dry,No Unusual Conditions,35, ,Daylight,Y, , , , , , , ,,Passenger Car,No Injuries Reported,Yes,Proceeding Straight,No,Unknown, , ,Y, , ,Y, , ,Y, , ,Proceeding Straight,No,No,Yes,34, ,Y, , , , , , , , , , , , ,Y, ,Y,Y, , ,No,, ,Yes,, ,, ,, ,Yes, ,"On January [XXX], 2023 at 5:08 PM PST a Waymo Autonomous Vehicle (Waymo AV) operating in San Francisco, California was in a collision involving a passenger vehicle on [XXX] at [XXX].
The Waymo AV was traveling north on [XXX] when, upon entering the intersection at [XXX], a passenger vehicle which had previously been stopped at a red light, proceeded through the red light. The passenger vehicle approached from the left and made contact with the left rear bumper of the Waymo AV. The other vehicle immediately left the scene of the collision. At the time of the impact, the Waymo AVs Level 4 ADS was engaged in autonomous mode, and a test driver was present (in the drivers seating position). Both vehicles sustained damage.
Waymo is reporting this crash under Request No. 2 of Standing General Order 2021-01. Waymo may supplement or correct its reporting with additional information as it may become available.",
540-4832,1,"General Motors, LLC",1-Day,,,FEB-2023,5G21A6P03P4, ,N/A,Cruise,AV, ,2023, ,3b9b2aa115ee9b6,2126, ,Remote (Commercial / Test),,Y, ,, , ,, , ,, , ,,, , ,,,Yes,ADS,Cruise LLC, , ,Y, ,Y, , , ,,FEB-2023, ,FEB-2023,00:39, ,1348f20bffe6753,[MAY CONTAIN PERSONALLY IDENTIFIABLE INFORMATION], ,[MAY CONTAIN PERSONALLY IDENTIFIABLE INFORMATION], ,[MAY CONTAIN PERSONALLY IDENTIFIABLE INFORMATION], ,San Francisco, ,CA ,[MAY CONTAIN PERSONALLY IDENTIFIABLE INFORMATION], ,Intersection,Dry,No Unusual Conditions,25, ,Dark - Lighted,Y, , , , , , , ,,Van,No Injuries Reported,Yes,Changing Lanes,No,No, , , , , , , ,Y,Y, , ,Proceeding Straight,No,Yes,No Passengers in Vehicle,7, , ,Y,Y, , , , , , , , ,Y, ,Y, ,Y,Y, , ,Yes,San Fransisco Police Department, ,Yes,[MAY CONTAIN PERSONALLY IDENTIFIABLE INFORMATION], ,,Y,,Y,"Unknown, see Narrative", ,"On February 10, 2023,  GM Cruise Holdings LLC (""Cruise"") filed an Incident Report (the ""Report"") under the Standing General Order 2021-01 dated June 29, 2021 (the ""Order""). General Motors LLC (GM) manufactured the Cruise-operated motor vehicle involved in the incident summarized in the Incident Report. Because GM is also a Reporting Entity under the Order, GM is submitting a duplicate of the redacted public copy of the Report. GM has selected ""Unknown"" in the ""ADS version"" and ""ODD time"" fields solely to avoid a second submission of nonpublic Cruise CBI GM is in possession of Cruise's responses to these fields, and incorporates Cruise's responses into this submission by reference. GM's submission is based on facts supplied to GM by Cruise. GM has not investigated the alleged incident and currently believes, based on a reasonable inquiry, that it has no independent knowledge of the facts in the Report. (Reference file: 30412-4829-1)",
30412-4829,1,Cruise LLC,1-Day,,,FEB-2023,5G21A6P03P4, ,N/A,Cruise,AV, ,2023, ,3b9b2aa115ee9b6,2126, ,Remote (Commercial / Test),"[REDACTED, MAY CONTAIN CONFIDENTIAL BUSINESS INFORMATION]", ,Y,, , ,, , ,, , ,,, , ,,,Yes,ADS,Cruise LLC, , ,Y, ,Y, , , ,,FEB-2023, ,FEB-2023,00:39, ,1348f20bffe6753,[MAY CONTAIN PERSONALLY IDENTIFIABLE INFORMATION], ,[MAY CONTAIN PERSONALLY IDENTIFIABLE INFORMATION], ,[MAY CONTAIN PERSONALLY IDENTIFIABLE INFORMATION], ,San Francisco, ,CA ,[MAY CONTAIN PERSONALLY IDENTIFIABLE INFORMATION], ,Intersection,Dry,No Unusual Conditions,25, ,Dark - Lighted,Y, , , , , , , ,,Van,No Injuries Reported,Yes,Changing Lanes,No,No, , , , , , , ,Y,Y, , ,Proceeding Straight,No,Yes,No Passengers in Vehicle,7, , ,Y,Y, , , , , , , , ,Y, ,Y, ,Y,Y, , ,Yes,San Francisco Police Department, ,Yes,[MAY CONTAIN PERSONALLY IDENTIFIABLE INFORMATION], ,,Y,,Y,"[REDACTED, MAY CONTAIN CONFIDENTIAL BUSINESS INFORMATION]",Y,"A Cruise autonomous vehicle (""Cruise AV""), operating in driverless autonomous mode, was traveling on southbound [XXX] towards the intersection with [XXX]. At the same time, a GMC Van was traveling in front of the Cruise AV and began to merge into the left turn lane as it entered the intersection. The Cruise AV continued to proceed straight through the intersection and began to pass the GMC Van. As the Cruise AV was beginning to pass the GMC Van in the intersection, the GMC Van initiated a prohibited right turn onto the wrong direction of [XXX] and, shortly thereafter, made contact with the Cruise AV, damaging the front left bumper, front left fender, and front left tire of the Cruise AV. The parties exchanged information. There were no injuries and the Cruise AV was towed from the incident. [REDACTED, MAY CONTAIN CONFIDENTIAL BUSINESS INFORMATION]",Y
30531-4720,2,Transdev Alternative Services,Update,12,2022,JAN-2023,SADHW2S1XM1, ,N/A,Jaguar,I-Pace, ,2021, ,ecc86902e84d762,20087, ,In-Vehicle (Commercial / Test),5th Generation, , ,, , ,, , ,, , ,,, , ,,,Yes,ADS,Waymo LLC, , ,Y, , , , , ,,DEC-2022, ,DEC-2022,12:35, ,9d43f7feeb9350e,[MAY CONTAIN PERSONALLY IDENTIFIABLE INFORMATION], ,[MAY CONTAIN PERSONALLY IDENTIFIABLE INFORMATION], ,[MAY CONTAIN PERSONALLY IDENTIFIABLE INFORMATION], ,San Francisco, ,CA ,[MAY CONTAIN PERSONALLY IDENTIFIABLE INFORMATION], ,Intersection,Dry,No Unusual Conditions,30, ,Daylight,Y, , , , , , , ,,Passenger Car,No Injuries Reported,Yes,Proceeding Straight,No,No, , , , , ,Y, , , , , ,Stopped,No,No,Yes,0, , , , ,Y, , , , , , , , , ,Y, ,Y,Y, , ,No,, ,Yes,, ,, ,, ,Yes, ,"Update: Latitude should read: [XXX] and longitude should read: [XXX]. Previous updates did not save correct numbers.
On December [XXX], 2022 at 12:35 PM PST a Waymo Autonomous Vehicle (""Waymo AV'') operating in San Francisco, California was in a collision involving a passenger vehicle on [XXX] at [XXX].The Waymo AV was stopped facing south on [XXX] for a red light in the right lane of the three-lane street while in autonomous mode. A passenger vehicle approached from behind and made contact with the rear of the Waymo AV. At the time of the impact, the Waymo AV's Level 4 ADS was engaged in autonomous mode, and a test driver was present (in the driver's seating position). The Waymo sustained damage. Transdev Alternative Services is reporting this crash under Request No. 2 of Standing General Order 2021-01. Transdev may supplement or correct its reporting with additional information as it may become available.This report is a duplicate of Waymo LLC WaymoLLC- 20221213-0 (rev.20230117152233).",
30531-4726,2,Transdev Alternative Services,Update,12,2022,JAN-2023,SADHW2S11M1, ,N/A,Jaguar,I-Pace, ,2021, ,0e6a53c810d6e3f,34517, ,In-Vehicle (Commercial / Test),5th Generation, , ,, , ,, , ,, , ,,, , ,,,Yes,ADS,Waymo LLC, , ,Y, , , , , ,,DEC-2022, ,DEC-2022,03:15, ,f055ebc4395a187,[MAY CONTAIN PERSONALLY IDENTIFIABLE INFORMATION], ,[MAY CONTAIN PERSONALLY IDENTIFIABLE INFORMATION], ,[MAY CONTAIN PERSONALLY IDENTIFIABLE INFORMATION], ,San Francisco, ,CA ,[MAY CONTAIN PERSONALLY IDENTIFIABLE INFORMATION], ,Intersection,Wet,No Unusual Conditions,30, ,Dark - Lighted, , , , ,Y, , , ,,Passenger Car,No Injuries Reported,Yes,Proceeding Straight,No,No, , , , , ,Y, , , , , ,Stopped,No,No,Yes,0, , , , ,Y, , , , , , , , , ,Y, ,Y,Y, , ,No,, ,Yes,, ,, ,, ,Yes, ,"Update: Latitude should read: [XXX] and longitude should read: [XXX]. Previous updates did not save correct numbers.
On December [XXX], 2022 at 3:15 AM PST a Waymo Autonomous Vehicle (""Waymo AV"") operating in San Francisco, California was in a collision involving a passenger vehicle on [XXX] and [XXX].The Waymo AV was stopped facing north on [XXX] for a red light in the right lane of the three-lane street while in autonomous mode. A passenger vehicle approached from behind and stopped behind the Waymo AV before eventually proceeding forward and making contact with the rear of the Waymo AV while the AV was still stopped at the red light. At the time of the impact, the Waymo AV's Level 4 ADS was engaged in autonomous mode, and a test driver was present (in the drivers seating position). The Waymo sustained damage. Transdev Alternative Services is reporting this crash under Request No. 2 of Standing General Order 2021-01. Transdev may supplement or correct its reporting with additional information as it may become available. This report is a duplicate of WaymoLLC-20221229-0 (rev.20230117153132).",
30531-4719,4,Transdev Alternative Services,Update,12,2022,JAN-2023,SADHW2S16M1, ,N/A,Jaguar,I- Pace, ,2021, ,3c6f579b1a334dc,31404, ,In-Vehicle (Commercial / Test),5th Generation, , ,, , ,, , ,, , ,,, , ,,,Yes,ADS,Waymo LLC, , ,Y, , , , , ,,DEC-2022, ,DEC-2022,16:54, ,bd4f1d59062450f,[MAY CONTAIN PERSONALLY IDENTIFIABLE INFORMATION], ,[MAY CONTAIN PERSONALLY IDENTIFIABLE INFORMATION], ,[MAY CONTAIN PERSONALLY IDENTIFIABLE INFORMATION], ,San Francisco, ,CA ,[MAY CONTAIN PERSONALLY IDENTIFIABLE INFORMATION], ,Intersection,Dry,No Unusual Conditions,25, ,Dawn / Dusk,Y, , , , , , , ,,SUV,No Injuries Reported,Yes,Changing Lanes,No,No, , , , , , ,Y,Y, , , ,Stopped,No,No,Yes,0, ,Y, , , , , , , , , , , , ,Y, ,Y,Y, , ,No,, ,Yes,, ,, ,, ,Yes, ,"Updated: LATITUDE should read: [XXX] and LONGITUDE should read: [XXX]. Previous updates did not save correct numbers latitude and longitud.
On December [XXX], 2022 at 4:54 PM PST a Waymo Autonomous Vehicle (""Waymo AV"") operating in San Francisco, California was in a collision involving an SUV on [XXX] at [XXX].The Waymo AV was stopped facing east on [XXX] behind stopped traffic in the left-most through lane in autonomous mode. An SUV approached from behind and attempted to change lanes into the left turn lane, making contact with the left rear sensor of the Waymo AV. At the time of the impact, the Waymo AV's Level 4 ADS was engaged in autonomous mode, and a test driver was present (in the driver's seating position). Both vehicles sustained damage.Transdev Alternative Services is reporting this crash under Request No. 2 of Standing General Order 2021-01. Transdev may supplement or correct its reporting with additional information as it may become available. This report is a duplicate of WaymoLLC-20221212-0 (rev.20230117152426).",
30531-4719,3,Transdev Alternative Services,Update,12,2022,JAN-2023,SADHW2S16M1, ,N/A,Jaguar,I- Pace, ,2021, ,3c6f579b1a334dc,31404, ,In-Vehicle (Commercial / Test),5th Generation, , ,, , ,, , ,, , ,,, , ,,,Yes,ADS,Waymo LLC, , ,Y, , , , , ,,DEC-2022, ,DEC-2022,16:54, ,bd4f1d59062450f,[MAY CONTAIN PERSONALLY IDENTIFIABLE INFORMATION], ,[MAY CONTAIN PERSONALLY IDENTIFIABLE INFORMATION], ,[MAY CONTAIN PERSONALLY IDENTIFIABLE INFORMATION], ,San Francisco, ,CA ,[MAY CONTAIN PERSONALLY IDENTIFIABLE INFORMATION], ,Intersection,Dry,No Unusual Conditions,25, ,Dawn / Dusk,Y, , , , , , , ,,SUV,No Injuries Reported,Yes,Changing Lanes,No,No, , , , , , ,Y,Y, , , ,Stopped,No,No,Yes,0, ,Y, , , , , , , , , , , , ,Y, ,Y,Y, , ,No,, ,Yes,, ,, ,, ,Yes, ,"Updated latitude and longitude.
On December [XXX], 2022 at 4:54 PM PST a Waymo Autonomous Vehicle (Waymo AV) operating in San Francisco, California was in a collision involving an SUV on [XXX] at [XXX].The Waymo AV was stopped facing east on [XXX] behind stopped traffic in the left-most through lane in autonomous mode. An SUV approached from behind and attempted to change lanes into the left turn lane, making contact with the left rear sensor of the Waymo AV. At the time of the impact, the Waymo AVs Level 4 ADS was engaged in autonomous mode, and a test driver was present (in the drivers seating position). Both vehicles sustained damage.Transdev Alternative Services is reporting this crash under Request No. 2 of Standing General Order 2021-01. Transdev may supplement or correct its reporting with additional information as it may become available. This report is a duplicate of WaymoLLC-20221212-0 (rev.20230117152426).",
30531-4726,1,Transdev Alternative Services,Monthly,12,2022,JAN-2023,SADHW2S11M1, ,N/A,Jaguar,I-Pace, ,2021, ,0e6a53c810d6e3f,34517, ,In-Vehicle (Commercial / Test),5th Generation, , ,, , ,, , ,, , ,,, , ,,,Yes,ADS,Waymo LLC, , ,Y, , , , , ,,DEC-2022, ,DEC-2022,03:15, ,f055ebc4395a187,[MAY CONTAIN PERSONALLY IDENTIFIABLE INFORMATION], ,[MAY CONTAIN PERSONALLY IDENTIFIABLE INFORMATION], ,[MAY CONTAIN PERSONALLY IDENTIFIABLE INFORMATION], ,San Francisco, ,CA ,[MAY CONTAIN PERSONALLY IDENTIFIABLE INFORMATION], ,Intersection,Wet,No Unusual Conditions,30, ,Dark - Lighted, , , , ,Y, , , ,,Passenger Car,No Injuries Reported,Yes,Proceeding Straight,No,No, , , , , ,Y, , , , , ,Stopped,No,No,Yes,0, , , , ,Y, , , , , , , , , ,Y, ,Y,Y, , ,No,, ,Yes,, ,, ,, ,Yes, ,"On December [XXX], 2022 at 3:15 AM PST a Waymo Autonomous Vehicle (Waymo AV) operating in San Francisco, California was in a collision involving a passenger vehicle on [XXX] and [XXX].The Waymo AV was stopped facing north on [XXX] for a red light in the right lane of the three-lane street while in autonomous mode. A passenger vehicle approached from behind and stopped behind the Waymo AV before eventually proceeding forward and making contact with the rear of the Waymo AV while the AV was still stopped at the red light. At the time of the impact, the Waymo AVs Level 4 ADS was engaged in autonomous mode, and a test driver was present (in the drivers seating position). The Waymo sustained damage. Transdev Alternative Services is reporting this crash under Request No. 2 of Standing General Order 2021-01. Transdev may supplement or correct its reporting with additional information as it may become available. This report is a duplicate of WaymoLLC-20221229-0 (rev.20230117153132).",
30531-4719,2,Transdev Alternative Services,Update,12,2022,JAN-2023,SADHW2S16M1, ,N/A,Jaguar,I- Pace, ,2021, ,3c6f579b1a334dc,31404, ,In-Vehicle (Commercial / Test),5th Generation, , ,, , ,, , ,, , ,,, , ,,,Yes,ADS,Waymo LLC, , ,Y, , , , , ,,DEC-2022, ,DEC-2022,16:54, ,bd4f1d59062450f,[MAY CONTAIN PERSONALLY IDENTIFIABLE INFORMATION], ,[MAY CONTAIN PERSONALLY IDENTIFIABLE INFORMATION], ,[MAY CONTAIN PERSONALLY IDENTIFIABLE INFORMATION], ,San Francisco, ,CA ,[MAY CONTAIN PERSONALLY IDENTIFIABLE INFORMATION], ,Intersection,Dry,No Unusual Conditions,25, ,Dawn / Dusk,Y, , , , , , , ,,SUV,No Injuries Reported,Yes,Changing Lanes,No,No, , , , , , ,Y,Y, , , ,Stopped,No,No,Yes,0, ,Y, , , , , , , , , , , , ,Y, ,Y,Y, , ,No,, ,Yes,, ,, ,, ,Yes, ,"Updated latitude and longitude.
On December [XXX], 2022 at 4:54 PM PST a Waymo Autonomous Vehicle (Waymo AV) operating in San Francisco, California was in a collision involving an SUV on [XXX] at [XXX].The Waymo AV was stopped facing east on [XXX] behind stopped traffic in the left-most through lane in autonomous mode. An SUV approached from behind and attempted to change lanes into the left turn lane, making contact with the left rear sensor of the Waymo AV. At the time of the impact, the Waymo AVs Level 4 ADS was engaged in autonomous mode, and a test driver was present (in the drivers seating position). Both vehicles sustained damage.Transdev Alternative Services is reporting this crash under Request No. 2 of Standing General Order 2021-01. Transdev may supplement or correct its reporting with additional information as it may become available. This report is a duplicate of WaymoLLC-20221212-0 (rev.20230117152426).",
30531-4720,1,Transdev Alternative Services,Monthly,12,2022,JAN-2023,SADHW2S1XM1, ,N/A,Jaguar,I-Pace, ,2021, ,ecc86902e84d762,20087, ,In-Vehicle (Commercial / Test),5th Generation, , ,, , ,, , ,, , ,,, , ,,,Yes,ADS,Waymo LLC, , ,Y, , , , , ,,DEC-2022, ,DEC-2022,12:35, ,9d43f7feeb9350e,[MAY CONTAIN PERSONALLY IDENTIFIABLE INFORMATION], ,[MAY CONTAIN PERSONALLY IDENTIFIABLE INFORMATION], ,[MAY CONTAIN PERSONALLY IDENTIFIABLE INFORMATION], ,San Francisco, ,CA ,[MAY CONTAIN PERSONALLY IDENTIFIABLE INFORMATION], ,Intersection,Dry,No Unusual Conditions,30, ,Daylight,Y, , , , , , , ,,Passenger Car,No Injuries Reported,Yes,Proceeding Straight,No,No, , , , , ,Y, , , , , ,Stopped,No,No,Yes,0, , , , ,Y, , , , , , , , , ,Y, ,Y,Y, , ,No,, ,Yes,, ,, ,, ,Yes, ,"On December [XXX], 2022 at 12:35 PM PST a Waymo Autonomous Vehicle (Waymo AV) operating in San Francisco, California was in a collision involving a passenger vehicle on [XXX] at [XXX].The Waymo AV was stopped facing south on [XXX] for a red light in the right lane of the three-lane street while in autonomous mode. A passenger vehicle approached from behind and made contact with the rear of the Waymo AV. At the time of the impact, the Waymo AVs Level 4 ADS was engaged in autonomous mode, and a test driver was present (in the drivers seating position). The Waymo sustained damage. Transdev Alternative Services is reporting this crash under Request No. 2 of Standing General Order 2021-01. Transdev may supplement or correct its reporting with additional information as it may become available.This report is a duplicate of Waymo LLC WaymoLLC- 20221213-0 (rev.20230117152233).",
30531-4719,1,Transdev Alternative Services,Monthly,12,2022,JAN-2023,SADHW2S16M1, ,N/A,Jaguar,I- Pace, ,2021, ,3c6f579b1a334dc,31404, ,In-Vehicle (Commercial / Test),5th Generation, , ,, , ,, , ,, , ,,, , ,,,Yes,ADS,Waymo LLC, , ,Y, , , , , ,,DEC-2022, ,DEC-2022,16:54, ,bd4f1d59062450f,[MAY CONTAIN PERSONALLY IDENTIFIABLE INFORMATION], ,[MAY CONTAIN PERSONALLY IDENTIFIABLE INFORMATION], ,[MAY CONTAIN PERSONALLY IDENTIFIABLE INFORMATION], ,San Francisco, ,CA ,[MAY CONTAIN PERSONALLY IDENTIFIABLE INFORMATION], ,Intersection,Dry,No Unusual Conditions,25, ,Dawn / Dusk,Y, , , , , , , ,,SUV,No Injuries Reported,Yes,Changing Lanes,No,No, , , , , , ,Y,Y, , , ,Stopped,No,No,Yes,0, ,Y, , , , , , , , , , , , ,Y, ,Y,Y, , ,No,, ,Yes,, ,, ,, ,Yes, ,"On December [XXX], 2022 at 4:54 PM PST a Waymo Autonomous Vehicle (Waymo AV) operating in San Francisco, California was in a collision involving an SUV on [XXX] at [XXX].The Waymo AV was stopped facing east on [XXX] behind stopped traffic in the left-most through lane in autonomous mode. An SUV approached from behind and attempted to change lanes into the left turn lane, making contact with the left rear sensor of the Waymo AV. At the time of the impact, the Waymo AVs Level 4 ADS was engaged in autonomous mode, and a test driver was present (in the drivers seating position). Both vehicles sustained damage.Transdev Alternative Services is reporting this crash under Request No. 2 of Standing General Order 2021-01. Transdev may supplement or correct its reporting with additional information as it may become available. This report is a duplicate of WaymoLLC-20221212-0 (rev.20230117152426).",
30270-4710,1,Waymo LLC,Monthly,12,2022,JAN-2023,SADHW2S11M1, ,N/A,Jaguar,I-Pace, ,2021, ,0e6a53c810d6e3f,34517, ,In-Vehicle (Commercial / Test),5th Generation ADS, , ,, , ,, , ,, , ,,, , ,,,Yes,ADS,Waymo LLC, , ,Y, , , , , ,,DEC-2022, ,DEC-2022,03:15, ,f055ebc4395a187,[MAY CONTAIN PERSONALLY IDENTIFIABLE INFORMATION], ,[MAY CONTAIN PERSONALLY IDENTIFIABLE INFORMATION], ,[MAY CONTAIN PERSONALLY IDENTIFIABLE INFORMATION], ,San Francisco, ,CA ,[MAY CONTAIN PERSONALLY IDENTIFIABLE INFORMATION], ,Intersection,Wet,No Unusual Conditions,30, ,Dark - Lighted, , , , ,Y, , , ,,Passenger Car,No Injuries Reported,Yes,Proceeding Straight,No,No, , , , , ,Y, , , , , ,Stopped,No,No,Yes,0, , , , ,Y, , , , , , , , , ,Y, ,Y,Y, , ,No,, ,Yes,, ,, ,, ,Yes, ,"On December [XXX], 2022 at 3:15 AM PST a Waymo Autonomous Vehicle (Waymo AV) operating in San Francisco, California was in a collision involving a passenger vehicle on [XXX] and [XXX].
The Waymo AV was stopped facing north on [XXX] for a red light in the right lane of the three-lane street while in autonomous mode. A passenger vehicle approached from behind and stopped behind the Waymo AV before eventually proceeding forward and making contact with the rear of the Waymo AV while the AV was still stopped at the red light. At the time of the impact, the Waymo AVs Level 4 ADS was engaged in autonomous mode, and a test driver was present (in the drivers seating position). The Waymo sustained damage.
Waymo is reporting this crash under Request No. 2 of Standing General Order 2021-01. Waymo may supplement or correct its reporting with additional information as it may become available.",