Report ID,Report Version,Reporting Entity,Report Type,Report Month,Report Year,Report Submission Date,VIN,VIN - Unknown,Serial Number,Make,Model,Model - Unknown,Model Year,Model Year - Unknown,Same Vehicle ID,Mileage,Mileage - Unknown,Driver / Operator Type,ADAS/ADS System Version,ADAS/ADS System Version - Unk,ADAS/ADS System Version CBI,ADAS/ADS Hardware Version,ADAS/ADS Hardware Version - Unk,ADAS/ADS Hardware Version CBI,ADAS/ADS Software Version,ADAS/ADS Software Version - Unk,ADAS/ADS Software Version CBI,Other Reporting Entities?,Other Reporting Entities? - Unk,Other Reporting Entities? - NA,Federal Regulatory Exemption?,Other Federal Reg. Exemption,Federal Reg. Exemption - Unk,Federal Reg. Exemption - No,State or Local Permit?,State or Local Permit,ADS Equipped?,Automation System Engaged?,Operating Entity,Operating Entity - Unknown,Source - Complaint/Claim,Source - Telematics,Source - Law Enforcement,Source - Field Report,Source - Testing,Source - Media,Source - Other,Source - Other Text,Incident Date,Incident Date - Unknown,Notice Received Date,Incident Time (24:00),Incident Time - Unknown,Same Incident ID,Latitude,Latitude - Unknown,Longitude,Longitude - Unknown,Address,Address - Unknown,City,City - Unknown,State,Zip Code,Zip Code - Unknown,Roadway Type,Roadway Surface,Roadway Description,Posted Speed Limit (MPH),Posted Speed Limit - Unknown,Lighting,Weather - Clear,Weather - Snow,Weather - Cloudy,Weather - Fog/Smoke,Weather - Rain,Weather - Severe Wind,Weather - Unknown,Weather - Other,Weather - Other Text,Crash With,Highest Injury Severity Alleged,Property Damage?,CP Pre-Crash Movement,CP Any Air Bags Deployed?,CP Was Vehicle Towed?,CP Contact Area - Rear Left,CP Contact Area - Left,CP Contact Area - Front Left,CP Contact Area - Rear,CP Contact Area - Top,CP Contact Area - Front,CP Contact Area - Rear Right,CP Contact Area - Right,CP Contact Area - Front Right,CP Contact Area - Bottom,CP Contact Area - Unknown,SV Pre-Crash Movement,SV Any Air Bags Deployed?,SV Was Vehicle Towed?,SV Were All Passengers Belted?,SV Precrash Speed (MPH),SV Pre-crash Speed - Unknown,SV Contact Area - Rear Left,SV Contact Area - Left,SV Contact Area - Front Left,SV Contact Area - Rear,SV Contact Area - Top,SV Contact Area - Front,SV Contact Area - Rear Right,SV Contact Area - Right,SV Contact Area - Front Right,SV Contact Area - Bottom,SV Contact Area - Unknown,Data Availability - EDR,Data Availability - Police Rpt,Data Availability - Telematics,Data Availability - Complaints,Data Availability - Video,Data Availability - Other,Data Availability - No Data,Data Availability - Unknown,Law Enforcement Investigating?,Investigating Agency,Investigating Agency - Unknown,Rep Ent Or Mfr Investigating?,Investigating Officer Name,Inv. Officer Name - Unknown,Investigating Officer Phone,Inv. Officer Phone - Unknown,Investigating Officer Email,Inv. Officer Email - Unknown,Within ODD?,Within ODD? - CBI,Narrative,Narrative - CBI?
30412-3748,2,Cruise LLC,10-Day Update,,,SEP-2022,5G21A6P07N4, ,N/A,Cruise,AV, ,2022, ,afb12fabd0488b0,8598, ,In-Vehicle and Remote (Commercial / Test),"[REDACTED, MAY CONTAIN CONFIDENTIAL BUSINESS INFORMATION]", ,Y,, , ,, , ,, , ,,, , ,,,Yes,ADS,Cruise LLC, , ,Y, ,Y,Y, , ,,SEP-2022, ,SEP-2022,18:46, ,7dc63f84ed3a0fb,[MAY CONTAIN PERSONALLY IDENTIFIABLE INFORMATION], ,[MAY CONTAIN PERSONALLY IDENTIFIABLE INFORMATION], ,[MAY CONTAIN PERSONALLY IDENTIFIABLE INFORMATION], ,San Francisco, ,CA ,[MAY CONTAIN PERSONALLY IDENTIFIABLE INFORMATION], ,Street,Dry,No Unusual Conditions,25, ,Daylight,Y, , , , , , , ,,Motorcycle,Minor,Yes,Changing Lanes,Not Applicable,No, , , , , ,Y, , , , , ,Proceeding Straight,No,No,Yes,7, , , , , , , ,Y, , , , ,Y, ,Y,Y,Y,Y, , ,No,, ,Yes,, ,, ,, ,"[REDACTED, MAY CONTAIN CONFIDENTIAL BUSINESS INFORMATION]",Y,"There are no updates related to this incident since the original submission on September [XXX], 2022. Cruise autonomous vehicle (""Cruise AV""), operating in supervised autonomous mode, was traveling westbound on [XXX] between [XXX] and [XXX]. At the same time, a motorcyclist approaching from the rear began to merge into the Cruise AV's lane behind the Cruise AV, and subsequently made contact with the Cruise AV's rear passenger side bumper, damaging the motorcycle's front fender. The driver of the motorcycle reported minor injuries and police were not called. [REDACTED, MAY CONTAIN CONFIDENTIAL BUSINESS INFORMATION]",Y
30610-3752,2,"Zoox, Inc.",10-Day Update,,,SEP-2022,5TDDCRFH1GS, ,N/A,Toyota,Highlander, ,2016, ,2bb8d67435b9951,,Y,In-Vehicle (Commercial / Test),04.22.09.01, , ,, , ,, , ,, , ,,, , ,,,Yes,ADS,Zoox, , , , ,Y,Y, , ,,SEP-2022, ,SEP-2022,11:30, ,1e802a0a2cb0266,[MAY CONTAIN PERSONALLY IDENTIFIABLE INFORMATION], ,[MAY CONTAIN PERSONALLY IDENTIFIABLE INFORMATION], ,[MAY CONTAIN PERSONALLY IDENTIFIABLE INFORMATION], ,San Francisco, ,CA ,[MAY CONTAIN PERSONALLY IDENTIFIABLE INFORMATION], ,Street,Dry,No Unusual Conditions,,Y,Daylight,Y, , , , , , , ,,Non-Motorist: Cyclist,No Injuries Reported,Yes,"Other, see Narrative",,, , , , , , , , , , , ,"Other, see Narrative",No,No,Yes,2, , , , , , , ,Y, , , , , , ,Y, ,Y, , , ,No,, ,No,, ,, ,, ,Yes, ,"A Zoox vehicle in autonomy was slowing for a right turn from [XXX] to [XXX] in San Francisco, CA with its turn indicator and brake lights illuminated, when a following bicyclist struck the rear right corner of the Zoox vehicle. The Zoox vehicle camera bracket was damaged. Police were not called and no injuries were reported. This 10-Day update provides complete information for this incident.",
30610-3719,2,"Zoox, Inc.",10-Day Update,,,SEP-2022,5TDDCRFH3GS, ,N/A,Toyota,Highlander, ,2016, ,2401d351bdc80d9,96912, ,In-Vehicle (Commercial / Test),86.22.08.25, , ,, , ,, , ,, , ,,, , ,,,Yes,ADS,Zoox Inc., , , , ,Y,Y, , ,,AUG-2022, ,AUG-2022,21:20, ,86aa35bdd11ea77,[MAY CONTAIN PERSONALLY IDENTIFIABLE INFORMATION], ,[MAY CONTAIN PERSONALLY IDENTIFIABLE INFORMATION], ,[MAY CONTAIN PERSONALLY IDENTIFIABLE INFORMATION], ,Las Vegas, ,CA ,[MAY CONTAIN PERSONALLY IDENTIFIABLE INFORMATION], ,Parking Lot,Dry,No Unusual Conditions,,Y,Dark - Lighted,Y, , , , , , , ,,Non-Motorist: Pedestrian,No Injuries Reported,Yes,"Other, see Narrative",,, , , , , , , , , , , ,Proceeding Straight,No,No,Yes,2, , , , , , , , , ,Y, , , , ,Y, ,Y, , , ,No,, ,No,, ,, ,, ,Yes, ,"A Zoox vehicle in autonomy was proceeding at approximately 2mph towards an exit of a private hotel driveway in Las Vegas, Nevada when it was struck on its right front fender by two individuals involved in an altercation who had darted out from the side of the roadway. The right front fender of the Zoox vehicle was dented. The two individuals fled the scene and Zoox is not aware of any reported injuries. We question whether this interaction meets the reporting requirements nevertheless, we are submitting this report out of an abundance of caution. This 10-Day update provides complete information for this incident.",
540-3753,1,"General Motors, LLC",1-Day,,,SEP-2022,5G21A6P07N4, ,N/A,Cruise,AV, ,2022, ,afb12fabd0488b0,8598, ,In-Vehicle (Commercial / Test),,Y, ,, , ,, , ,, , ,,, , ,,,Yes,"Unknown, see Narrative",Cruise LLC, , ,Y, ,Y,Y, , ,,SEP-2022, ,SEP-2022,18:46, ,7dc63f84ed3a0fb,[MAY CONTAIN PERSONALLY IDENTIFIABLE INFORMATION], ,[MAY CONTAIN PERSONALLY IDENTIFIABLE INFORMATION], ,[MAY CONTAIN PERSONALLY IDENTIFIABLE INFORMATION], ,San Francisco, ,CA ,[MAY CONTAIN PERSONALLY IDENTIFIABLE INFORMATION], ,Street,Dry,No Unusual Conditions,25, ,Daylight,Y, , , , , , , ,,Motorcycle,Minor,Yes,Changing Lanes,Not Applicable,No, , , , , ,Y, , , , , ,Proceeding Straight,No,No,Yes,7, , , , , , , ,Y, , , , ,Y, ,Y,Y,Y,Y, , ,No,, ,Yes,, ,, ,, ,"Unknown, see Narrative", ,"On Sept [XXX], 2022 GM Cruise Holdings LLC (""Cruise"") filed an Incident Report (the ""Report"") under the Standing General Order 2021-01 dated June 29, 2021 (the ""Order""). General Motors LLC (GM) manufactured the Cruise-operated motor vehicle involved in the incident summarized in the Incident Report. Because GM is also a Reporting Entity under the Order, GM is submitting a duplicate of the redacted public copy of the Report. GM has selected ""Unknown"" in the ""ADS version"" and ""ODD time"" fields solely to avoid a second submission of nonpublic Cruise CBI GM is in possession of Cruise's responses to these fields, and incorporates Cruise's responses into this submission by reference. GM's submission is based on facts supplied to GM by Cruise. GM has not investigated the alleged incident and currently believes, based on a reasonable inquiry, that it has no independent knowledge of the facts in the Report. (Reference file: 30412-3748-1)",
30610-3752,1,"Zoox, Inc.",1-Day,,,SEP-2022,5TDDCRFH1GS, ,N/A,Toyota,Highlander, ,2016, ,2bb8d67435b9951,,Y,In-Vehicle (Commercial / Test),04.22.09.01, , ,, , ,, , ,, , ,,, , ,,,Yes,ADS,Zoox, , , , , ,Y, , ,,SEP-2022, ,SEP-2022,11:30, ,1e802a0a2cb0266,[MAY CONTAIN PERSONALLY IDENTIFIABLE INFORMATION], ,[MAY CONTAIN PERSONALLY IDENTIFIABLE INFORMATION], ,[MAY CONTAIN PERSONALLY IDENTIFIABLE INFORMATION], ,San Francisco, ,CA ,[MAY CONTAIN PERSONALLY IDENTIFIABLE INFORMATION], ,Street,Dry,No Unusual Conditions,,Y,Daylight,Y, , , , , , , ,,Non-Motorist: Cyclist,Unknown,Unknown,"Other, see Narrative",,, , , , , , , , , , , ,"Other, see Narrative",No,No,Yes,2, , , , , , , , , , , ,Y, , ,Y, ,Y, , , ,No,, ,No,, ,, ,, ,Yes, ,"A Zoox vehicle in autonomy was slowing for a right turn from [XXX] to [XXX] in San Francisco, CA with its turn indicator and brake lights illuminated, when a following bicyclist struck the rear right corner of the Zoox vehicle. The Zoox vehicle camera bracket was damaged. Police were not called and no injuries were reported.",
30412-3748,1,Cruise LLC,1-Day,,,SEP-2022,5G21A6P07N4, ,N/A,Cruise,AV, ,2022, ,afb12fabd0488b0,8598, ,In-Vehicle and Remote (Commercial / Test),"[REDACTED, MAY CONTAIN CONFIDENTIAL BUSINESS INFORMATION]", ,Y,, , ,, , ,, , ,,, , ,,,Yes,ADS,Cruise LLC, , ,Y, ,Y,Y, , ,,SEP-2022, ,SEP-2022,18:46, ,7dc63f84ed3a0fb,[MAY CONTAIN PERSONALLY IDENTIFIABLE INFORMATION], ,[MAY CONTAIN PERSONALLY IDENTIFIABLE INFORMATION], ,[MAY CONTAIN PERSONALLY IDENTIFIABLE INFORMATION], ,San Francisco, ,CA ,[MAY CONTAIN PERSONALLY IDENTIFIABLE INFORMATION], ,Street,Dry,No Unusual Conditions,25, ,Daylight,Y, , , , , , , ,,Motorcycle,Minor,Yes,Changing Lanes,Not Applicable,No, , , , , ,Y, , , , , ,Proceeding Straight,No,No,Yes,7, , , , , , , ,Y, , , , ,Y, ,Y,Y,Y,Y, , ,No,, ,Yes,, ,, ,, ,"[REDACTED, MAY CONTAIN CONFIDENTIAL BUSINESS INFORMATION]",Y,"A Cruise autonomous vehicle (""Cruise AV""), operating in supervised autonomous mode, was traveling westbound on [XXX] between [XXX] and [XXX]. At the same time, a motorcyclist approaching from the rear began to merge into the Cruise AV's lane behind the Cruise AV, and subsequently made contact with the Cruise AV's rear passenger side bumper, damaging the motorcycle's front fender. The driver of the motorcycle reported minor injuries and police were not called. [REDACTED, MAY CONTAIN CONFIDENTIAL BUSINESS INFORMATION]",Y
30610-3703,2,"Zoox, Inc.",10-Day Update,,,SEP-2022,5TDDCRFH2GS, ,N/A,Toyota,Highlander, ,2019, ,7791e0ea337eaf9,66457, ,In-Vehicle (Commercial / Test),30.22.23.08, , ,, , ,, , ,, , ,,, , ,,,Yes,ADS,Zoox Inc., , , , ,Y,Y, , ,,AUG-2022, ,AUG-2022,17:21, ,e5bfa5112083dd7,[MAY CONTAIN PERSONALLY IDENTIFIABLE INFORMATION], ,[MAY CONTAIN PERSONALLY IDENTIFIABLE INFORMATION], ,[MAY CONTAIN PERSONALLY IDENTIFIABLE INFORMATION], ,Menlo Park, ,CA ,[MAY CONTAIN PERSONALLY IDENTIFIABLE INFORMATION], ,Street,Dry,No Unusual Conditions,30, ,Daylight,Y, , , , , , , ,,Passenger Car,Unknown,Yes,Proceeding Straight,Yes,Unknown, , ,Y, , ,Y, , , , , ,Making Left Turn,No,Yes,Yes,2, , , , ,Y, , ,Y, , , , , , ,Y, ,Y,Y, , ,Unknown,,Y,No,,Y,,Y,,Y,Yes, ,"A Zoox vehicle in autonomy had made a right turn from [XXX]. onto [XXX]. in Menlo Park, CA and was preparing to make an immediate, unprotected left turn onto [XXX]. The Zoox vehicle was slowing and moving at approximately 2 mph with its brake lamps and left turn indicator illuminated, yielding to an oncoming vehicle with the right of way. A following vehicle - traveling at approximately 24 mph - then struck the Zoox vehicle's right rear bumper, and that vehicle's driver airbag appeared to have deployed on impact. The Zoox operator disengaged autonomy, proceeded with the left turn, and pulled over. The following vehicle continued its path of travel, veered out of the lane, and collided with a tree on the left side of the road. The Menlo Park Police Department was called to the scene. Two Zoox operators sustained minor injuries and it is unknown if the driver of the other vehicle sustained injuries.",
30610-3719,1,"Zoox, Inc.",1-Day,,,AUG-2022,5TDDCRFH3GS, ,N/A,Toyota,Highlander, ,2016, ,2401d351bdc80d9,96912, ,In-Vehicle (Commercial / Test),86.22.08.25, , ,, , ,, , ,, , ,,, , ,,,Yes,ADS,Zoox Inc., , ,Y, ,Y,Y, , ,,AUG-2022, ,AUG-2022,21:20, ,86aa35bdd11ea77,[MAY CONTAIN PERSONALLY IDENTIFIABLE INFORMATION], ,[MAY CONTAIN PERSONALLY IDENTIFIABLE INFORMATION], ,[MAY CONTAIN PERSONALLY IDENTIFIABLE INFORMATION], ,Las Vegas, ,CA ,[MAY CONTAIN PERSONALLY IDENTIFIABLE INFORMATION], ,Parking Lot,Dry,No Unusual Conditions,,Y,Dark - Lighted,Y, , , , , , , ,,Non-Motorist: Pedestrian,No Injuries Reported,Yes,"Other, see Narrative",,, , , , , , , , , , , ,Proceeding Straight,No,No,Yes,,Y, , , , , , , , ,Y, , , , ,Y, ,Y, , , ,No,, ,No,, ,, ,, ,Yes, ,"A Zoox vehicle in autonomy was proceeding at approximately 2mph towards an exit of a private hotel driveway in Las Vegas, Nevada when it was struck on its right front fender by two individuals involved in an altercation who had darted out from the side of the roadway. The right front fender of the Zoox vehicle was dented. The two individuals fled the scene and Zoox is not aware of any reported injuries. We question whether this interaction meets the reporting requirements nevertheless, we are submitting this report out of an abundance of caution.",
30531-3626,2,Transdev Alternative Services,10-Day Update,,,AUG-2022,SADHW2S10M1, ,N/A,Jaguar,I-Pace, ,2021, ,3d7a03e316ec104,33977, ,In-Vehicle (Commercial / Test),5th Generation ADS, , ,, , ,, , ,, , ,,, , ,,,Yes,ADS,Waymo LLC, , ,Y, , , , , ,,AUG-2022, ,AUG-2022,3:09, ,9be5431de5dfbd1,[MAY CONTAIN PERSONALLY IDENTIFIABLE INFORMATION], ,[MAY CONTAIN PERSONALLY IDENTIFIABLE INFORMATION], ,[MAY CONTAIN PERSONALLY IDENTIFIABLE INFORMATION], ,San Francisco, ,CA ,[MAY CONTAIN PERSONALLY IDENTIFIABLE INFORMATION], ,Intersection,Dry,No Unusual Conditions,25, ,Dark - Lighted,Y, , , , , , , ,,SUV,No Injuries Reported,Yes,Proceeding Straight,No,Unknown, , ,Y, , ,Y, , ,Y, , ,Proceeding Straight,No,Yes,Yes,1, ,Y, , ,Y, , ,Y, , , , , , ,Y, ,Y,Y, , ,No,, ,Yes,, ,, ,, ,Yes, ,"The content of this report is unchanged from the initial report submitted (30531-3626-1)
On August [XXX] 2022 at 3:09 AM PST a Waymo Autonomous Vehicle (""Waymo AV"") operating in San Francisco, CA was in a collision involving an SUV on [XXX] at [XXX].
The Waymo AV was traveling eastbound on [XXX] in autonomous mode when it slowed for a stop sign on [XXX].  As the Waymo AV slowed to almost.a complete stop, an SUV made contact with the rear of the Waymo AV.  At the time of the impact, the Waymo AV's level 4 ADS was engaged in autonomous mode, and a test driver was present (in the driver's seating position).  Both vehicles sustained damage.
Transdev Alternative Services is reporting this crash under Request No. 1 of Standing General Order 2021-01 because a vehicle involved was towed away.  Transdev may supplement or correct its reporting with additional information as it may become available.  This report is a duplicate of report ID WaymoLLC-202208[XXX] (rev.202208[XXX]).",
30610-3703,1,"Zoox, Inc.",1-Day,,,AUG-2022,5TDDCRFH2GS, ,N/A,Toyota,Highlander, ,2019, ,7791e0ea337eaf9,66457, ,In-Vehicle (Commercial / Test),30.22.23.08, , ,, , ,, , ,, , ,,, , ,,,Yes,ADS,Zoox Inc., , , , ,Y,Y, , ,,AUG-2022, ,AUG-2022,17:21, ,e5bfa5112083dd7,[MAY CONTAIN PERSONALLY IDENTIFIABLE INFORMATION], ,[MAY CONTAIN PERSONALLY IDENTIFIABLE INFORMATION], ,[MAY CONTAIN PERSONALLY IDENTIFIABLE INFORMATION], ,Menlo Park, ,CA ,[MAY CONTAIN PERSONALLY IDENTIFIABLE INFORMATION], ,Street,Dry,Unknown,,Y,Daylight,Y, , , , , , , ,,Passenger Car,Unknown,Yes,Proceeding Straight,Unknown,Unknown, , ,Y, , ,Y, , , , , ,Proceeding Straight,Unknown,Yes,Yes,2, , , , ,Y, , ,Y, , , , , , , , , , , ,Y,Unknown,,Y,Unknown,,Y,,Y,,Y,Yes, ,"A Zoox vehicle in autonomy had made a right turn from [XXX] onto [XXX] in Menlo Park, CA and was preparing to make an immediate, unprotected left turn onto [XXX]. The Zoox vehicle was slowing and moving at approximately 2 mph with its brake lamps and left turn indicator illuminated, yielding to an oncoming vehicle with the right of way. A following vehicle - traveling at approximately 24 mph - then struck the Zoox vehicle's right rear bumper, and that vehicle's driver airbag appeared to have deployed on impact. The Zoox operator disengaged autonomy, proceeded with the left turn, and pulled over. The following vehicle continued its path of travel, veered out of the lane, and collided with a tree on the left side of the road. The Menlo Park Police Department was called to the scene. Two Zoox operators sustained minor injuries and it is unknown if the driver of the other vehicle sustained injuries.",
30270-3595,2,Waymo LLC,10-Day Update,,,AUG-2022,SADHW2S10M1, ,N/A,Jaguar,I-Pace, ,2021, ,3d7a03e316ec104,33977, ,In-Vehicle (Commercial / Test),5th Generation ADS, , ,, , ,, , ,, , ,,, , ,,,Yes,ADS,Waymo LLC, , ,Y, , , , , ,,AUG-2022, ,AUG-2022,03:09, ,9be5431de5dfbd1,[MAY CONTAIN PERSONALLY IDENTIFIABLE INFORMATION], ,[MAY CONTAIN PERSONALLY IDENTIFIABLE INFORMATION], ,[MAY CONTAIN PERSONALLY IDENTIFIABLE INFORMATION], ,San Francisco, ,CA ,[MAY CONTAIN PERSONALLY IDENTIFIABLE INFORMATION], ,Intersection,Dry,No Unusual Conditions,25, ,Dark - Lighted,Y, , , , , , , ,,SUV,No Injuries Reported,Yes,Proceeding Straight,No,Unknown, , ,Y, , ,Y, , ,Y, , ,Proceeding Straight,No,Yes,Yes,1, ,Y, , ,Y, , ,Y, , , , , , ,Y, ,Y,Y, , ,No,, ,Yes,, ,, ,, ,Yes, ,"The content of this report is unchanged from the initial report submitted on August [XXX], 2022 [REDACTED, MAY CONTAIN CONFIDENTIAL BUSINESS INFORMATION]. 
On August [XXX], 2022 at 03:09 AM PST a Waymo Autonomous Vehicle (Waymo AV) operating in San Francisco, CA was in a collision involving an SUV on [XXX] at [XXX] 
The Waymo AV was traveling eastbound on [XXX] in autonomous mode when it slowed for a stop sign on [XXX]. As the Waymo AV slowed to almost a complete stop, an SUV made contact with the rear of the Waymo AV. At the time of the impact, the Waymo AVs Level 4 ADS was engaged in autonomous mode, and a test driver was present (in the drivers seating position). Both vehicles sustained damage.
Waymo is reporting this crash under Request No. 1 of Standing General Order 2021-01 because a vehicle involved was towed away. Waymo may supplement or correct its reporting with additional information as it may become available. This report was submitted from the Eastern time zone on the required date.",
30531-3665,1,Transdev Alternative Services,Monthly,7,2022,AUG-2022,SADHW2S1XM1, ,N/A,Jaguar,I-Pace, ,2021, ,8110795f6daf529,21943, ,In-Vehicle (Commercial / Test),5th Generation ADS, , ,, , ,, , ,, , ,,, , ,,,Yes,ADS,Waymo LLC, , ,Y, , , , , ,,JUL-2022, ,JUL-2022,10:08, ,f9f2c224be8a261,[MAY CONTAIN PERSONALLY IDENTIFIABLE INFORMATION], ,[MAY CONTAIN PERSONALLY IDENTIFIABLE INFORMATION], ,[MAY CONTAIN PERSONALLY IDENTIFIABLE INFORMATION], ,San Francisco, ,CA ,[MAY CONTAIN PERSONALLY IDENTIFIABLE INFORMATION], ,Parking Lot,Dry,No Unusual Conditions,15, ,Daylight, , , , , , ,Y, ,,Van,No Injuries Reported,Yes,Making Left Turn,No,No,Y, , , , , , , , , , ,Stopped,No,No,Yes,0, ,Y, , , , , , , , , , , , ,Y, ,Y,Y, , ,No,, ,Yes,, ,, ,, ,Yes, ,"On July [XXX], 2022 at 10:08 AM PST a Waymo Autonomous Vehicle (Waymo AV) operating in San Francisco, California was in a collision involving a van in a parking lot near [XXX] at [XXX]t.
The Waymo AV came to a stop while yielding for an oncoming van in a narrow passageway in a parking lot.  While attempting to pass the Waymo AV, the van made contact with the sensor housing on the left rear of the Waymo AV.  At the time of the impact, the Waymo AV's Level 4 ADS was stationary and engaged in autonomous mode, and a test driver was present (in the driver's seating position).  Both vehicles sustained minor damage.
Transdev Alternative Services is reporting this crash under Request No. 2 of Standing General Order 2021-01.  Transdev may supplement or correct its reporting with additional information as it may become available.  This report is a duplicate of 30270-3625-1.",
30531-3664,1,Transdev Alternative Services,Monthly,7,2022,AUG-2022,SADHW2S1XM1, ,N/A,Jaguar,I-Pace, ,2021, ,b5c25ec17ea8588,23628, ,In-Vehicle (Commercial / Test),5th Generation ADS, , ,, , ,, , ,, , ,,, , ,,,Yes,ADS,Waymo LLC, , ,Y, , , , , ,,JUL-2022, ,JUL-2022,06:54, ,77b0e0470ca0a8a,[MAY CONTAIN PERSONALLY IDENTIFIABLE INFORMATION], ,[MAY CONTAIN PERSONALLY IDENTIFIABLE INFORMATION], ,[MAY CONTAIN PERSONALLY IDENTIFIABLE INFORMATION], ,San Francisco, ,CA ,[MAY CONTAIN PERSONALLY IDENTIFIABLE INFORMATION], ,Intersection,Dry,No Unusual Conditions,30, ,Daylight,Y, , , , , , , ,,Passenger Car,Minor,Yes,Proceeding Straight,No,No, , ,Y, , ,Y, , ,Y, , ,Stopped,No,No,Yes,0, , , , ,Y, , ,Y, , , , , , ,Y, ,Y,Y, , ,No,, ,Yes,, ,, ,, ,Yes, ,"On July [XXX], 2022 at 6:54 AM PST a Waymo Autonomous Vehice (Waymo AV) operating in San Francisco, California was in a collision involving a passenger car on the [XXX] at [XXX].
The Waymo AV was stopped in the dedicated left turn lane facing north on the [XXX], awaiting a green signal for a protected left turn onto [XXX].  The signal for traffic proceeding north on the [XXX] turned green, and traffic in adjacent lanes began moving.  The left turn arrow signal for the dedicated turn lane occupied by the Waymo AV remained red.  The passenger car that had been stopped immediately after which the passenger car left the scene.
At the time of the impact, the Waymo AV's Level 4 ADS was engaged in autonomous mode, and a test driver was present (in the driver's seating position).  The Waymo AV sustained minor damage and the Waymo AV test driver reported lower back pain.
Transdev Alternative Services is reporting this crash under Request No. 2 of Standing General Order 2021-01.  Transdev may supplement or correct its reporting with additional information as it may become available.  This report is a duplicate of 30270-3628-1.",
30531-3663,1,Transdev Alternative Services,Monthly,7,2022,AUG-2022,SADHW2S19M1, ,N/A,Jaguar,I-Pace, ,2021, ,778fffc33261129,34308, ,In-Vehicle (Commercial / Test),5th Generation ADS, , ,, , ,, , ,, , ,,, , ,,,Yes,ADS,Waymo LLC, , ,Y, , , , , ,,JUL-2022, ,JUL-2022,23:23, ,7f5142da0d24ab5,[MAY CONTAIN PERSONALLY IDENTIFIABLE INFORMATION], ,[MAY CONTAIN PERSONALLY IDENTIFIABLE INFORMATION], ,[MAY CONTAIN PERSONALLY IDENTIFIABLE INFORMATION], ,San Francisco, ,CA ,[MAY CONTAIN PERSONALLY IDENTIFIABLE INFORMATION], ,Street,Dry,No Unusual Conditions,35, ,Dark - Lighted,Y, , , , , , , ,,Passenger Car,No Injuries Reported,Yes,Making Right Turn,No,No, , , , , , ,Y, , , , ,Proceeding Straight,No,No,Yes,9, , , ,Y, , , , , , , , , , ,Y, ,Y,Y, , ,No,, ,Yes,, ,, ,, ,Yes, ,"On July [XXX], 2022 at 11:23 PM PST a Waymo Autonomous Vehicle (Waymo AV) operating in San Francisco, California was in a collision involving a passenger car on [XXX] at [XXX].
The Waymo AV was traveling north on [XXX] in the rightmost lane when a passenger car approached the Waymo AV from behind on the left.  Just after passing the Waymo AV, the passenger car veered across the path of the Waymo AV into the entrance of a gas station on the right hand side of the roadway.  The right rear corner of the passenger vehicle made contact with the front left corner of the Waymo AV, immediately after which the passenger car left the scene.
At the time of the impact, the Waymo AV's Level 4 ADS was not engaged and a test driver was operating the Waymo AV in manual mode.  The Waymo AV sustained minor damage.
Transdev Alternative Services is reporting this crash under Request No. 2 of Standing General Order 2021-01.  Transdev may supplement or correct its reporting with additional information as it may become available.  This report is a duplicate of 30270-3633-1.",
30531-3662,1,Transdev Alternative Services,Monthly,7,2022,AUG-2022,SADHW2S15M1, ,N/A,Jaguar,I-Pace, ,2021, ,a4da19aa3243c05,30770, ,In-Vehicle (Commercial / Test),5th Generation ADS, , ,, , ,, , ,, , ,,, , ,,,Yes,ADS,Waymo LLC, , ,Y, , , , , ,,JUL-2022, ,JUL-2022,02:50, ,192521d01c49ce2,[MAY CONTAIN PERSONALLY IDENTIFIABLE INFORMATION], ,[MAY CONTAIN PERSONALLY IDENTIFIABLE INFORMATION], ,[MAY CONTAIN PERSONALLY IDENTIFIABLE INFORMATION], ,San Francisco, ,CA ,[MAY CONTAIN PERSONALLY IDENTIFIABLE INFORMATION], ,Intersection,Dry,No Unusual Conditions,25, ,Dark - Lighted,Y, , , , , , , ,,Passenger Car,No Injuries Reported,Yes,Traveling Wrong Way,No,No, , , , , , , ,Y, , , ,Making Left Turn,No,No,Yes,12, , , ,Y, , , , , , , , , , ,Y, ,Y,Y, , ,No,, ,Yes,, ,, ,, ,Yes, ,"On July [XXX], 2022 at 2:18 AM PST a Waymo Autonomous Vehicle (Waymo AV) operating in San Francisco, California was in a collision involving a passenger car on [XXX] at [XXX].
The Waymo AV was traveling west on [XXX] and preparing to make a left turn onto [XXX] to travel south.  A passenger car passed the Waymo AV and the vehicle directly behind the Waymo AV by crossing into and driving in the opposing lane of traffic.  As the passenger vehicle passed the Waymo on the left, the right side of the passenger vehicle made contact with the front left corner of the Waymo AV, immediately after which the passenger car left the scene.  At the time of impact, the Waymo AV's Level 4 ADS was not engaged and a test driver was operating the Waymo AV in manual mode.  The Waymo AV sustained minor damage.
Transdev Alternative Services is reporting this crash under Request No. 2 of Standing General Order 2021-01.  Transdev may supplement or correct its reporting with additional information as it may become available.  This report is a duplicate of 30270-3635-1.",