Report ID,Report Version,Reporting Entity,Report Type,Report Month,Report Year,Report Submission Date,VIN,VIN - Unknown,Serial Number,Make,Model,Model - Unknown,Model Year,Model Year - Unknown,Same Vehicle ID,Mileage,Mileage - Unknown,Driver / Operator Type,ADAS/ADS System Version,ADAS/ADS System Version - Unk,ADAS/ADS System Version CBI,ADAS/ADS Hardware Version,ADAS/ADS Hardware Version - Unk,ADAS/ADS Hardware Version CBI,ADAS/ADS Software Version,ADAS/ADS Software Version - Unk,ADAS/ADS Software Version CBI,Other Reporting Entities?,Other Reporting Entities? - Unk,Other Reporting Entities? - NA,Federal Regulatory Exemption?,Other Federal Reg. Exemption,Federal Reg. Exemption - Unk,Federal Reg. Exemption - No,State or Local Permit?,State or Local Permit,ADS Equipped?,Automation System Engaged?,Operating Entity,Operating Entity - Unknown,Source - Complaint/Claim,Source - Telematics,Source - Law Enforcement,Source - Field Report,Source - Testing,Source - Media,Source - Other,Source - Other Text,Incident Date,Incident Date - Unknown,Notice Received Date,Incident Time (24:00),Incident Time - Unknown,Same Incident ID,Latitude,Latitude - Unknown,Longitude,Longitude - Unknown,Address,Address - Unknown,City,City - Unknown,State,Zip Code,Zip Code - Unknown,Roadway Type,Roadway Surface,Roadway Description,Posted Speed Limit (MPH),Posted Speed Limit - Unknown,Lighting,Weather - Clear,Weather - Snow,Weather - Cloudy,Weather - Fog/Smoke,Weather - Rain,Weather - Severe Wind,Weather - Unknown,Weather - Other,Weather - Other Text,Crash With,Highest Injury Severity Alleged,Property Damage?,CP Pre-Crash Movement,CP Any Air Bags Deployed?,CP Was Vehicle Towed?,CP Contact Area - Rear Left,CP Contact Area - Left,CP Contact Area - Front Left,CP Contact Area - Rear,CP Contact Area - Top,CP Contact Area - Front,CP Contact Area - Rear Right,CP Contact Area - Right,CP Contact Area - Front Right,CP Contact Area - Bottom,CP Contact Area - Unknown,SV Pre-Crash Movement,SV Any Air Bags Deployed?,SV Was Vehicle Towed?,SV Were All Passengers Belted?,SV Precrash Speed (MPH),SV Pre-crash Speed - Unknown,SV Contact Area - Rear Left,SV Contact Area - Left,SV Contact Area - Front Left,SV Contact Area - Rear,SV Contact Area - Top,SV Contact Area - Front,SV Contact Area - Rear Right,SV Contact Area - Right,SV Contact Area - Front Right,SV Contact Area - Bottom,SV Contact Area - Unknown,Data Availability - EDR,Data Availability - Police Rpt,Data Availability - Telematics,Data Availability - Complaints,Data Availability - Video,Data Availability - Other,Data Availability - No Data,Data Availability - Unknown,Law Enforcement Investigating?,Investigating Agency,Investigating Agency - Unknown,Rep Ent Or Mfr Investigating?,Investigating Officer Name,Inv. Officer Name - Unknown,Investigating Officer Phone,Inv. Officer Phone - Unknown,Investigating Officer Email,Inv. Officer Email - Unknown,Within ODD?,Within ODD? - CBI,Narrative,Narrative - CBI?
30270-2328,1,Waymo LLC,Monthly,1,2022,FEB-2022,SADHW2S19M1, ,N/A,Jaguar,I-Pace, ,2021, ,82ca7b5717c14e4,19453, ,In-Vehicle (Commercial / Test),5th Generation ADS, , ,, , ,, , ,, , ,,, , ,,,Yes,ADS,Waymo LLC, , ,Y, , , , , ,,JAN-2022, ,JAN-2022,14:24, ,2bbc30ea7de3b1b,[MAY CONTAIN PERSONALLY IDENTIFIABLE INFORMATION], ,[MAY CONTAIN PERSONALLY IDENTIFIABLE INFORMATION], ,[MAY CONTAIN PERSONALLY IDENTIFIABLE INFORMATION], ,San Francisco, ,CA ,[MAY CONTAIN PERSONALLY IDENTIFIABLE INFORMATION], ,Intersection,Dry,No Unusual Conditions,25, ,Daylight,Y, , , , , , , ,,SUV,No Injuries Reported,Yes,Proceeding Straight,No,No, , ,Y, , , , , , , , ,Stopped,No,No,Yes,0, , , , , , , ,Y, , , , , , ,Y, ,Y,Y, , ,No,, ,Yes,, ,, ,, ,Yes, ,"On January [XXX], 2022 at 2:24 PM PST a Waymo Autonomous Vehicle ('Waymo AV') operating in San Francisco, California was in a collision involving an SUV on [XXX] at [XXX]. 
The Waymo AV was stopped at a red light facing north on [XXX] in autonomous mode at the [XXX] intersection. The light turned green and the Waymo AV proceeded partially into the intersection, yielding to pedestrians in the left crosswalk while preparing to make a left turn. An SUV parked behind the Waymo AV on the right shoulder of Sacramento street pulled out of the shoulder and made contact with the right side of the rear of the Waymo AV. At the time of the impact, the Waymo AV's Level 4 ADS was engaged in autonomous mode, and a test driver was present (in the driver's seating position). The Waymo AV sustained minor damage. 
Waymo is reporting this crash under Request No. 2 of Standing General Order 2021-01. Waymo may supplement or correct its reporting with additional information as it may become available. This report was submitted from the Pacific time zone on the required date.",
30270-2327,1,Waymo LLC,Monthly,1,2022,FEB-2022,SADHW2S18M1, ,N/A,Jaguar,I-Pace, ,2021, ,3fa13431ff0349d,19509, ,In-Vehicle (Commercial / Test),5th Generation ADS, , ,, , ,, , ,, , ,,, , ,,,Yes,ADS,Waymo LLC, , ,Y, , , , , ,,JAN-2022, ,JAN-2022,09:00, ,c961e0fa66063ae,[MAY CONTAIN PERSONALLY IDENTIFIABLE INFORMATION], ,[MAY CONTAIN PERSONALLY IDENTIFIABLE INFORMATION], ,[MAY CONTAIN PERSONALLY IDENTIFIABLE INFORMATION], ,San Francisco, ,CA ,[MAY CONTAIN PERSONALLY IDENTIFIABLE INFORMATION], ,Intersection,Dry,No Unusual Conditions,35, ,Daylight,Y, , , , , , , ,,Heavy Truck,No Injuries Reported,Yes,Proceeding Straight,No,No, , ,Y, , ,Y, , , , , ,Stopped,No,No,Yes,0, , , , , , , ,Y, , , , , , ,Y, ,Y,Y, , ,No,, ,Yes,, ,, ,, ,Yes, ,"On January [XXX], 2022 at 9:00 AM PST a Waymo Autonomous Vehicle ('Waymo AV') operating in San Francisco, California was in a collision involving a box truck at the northbound merge lane on the 100 block of [XXX]. 
While attempting a merge onto northbound [XXX] from southbound [XXX], the Waymo AV came to a stop to yield for approaching traffic on the right. The box truck then made contact with the rear of the Waymo AV. At the time of the impact, the Waymo AV's Level 4 ADS was engaged in autonomous mode, and a test driver was present (in the driver's seating position). The Waymo AV and the box truck both sustained minor damage.
Waymo is reporting this crash under Request No. 2 of Standing General Order 2021-01. Waymo may supplement or correct its reporting with additional information as it may become available. This report was submitted from the Pacific time zone on the required date.",
30610-2245,1,"Zoox, Inc.",Monthly,1,2022,FEB-2022,5TDDCRFHXGS, ,N/A,Toyota,Highlander, ,2016, ,39dfd67295f44eb,32899, ,In-Vehicle (Commercial / Test),10.22.01.11, , ,, , ,, , ,, , ,,, , ,,,Yes,ADS,Zoox Inc., , , , , ,Y, , ,,JAN-2022, ,JAN-2022,08:55, ,7caf349415e0dd6,[MAY CONTAIN PERSONALLY IDENTIFIABLE INFORMATION], ,[MAY CONTAIN PERSONALLY IDENTIFIABLE INFORMATION], ,[MAY CONTAIN PERSONALLY IDENTIFIABLE INFORMATION], ,San Francisco, ,CA ,[MAY CONTAIN PERSONALLY IDENTIFIABLE INFORMATION], ,Street,Dry,No Unusual Conditions,25, ,Daylight,Y, , , , , , , ,,Passenger Car,No Injuries Reported,Yes,Proceeding Straight,Unknown,Unknown, , , , , ,Y, , , , , ,Stopped,No,No,Yes,0, , , , ,Y, , , , , , , ,Y, ,Y, ,Y, , , ,No,, ,No,, ,, ,, ,Yes, ,A stopped Zoox vehicle in autonomous mode was struck by a passenger vehicle that approached it at low speed from behind. The Zoox vehicle incurred damage to its sensors and rear bumper. There were no injuries and the police were not called.,
540-2220,2,"General Motors, LLC",10-Day Update,,,FEB-2022,5G21A6P07L4, ,N/A,Cruise,AV, ,2020, ,d273b956f145a16,39252, ,In-Vehicle (Commercial / Test),,Y, ,, , ,, , ,, , ,,, , ,,,Yes,ADS,Cruise LLC, , , , ,Y,Y, , ,,JAN-2022, ,FEB-2022,13:10, ,db822920fda66b7,[MAY CONTAIN PERSONALLY IDENTIFIABLE INFORMATION], ,[MAY CONTAIN PERSONALLY IDENTIFIABLE INFORMATION], ,[MAY CONTAIN PERSONALLY IDENTIFIABLE INFORMATION], ,San Francisco, ,CA ,[MAY CONTAIN PERSONALLY IDENTIFIABLE INFORMATION], ,Street,Dry,No Unusual Conditions,25, ,Daylight,Y, , , , , , , ,,Non-Motorist: Cyclist,Minor,No,Lane / Road Departure,,, , , , , , , , , , , ,Proceeding Straight,No,No,Yes,7, , , , , , , ,Y, , , , ,Y, ,Y, ,Y,Y, , ,No,, ,Yes,, ,, ,, ,"Unknown, see Narrative", ,"On February [XXX], 2022, GM Cruise Holdings LLC (""Cruise"") filed an Incident Report (the ""Report"") under the Standing General Order 2021-01 dated June 29, 2021 (the ""Order).  General Motors LLC (""GM"") manufactured the Cruise-operated motor vehicle involved in the alleged incident summarized in the Incident Report.  Because GM is also a Reporting Entity under the Order, GM is submitting a duplicate of the redacted public copy of the Report.  GM has selected ""Unknown"" in the ""ADS version"" and ""ODD time"" fields solely to avoid a second submission of nonpublic Cruise CBI GM is in possession of Cruise's responses to these fields, and incorporates Cruise's responses into this submission by reference.  GM's submission is based on facts supplied to GM by Cruise.  GM has not investigated the alleged incident and currently believes, based on a reasonable inquiry, that it has no independent knowledge of the facts in the Report.  (Reference file: (30412-2216-2).",
30412-2216,2,Cruise LLC,10-Day Update,,,FEB-2022,5G21A6P07L4, ,N/A,Cruise,AV, ,2020, ,d273b956f145a16,39252, ,In-Vehicle (Commercial / Test),"[REDACTED, MAY CONTAIN CONFIDENTIAL BUSINESS INFORMATION]", ,Y,, , ,, , ,, , ,,, , ,,,Yes,ADS,Cruise LLC, , , , ,Y,Y, , ,,JAN-2022, ,FEB-2022,13:10, ,db822920fda66b7,[MAY CONTAIN PERSONALLY IDENTIFIABLE INFORMATION], ,[MAY CONTAIN PERSONALLY IDENTIFIABLE INFORMATION], ,[MAY CONTAIN PERSONALLY IDENTIFIABLE INFORMATION], ,San Francisco, ,CA ,[MAY CONTAIN PERSONALLY IDENTIFIABLE INFORMATION], ,Street,Dry,No Unusual Conditions,25, ,Daylight,Y, , , , , , , ,,Non-Motorist: Cyclist,Minor,No,Lane / Road Departure,,, , , , , , , , , , , ,Proceeding Straight,No,No,Yes,7, , , , , , , ,Y, , , , ,Y, ,Y, ,Y,Y, , ,No,, ,Yes,, ,, ,, ,"[REDACTED, MAY CONTAIN CONFIDENTIAL BUSINESS INFORMATION]",Y,"A Cruise autonomous vehicle (""Cruise AV""), operating in supervised autonomous mode, was traveling southbound on [XXX] between 1[XXX] and [XXX]. The Cruise AV approached the intersection with [XXX] as a Toyota Tundra traveling southbound on [XXX] was making a right turn onto westbound [XXX]. The Toyota Tundra was yielding for pedestrians and blocking the bike lane on southbound [XXX] with Cyclist 1 and Cyclist 2 approaching. The Cruise AV braked for the two cyclists as Cyclist 3 traveling behind the Cruise AV veered left to avoid another vehicle pulling out of a curbside parking spot. Cyclist 3 then made contact with the right rear bumper of the Cruise AV, falling off their bike. Initially, there were no reported injuries and police were not called. [REDACTED CONFIDENTIAL BUSINESS INFORMATION]
Cruise learned of this incident on January [XXX], 2022. On February [XXX], 2022, Cruise learned Cyclist 3 reported minor injuries related to the incident.",Y
30270-2248,1,Waymo LLC,1-Day,,,FEB-2022,SADHW2S19M1, ,N/A,Jaguar,I-Pace, ,2021, ,6bc8160eed3f36f,8570, ,In-Vehicle (Commercial / Test),5th Generation ADS, , ,, , ,, , ,, , ,,, , ,,,Yes,ADS,Waymo LLC, , ,Y, , , , , ,,FEB-2022, ,FEB-2022,17:46, ,ca46961b61f690a,[MAY CONTAIN PERSONALLY IDENTIFIABLE INFORMATION], ,[MAY CONTAIN PERSONALLY IDENTIFIABLE INFORMATION], ,[MAY CONTAIN PERSONALLY IDENTIFIABLE INFORMATION], ,San Francisco, ,CA ,[MAY CONTAIN PERSONALLY IDENTIFIABLE INFORMATION], ,Intersection,Dry,No Unusual Conditions,25, ,Dawn / Dusk,Y, , , , , , , ,,Non-Motorist: Cyclist,No Injuries Reported,Yes,Making Left Turn,,, , , , , , , , , , , ,Proceeding Straight,No,No,Yes,4, ,Y, , , , , , , , , , , , ,Y, ,Y,Y, , ,No,, ,Yes,, ,, ,, ,Yes, ,"On February [XXX], 2022 at 5:46 PM PST a Waymo Autonomous Vehicle ('Waymo AV') operating in San Francisco, CA was in a collision involving a bicyclist on [XXX] at [XXX]. 
The Waymo AV was in autonomous mode and traveling southbound on [XXX] when it came to a stop at [XXX]. As the Waymo AV proceeded, a bicyclist traveling northbound on [XXX] proceeded through the stop sign without stopping in order to make a left turn onto westbound [XXX]. The Waymo AV began to brake and the test driver (in the driver's seating position), disengaged the AV system and continued braking. As the bicyclist attempted to complete their left turn, the bicyclist made contact with the driver side rear corner of the Waymo AV. At the time of the impact, the Waymo AV's Level 4 ADS was not engaged and a test driver was operating the Waymo AV in manual mode. The Waymo sustained damage.
Waymo is reporting this crash under Request No. 1 of Standing General Order 2021-01 because a vulnerable road user was involved. Waymo may supplement or correct its reporting with additional information as it may become available. This report was submitted from the Pacific time zone on the required date.",
30610-2227,1,"Zoox, Inc.",1-Day,,,FEB-2022,5TDDCRFH0GS, ,N/A,Toyota,Highlander, ,2016, ,01df4e5181a9e89,57706, ,In-Vehicle (Commercial / Test),74.22.02.06, , ,, , ,, , ,, , ,,, , ,,,Yes,ADAS,Zoox, , , , , ,Y, , ,,FEB-2022, ,FEB-2022,08:40, ,60fe7e3c889b2c0,[MAY CONTAIN PERSONALLY IDENTIFIABLE INFORMATION], ,[MAY CONTAIN PERSONALLY IDENTIFIABLE INFORMATION], ,[MAY CONTAIN PERSONALLY IDENTIFIABLE INFORMATION], ,San Francisco, ,CA ,[MAY CONTAIN PERSONALLY IDENTIFIABLE INFORMATION], ,Street,Dry,No Unusual Conditions,25, ,Daylight,Y, , , , , , , ,,Non-Motorist: Cyclist,Unknown,Unknown,Crossing into Opposing Lane,,, , , , , , , , , , , ,Stopped,No,No,Yes,0, , , , , , ,Y, , , , , ,Y, ,Y, ,Y, , , ,No,, ,Yes,, ,, ,, ,Yes, ,"A Zoox vehicle in manual mode was stopped on [XXX], when a bicyclist riding on the wrong side of the street rode into the front bumper of the Zoox vehicle. The Zoox vehicle did not incur any damage. There were no injuries and the police were not called. Autonomy was engaged within the 30 second period prior to the collision.",
30270-2226,1,Waymo LLC,1-Day,,,FEB-2022,SADHW2S12M1, ,N/A,Jaguar,I-Pace, ,2021, ,6e7c9396161664d,12241, ,In-Vehicle (Commercial / Test),5th Generation ADS, , ,, , ,, , ,, , ,,, , ,,,Yes,ADS,Waymo LLC, , ,Y, , , , , ,,JAN-2022, ,JAN-2022,20:40, ,0348df51e94570a,[MAY CONTAIN PERSONALLY IDENTIFIABLE INFORMATION], ,[MAY CONTAIN PERSONALLY IDENTIFIABLE INFORMATION], ,[MAY CONTAIN PERSONALLY IDENTIFIABLE INFORMATION], ,San Francisco, ,CA ,[MAY CONTAIN PERSONALLY IDENTIFIABLE INFORMATION], ,Intersection,Dry,No Unusual Conditions,25, ,Dark - Lighted,Y, , , , , , , ,,SUV,No Injuries Reported,Yes,Proceeding Straight,No,No, , , , , ,Y, , ,Y, , ,Proceeding Straight,No,Yes,Yes,1, ,Y, , ,Y, , , , , , , , , ,Y, ,Y,Y, , ,Unknown,San Francisco Police Department, ,Yes,,Y,,Y,,Y,Yes, ,"Other than updating the Waymo AV's speed and damage description, the content of this report is unchanged from the initial report submitted on January [XXX], 2022 [Report ID # 30270-2198-1]. 
On January [XXX], 2022 at 8:40 PM PST a Waymo Autonomous Vehicle ('Waymo AV') operating in San Francisco, CA was in a collision involving a SUV on [XXX] at [XXX].
While proceeding straight on eastbound [XXX] in autonomous mode, the Waymo AV slowed down and came to a halt at the stop sign at the intersection with [XXX]. As the Waymo began to proceed, a SUV approached the Waymo AV from behind and made contact with the rear of the Waymo AV. At the time of the impact, the Waymo AV's Level 4 ADS was engaged in autonomous mode, and a test driver was present (in the driver's seating position). The Waymo AV sustained moderate damage.
Waymo is reporting this crash under Request No. 1 of Standing General Order 2021-01 because the Waymo vehicle was towed away. Waymo may supplement or correct its reporting with additional information as it may become available. This report was submitted from the Pacific time zone on the required date.",
540-2220,1,"General Motors, LLC",1-Day,,,FEB-2022,5G21A6P07L4, ,N/A,Cruise,AV, ,2020, ,d273b956f145a16,39252, ,In-Vehicle (Commercial / Test),,Y, ,, , ,, , ,, , ,,, , ,,,Yes,ADS,Cruise LLC, , , , ,Y,Y, , ,,JAN-2022, ,FEB-2022,13:10, ,db822920fda66b7,[MAY CONTAIN PERSONALLY IDENTIFIABLE INFORMATION], ,[MAY CONTAIN PERSONALLY IDENTIFIABLE INFORMATION], ,[MAY CONTAIN PERSONALLY IDENTIFIABLE INFORMATION], ,San Francisco, ,CA ,[MAY CONTAIN PERSONALLY IDENTIFIABLE INFORMATION], ,Street,Dry,No Unusual Conditions,25, ,Daylight,Y, , , , , , , ,,Non-Motorist: Cyclist,Minor,No,Lane / Road Departure,,, , , , , , , , , , , ,Proceeding Straight,No,No,Yes,7, , , , , , , ,Y, , , , ,Y, ,Y, ,Y,Y, , ,No,, ,Yes,, ,, ,, ,"Unknown, see Narrative", ,"On February [XXX], 2022, GM Cruise Holdings LLC (""Cruise"") filed an Incident Report (the ""Report"") under the Standing General Order 2021-01 dated June 29, 2021 (the ""Order).  General Motors LLC (""GM"") manufactured the Cruise-operated motor vehicle involved in the alleged incident summarized in the Incident Report.  Because GM is also a Reporting Entity under the Order, GM is submitting a duplicate of the redacted public copy of the Report.  GM has selected ""Unknown"" in the ""ADS version"" and ""ODD time"" fields solely to avoid a second submission of nonpublic Cruise CBI GM is in possession of Cruise's responses to these fields, and incorporates Cruise's responses into this submission by reference.  GM's submission is based on facts supplied to GM by Cruise.  GM has not investigated the alleged incident and currently believes, based on a reasonable inquiry, that it has no independent knowledge of the facts in the Report.  (Reference file: (30412-2216-1).",
30412-2216,1,Cruise LLC,1-Day,,,FEB-2022,5G21A6P07L4, ,N/A,Cruise,AV, ,2020, ,d273b956f145a16,39252, ,In-Vehicle (Commercial / Test),"[REDACTED, MAY CONTAIN CONFIDENTIAL BUSINESS INFORMATION]", ,Y,, , ,, , ,, , ,,, , ,,,Yes,ADS,Cruise LLC, , , , ,Y,Y, , ,,JAN-2022, ,FEB-2022,13:10, ,db822920fda66b7,[MAY CONTAIN PERSONALLY IDENTIFIABLE INFORMATION], ,[MAY CONTAIN PERSONALLY IDENTIFIABLE INFORMATION], ,[MAY CONTAIN PERSONALLY IDENTIFIABLE INFORMATION], ,San Francisco, ,CA ,[MAY CONTAIN PERSONALLY IDENTIFIABLE INFORMATION], ,Street,Dry,No Unusual Conditions,25, ,Daylight,Y, , , , , , , ,,Non-Motorist: Cyclist,Minor,No,Lane / Road Departure,,, , , , , , , , , , , ,Proceeding Straight,No,No,Yes,7, , , , , , , ,Y, , , , ,Y, ,Y, ,Y,Y, , ,No,, ,Yes,, ,, ,, ,"[REDACTED, MAY CONTAIN CONFIDENTIAL BUSINESS INFORMATION]",Y,"A Cruise autonomous vehicle (""Cruise AV""), operating in supervised autonomous mode, was traveling southbound on [XXX] between [XXX] and [XXX]. The Cruise AV approached the intersection with [XXX] as a Toyota Tundra traveling southbound on [XXX] was making a right turn onto westbound [XXX]. The Toyota Tundra was yielding for pedestrians and blocking the bike lane on southbound [XXX] with Cyclist 1 and Cyclist 2 approaching. The Cruise AV braked for the two cyclists as Cyclist 3 traveling behind the Cruise AV veered left to avoid another vehicle pulling out of a curbside parking spot. Cyclist 3 then made contact with the right rear bumper of the Cruise AV, falling off their bike. Initially, there were no reported injuries and police were not called. [REDACTED CONFIDENTIAL BUSINESS INFORMATION]
Cruise learned of this incident on January [XXX], 2022. On February [XXX], 2022, Cruise learned Cyclist 3 reported minor injuries related to the incident.",Y
540-2177,2,"General Motors, LLC",10-Day Update,,,FEB-2022,5G21A6P04L4, ,N/A,Cruise,AV, ,2020, ,7c5cce40a8c4c2d,44037, ,In-Vehicle and Remote (Commercial / Test),,Y, ,, , ,, , ,, , ,,, , ,,,Yes,ADS,Cruise LLC, , , , , ,Y, , ,,JAN-2022, ,JAN-2022,03:56, ,4b0988fa9b7493b,[MAY CONTAIN PERSONALLY IDENTIFIABLE INFORMATION], ,[MAY CONTAIN PERSONALLY IDENTIFIABLE INFORMATION], ,[MAY CONTAIN PERSONALLY IDENTIFIABLE INFORMATION], ,San Francisco, ,CA ,[MAY CONTAIN PERSONALLY IDENTIFIABLE INFORMATION], ,Intersection,Dry,No Unusual Conditions,25, ,Dark - Lighted,Y, , , , , , , ,,SUV,No Injuries Reported,Yes,Proceeding Straight,No,Unknown, , ,Y, , ,Y, , , , , ,Proceeding Straight,No,Yes,Yes,25, , , , , , , , ,Y,Y, , ,Y, ,Y, ,Y,Y, , ,Unknown,,Y,Yes,,Y,,Y,,Y,"Unknown, see Narrative", ,"On February [XXX], 2022, GM Cruise Holdings LLC (""Cruise"") filed an Incident Report (the ""Report"") under the Standing General Order 2021-01 dated June 29, 2021 (the ""Order"").  General Motors LLC (""GM"") manufactured the Cruise operated motor vehicle involved in the alleged incident summarized in the Incident Report.  Because GM is also a Reporting Entity under the Order, GM is submitting a duplicate of the redacted public copy of the Report.  GM has selected ""Unknown"" in the ""ADS version"" and ""ODD time"" fields solely to avoid a second submission of nonpublic Cruise CBI GM is in possession of Cruise's responses to these fields, and incorporates Cruise's responses into this submission by reference.  GM's submission is based on facts supplied to GM by Cruise.  GM has not investigated the alleged incident and currently believes, based on a reasonable inquiry, that it has no independent knowledge of the facts in the Report. (Reference file: (30412-2173-3).",
30412-2173,3,Cruise LLC,10-Day Update,,,FEB-2022,5G21A6P04L4, ,N/A,Cruise,AV, ,2020, ,7c5cce40a8c4c2d,44037, ,In-Vehicle and Remote (Commercial / Test),"[REDACTED, MAY CONTAIN CONFIDENTIAL BUSINESS INFORMATION]", ,Y,, , ,, , ,, , ,,, , ,,,Yes,ADS,Cruise LLC, , , , , ,Y, , ,,JAN-2022, ,JAN-2022,03:56, ,4b0988fa9b7493b,[MAY CONTAIN PERSONALLY IDENTIFIABLE INFORMATION], ,[MAY CONTAIN PERSONALLY IDENTIFIABLE INFORMATION], ,[MAY CONTAIN PERSONALLY IDENTIFIABLE INFORMATION], ,San Francisco, ,CA ,[MAY CONTAIN PERSONALLY IDENTIFIABLE INFORMATION], ,Intersection,Dry,No Unusual Conditions,25, ,Dark - Lighted,Y, , , , , , , ,,SUV,No Injuries Reported,Yes,Proceeding Straight,No,Unknown, , ,Y, , ,Y, , , , , ,Proceeding Straight,No,Yes,Yes,25, , , , , , , , ,Y,Y, , ,Y, ,Y, ,Y,Y, , ,Unknown,,Y,Yes,,Y,,Y,,Y,"[REDACTED, MAY CONTAIN CONFIDENTIAL BUSINESS INFORMATION]",Y,"A Cruise autonomous vehicle (""Cruise AV""), operating in supervised autonomous mode, was traveling southbound on [XXX] between [XXX] and [XXX]. The Cruise AV was traveling 24.9 mph upon coming to the intersection with [XXX] on a green light. As the Cruise AV entered the intersection, a 2021 Range Rover was traveling the wrong way on a one-way section of [XXX]. The 2021 Range Rover was traveling eastbound on [XXX] and entered the intersection on a red light. The Cruise AV braked prior to the Cruise AV operator disengaging the Cruise AV from autonomous mode. The Cruise AV operator continued to brake while steering away from the approaching vehicle but, shortly thereafter, the 2021 Range Rover made contact with the Cruise AV, damaging the front right of the Cruise AV and the front left bumper of the 2021 Range Rover. The Cruise AV was traveling 11.2 mph at the time of contact. Police were called to the scene and no injuries were reported. There are no additional updates at this time. [REDACTED CONFIDENTIAL BUSINESS INFORMATION]",Y
30270-2206,1,Waymo LLC,1-Day,,,FEB-2022,SADHW2S1XM1, ,N/A,Jaguar,I-Pace, ,2021, ,f604b97275349cf,25141, ,In-Vehicle (Commercial / Test),5th Generation ADS, , ,, , ,, , ,, , ,,, , ,,,Yes,ADS,Waymo LLC, , ,Y, , , , , ,,JAN-2022, ,JAN-2022,02:11, ,803359be848aa10,[MAY CONTAIN PERSONALLY IDENTIFIABLE INFORMATION], ,[MAY CONTAIN PERSONALLY IDENTIFIABLE INFORMATION], ,[MAY CONTAIN PERSONALLY IDENTIFIABLE INFORMATION], ,San Francisco, ,CA ,[MAY CONTAIN PERSONALLY IDENTIFIABLE INFORMATION], ,Intersection,Dry,No Unusual Conditions,25, ,Dark - Lighted,Y, , , , , , , ,,Motorcycle,No Injuries Reported,Yes,Making Left Turn,No,No, , , , , , , , , , ,Y,Proceeding Straight,No,No,Yes,2, ,Y, , , , , , , , , , , , ,Y, ,Y,Y, , ,No,, ,Yes,, ,, ,, ,Yes, ,"The content of this report is unchanged from the initial report submitted on January [XXX], 2022 [Report ID # 30270-2168-1]. 
On January [XXX], 2022 at 2:11 AM PST a Waymo Autonomous Vehicle ('Waymo AV') operating in San Francisco, CA was in a collision involving a motorcycle on [XXX] at [XXX].
The Waymo AV was in autonomous mode on southbound [XXX] in the intersection with [XXX], when the Waymo AV began to slow for a motorcyclist traveling on northbound [XXX] signaling to make an unprotected left turn onto [XXX]. The test driver (in the driver's seating position) transitioned to manual mode and continued to slow the Waymo AV. The motorcyclist attempted to turn behind the Waymo AV and made contact with the left rear corner of the Waymo AV. The motorcyclist remained upright and rode away without stopping to provide any information. At the time of the impact, the Waymo AV's Level 4 ADS was not engaged and a test driver was operating the Waymo AV in manual mode. The Waymo AV sustained damage to the driver's side of the rear bumper.
Waymo is reporting this crash under Request No. 1 of Standing General Order 2021-01 because a vulnerable road user (motorcyclist) was involved. Waymo may supplement or correct its reporting with additional information as it may become available. This report was submitted from the Pacific time zone on the required date.",
30270-2198,1,Waymo LLC,1-Day,,,JAN-2022,SADHW2S12M1, ,n/a,Jaguar,I-Pace, ,2021, ,6e7c9396161664d,12241, ,In-Vehicle (Commercial / Test),5th Generation ADS, , ,, , ,, , ,, , ,,, , ,,,Yes,ADS,Waymo LLC, , ,Y, , , , , ,,JAN-2022, ,JAN-2022,20:40, ,0348df51e94570a,[MAY CONTAIN PERSONALLY IDENTIFIABLE INFORMATION], ,[MAY CONTAIN PERSONALLY IDENTIFIABLE INFORMATION], ,[MAY CONTAIN PERSONALLY IDENTIFIABLE INFORMATION], ,San Francisco, ,CA ,[MAY CONTAIN PERSONALLY IDENTIFIABLE INFORMATION], ,Intersection,Dry,No Unusual Conditions,25, ,Dark - Lighted,Y, , , , , , , ,,SUV,No Injuries Reported,Yes,Proceeding Straight,No,No, , , , , ,Y, , ,Y, , ,Stopped,No,Yes,Yes,0, ,Y, , ,Y, , , , , , , , , ,Y, ,Y,Y, , ,Unknown,San Francisco Police Department, ,Yes,,Y,,Y,,Y,Yes, ,"On January [XXX], 2022 at 8:40 PM PST a Waymo Autonomous Vehicle (""Waymo AV"") operating in San Francisco, CA was in a collision involving a SUV on [XXX] at [XXX].
While proceeding straight on eastbound [XXX] in autonomous mode, the Waymo AV slowed down and came to a halt at the stop sign at the intersection with [XXX]. A SUV approached the Waymo AV from behind and made contact with the rear of the Waymo AV. At the time of the impact, the Waymo AV's Level 4 ADS was engaged in autonomous mode, and a test driver was present (in the driver's seating position). The Waymo AV sustained minor damage.
Waymo is reporting this crash under Request No. 1 of Standing General Order 2021-01 because the Waymo vehicle was towed away. Waymo may supplement or correct its reporting with additional information as it may become available. This report was submitted from the Pacific time zone on the required date.",
30270-2197,1,Waymo LLC,1-Day,,,JAN-2022,SADHW2S19M1, ,N/A,Jaguar,I-Pace, ,2021, ,86b92a23b213253,20556, ,In-Vehicle (Commercial / Test),5th Generation ADS, , ,, , ,, , ,, , ,,, , ,,,Yes,ADS,Waymo LLC, , ,Y, , , , , ,,JAN-2022, ,JAN-2022,17:20, ,7e9b9cd2a74e8fc,[MAY CONTAIN PERSONALLY IDENTIFIABLE INFORMATION], ,[MAY CONTAIN PERSONALLY IDENTIFIABLE INFORMATION], ,[MAY CONTAIN PERSONALLY IDENTIFIABLE INFORMATION], ,San Francisco, ,CA ,[MAY CONTAIN PERSONALLY IDENTIFIABLE INFORMATION], ,Intersection,Dry,No Unusual Conditions,25, ,Dawn / Dusk,Y, , , , , , , ,,Passenger Car,No Injuries Reported,Yes,Proceeding Straight,Yes,No, ,Y, , , , , , , , , ,Proceeding Straight,No,Yes,Yes,11, , , ,Y, , ,Y, , ,Y, , , , ,Y, ,Y,Y, , ,No,, ,Yes,, ,, ,, ,Yes, ,"The content of this report is unchanged from the initial report submitted on January [XXX], 2022 [Report ID # 30270-2160-1]. 
On January [XXX], 2022 at 5:20 PM PST a Waymo Autonomous Vehicle ('Waymo AV') operating in San Francisco, CA was in a collision involving a passenger vehicle on [XXX] at [XXX].
The Waymo AV was in autonomous mode on eastbound [XXX] as it approached [XXX]. The test driver (in the driver's seating position) transitioned to manual mode before reaching the intersection. The Waymo AV then proceeded through a green light into the intersection in manual mode. A passenger vehicle traveling northbound on [XXX] then entered the intersection against its red light, making contact with the front of the Waymo AV. At the time of the impact, the Waymo AV's Level 4 ADS was not engaged and a test driver was operating the Waymo AV in manual mode. The Waymo AV sustained damage to its front fascia and the passenger vehicle sustained damage to its driver side doors.
Waymo is reporting this crash under Request No. 1 of Standing General Order 2021-01 because the Waymo AV was towed away and the passenger vehicle's airbags deployed. Waymo may supplement or correct its reporting with additional information as it may become available. This report was submitted from the Pacific time zone on the required date.",