Report ID,Report Version,Reporting Entity,Report Type,Report Month,Report Year,Report Submission Date,VIN,VIN - Unknown,Serial Number,Make,Model,Model - Unknown,Model Year,Model Year - Unknown,Same Vehicle ID,Mileage,Mileage - Unknown,Driver / Operator Type,ADAS/ADS System Version,ADAS/ADS System Version - Unk,ADAS/ADS System Version CBI,ADAS/ADS Hardware Version,ADAS/ADS Hardware Version - Unk,ADAS/ADS Hardware Version CBI,ADAS/ADS Software Version,ADAS/ADS Software Version - Unk,ADAS/ADS Software Version CBI,Other Reporting Entities?,Other Reporting Entities? - Unk,Other Reporting Entities? - NA,Federal Regulatory Exemption?,Other Federal Reg. Exemption,Federal Reg. Exemption - Unk,Federal Reg. Exemption - No,State or Local Permit?,State or Local Permit,ADS Equipped?,Automation System Engaged?,Operating Entity,Operating Entity - Unknown,Source - Complaint/Claim,Source - Telematics,Source - Law Enforcement,Source - Field Report,Source - Testing,Source - Media,Source - Other,Source - Other Text,Incident Date,Incident Date - Unknown,Notice Received Date,Incident Time (24:00),Incident Time - Unknown,Same Incident ID,Latitude,Latitude - Unknown,Longitude,Longitude - Unknown,Address,Address - Unknown,City,City - Unknown,State,Zip Code,Zip Code - Unknown,Roadway Type,Roadway Surface,Roadway Description,Posted Speed Limit (MPH),Posted Speed Limit - Unknown,Lighting,Weather - Clear,Weather - Snow,Weather - Cloudy,Weather - Fog/Smoke,Weather - Rain,Weather - Severe Wind,Weather - Unknown,Weather - Other,Weather - Other Text,Crash With,Highest Injury Severity Alleged,Property Damage?,CP Pre-Crash Movement,CP Any Air Bags Deployed?,CP Was Vehicle Towed?,CP Contact Area - Rear Left,CP Contact Area - Left,CP Contact Area - Front Left,CP Contact Area - Rear,CP Contact Area - Top,CP Contact Area - Front,CP Contact Area - Rear Right,CP Contact Area - Right,CP Contact Area - Front Right,CP Contact Area - Bottom,CP Contact Area - Unknown,SV Pre-Crash Movement,SV Any Air Bags Deployed?,SV Was Vehicle Towed?,SV Were All Passengers Belted?,SV Precrash Speed (MPH),SV Pre-crash Speed - Unknown,SV Contact Area - Rear Left,SV Contact Area - Left,SV Contact Area - Front Left,SV Contact Area - Rear,SV Contact Area - Top,SV Contact Area - Front,SV Contact Area - Rear Right,SV Contact Area - Right,SV Contact Area - Front Right,SV Contact Area - Bottom,SV Contact Area - Unknown,Data Availability - EDR,Data Availability - Police Rpt,Data Availability - Telematics,Data Availability - Complaints,Data Availability - Video,Data Availability - Other,Data Availability - No Data,Data Availability - Unknown,Law Enforcement Investigating?,Investigating Agency,Investigating Agency - Unknown,Rep Ent Or Mfr Investigating?,Investigating Officer Name,Inv. Officer Name - Unknown,Investigating Officer Phone,Inv. Officer Phone - Unknown,Investigating Officer Email,Inv. Officer Email - Unknown,Within ODD?,Within ODD? - CBI,Narrative,Narrative - CBI?
30270-1613,1,Waymo LLC,1-Day,,,NOV-2021,SADHW2S17M1, ,N/A,Jaguar,I-Pace, ,2021, ,c7cd0871d60a651,10606, ,In-Vehicle (Commercial / Test),5th Generation ADS, , ,, , ,, , ,, , ,,, , ,,,Yes,ADS,Waymo LLC, , ,Y, , , , , ,,NOV-2021, ,NOV-2021,16:28, ,b4618f349040cbb,[MAY CONTAIN PERSONALLY IDENTIFIABLE INFORMATION], ,[MAY CONTAIN PERSONALLY IDENTIFIABLE INFORMATION], ,[MAY CONTAIN PERSONALLY IDENTIFIABLE INFORMATION], ,San Francisco, ,CA ,,Y,Intersection,Dry,No Unusual Conditions,25, ,Daylight, , ,Y, , , , , ,,Passenger Car,No Injuries Reported,Yes,Proceeding Straight,No,Unknown, , , , , ,Y, , ,Y, , ,Stopped,No,No,Yes,0, ,Y, , ,Y, , , , , , , , , ,Y, ,Y,Y, , ,Unknown,San Francisco Police Department, ,Yes,,Y,,Y,,Y,Yes, ,"On November [XXX], 2021 at 4:28 PM PDT a Waymo Autonomous Vehicle ('Waymo AV') operating in San Francisco, California was in a collision involving a passenger vehicle on [XXX] at [XXX]. 
The Waymo AV was traveling in autonomous mode southbound on [XXX] when it activated its right turn signal and prepared to make a right turn onto [XXX]. The Waymo AV stopped to yield to a pedestrian who was in the adjacent crosswalk on [XXX]. A passenger vehicle behind the Waymo AV struck the rear of the Waymo AV. The Waymo AV sustained minor damage to its rear bumper, and the trailing passenger vehicle sustained minor damage to its front bumper. 
Waymo is reporting this crash under Request No. 1 of Standing General Order 2021-01 because the Waymo AV was stopped for a pedestrian when the impact occurred. Waymo may supplement or correct its reporting with additional information as it may become available. This report was submitted from the Pacific time zone on the required date.",
540-1517,1,"General Motors, LLC",Monthly,10,2021,OCT-2021,5G21A6P02L4, ,N/A,Chevrolet,Bolt, ,2020, ,dc64b32fa4888fb,24248, ,In-Vehicle and Remote (Commercial / Test),,Y, ,, , ,, , ,, , ,,, , ,,,,,Cruise, , , , , ,Y, , ,,AUG-2021, ,AUG-2021,12:58, ,acb2202379721d7,[MAY CONTAIN PERSONALLY IDENTIFIABLE INFORMATION], ,[MAY CONTAIN PERSONALLY IDENTIFIABLE INFORMATION], ,[MAY CONTAIN PERSONALLY IDENTIFIABLE INFORMATION], ,San Francisco, ,CA ,[MAY CONTAIN PERSONALLY IDENTIFIABLE INFORMATION], ,Intersection,Dry,No Unusual Conditions,25, ,Daylight,Y, , , , , , , ,,Pickup Truck,No Injuries Reported,Yes,Proceeding Straight,No,No, , , , ,Y, , , , ,Y, ,Proceeding Straight,No,No,Yes,22, , , , , ,Y, , , , ,Y, ,Y, ,Y, ,Y,Y, , ,No,, ,Yes,, ,, ,, ,Unknown, ,"On September [XXX], 2021, GM Cruise Holdings LLC (Cruise) filed an Incident Report (the Report) under the Standing General Order 2021-01 dated June 29, 2021 (the Order). General Motors LLC (GM) manufactured the Cruise-owned and operated motor vehicle involved in the alleged incident summarized in the Incident Report. Because GM is also a Reporting Entity under the Order, GM is submitting a duplicate of the redacted public copy of the Report. GM has selected Unknown in the ADS version and ODD time fields solely to avoid a second submission of nonpublic Cruise CBI GM is in possession of Cruise's responses to these fields, and incorporates Cruise's responses into this submission by reference. GM's submission is based on facts supplied to GM by Cruise. GM has not investigated the alleged incident and currently believes, based on a reasonable inquiry, that it has no independent knowledge of the facts in the Report. (Reference file: 30412-1293-1).",
30531-1507,1,Transdev Alternative Services,Monthly,9,2021,OCT-2021,SADHWDS16M1, ,[MAY CONTAIN PERSONALLY IDENTIFIABLE INFORMATION],Jaguar,I-Pace, ,2021, ,6e2a7f46ce25f9a,8379, ,In-Vehicle (Commercial / Test),,Y, ,, , ,, , ,, , ,,, , ,,,Yes,ADS,Waymo LLC., , , , ,Y, , , ,,SEP-2021, ,SEP-2021,11:39, ,0d0ae62c0bf671d,,Y,,Y,[MAY CONTAIN PERSONALLY IDENTIFIABLE INFORMATION], ,San Francisco, ,CA ,[MAY CONTAIN PERSONALLY IDENTIFIABLE INFORMATION], ,Street,Dry,No Unusual Conditions,25, ,Daylight,Y, , , , , , , ,,Passenger Car,No Injuries Reported,Yes,Backing,No,No,Y, , , , , , , , , , ,Stopped,No,No,Yes,0, , , , , , , ,Y, , , , , , , , ,Y,Y, , ,No,, ,Yes,, ,, ,, ,Yes, ,See Waymo report WaymoLLC-202109[XXX]-0 (rev.202110[XXX]153149) for Narrative details.,
30531-1505,1,Transdev Alternative Services,Monthly,9,2021,OCT-2021,SADHW2S13M1, ,N/A,Jaguar,I-Pace, ,2021, ,69f9ac55561d6ff,11571, ,In-Vehicle (Commercial / Test),,Y, ,, , ,, , ,, , ,,, , ,,,Yes,ADS,Waymo LLC., , , , ,Y, , , ,,SEP-2021, ,SEP-2021,12:33, ,0cb307e3099fa7e,,Y,,Y,[MAY CONTAIN PERSONALLY IDENTIFIABLE INFORMATION], ,San Francisco, ,CA ,[MAY CONTAIN PERSONALLY IDENTIFIABLE INFORMATION], ,Intersection,Dry,No Unusual Conditions,25, ,Daylight,Y, , , , , , , ,,Passenger Car,No Injuries Reported,Yes,Making Right Turn,Unknown,Unknown, , , , , , , , , , ,Y,Stopped,No,No,Yes,0, , , ,Y, , , , , , , , , , , , ,Y,Y, , ,No,, ,Yes,, ,, ,, ,Yes, ,"On September [XXX], 2021 at 12:33 PM PDT a Waymo Autonomous Vehicle ('Waymo AV') operating in San Francisco, California was in a collision involving a passenger vehicle at [XXX] and [XXX]. 
The Waymo AV was waiting to turn right onto [XXX] in autonomous mode when the driver (in the driver's seating position) transitioned to manual mode. A passenger vehicle was in the process of completing a right turn from [XXX] onto [XXX] and made contact with the front left fender of the stopped Waymo AV, before proceeding straight through the narrow roadway. At the time of the impact the Waymo AV's Level 4 ADS was not engaged and a test driver was operating the Waymo AV in manual mode. The Waymo AV sustained minor damage to the fender. The other vehicle left the scene without exchanging information. 
Transdev Alternative Services is reporting this duplicate crash report under Request No. 2 of Standing General Order 2021-01. Transdev will supplement or correct its reporting with additional information as it may become available.",
30531-1504,1,Transdev Alternative Services,Monthly,9,2021,OCT-2021,SADHW2S18M1, ,N/A,Jaguar,I-Pace, ,2021, ,d5bf40bdf0b1c10,2684, ,In-Vehicle (Commercial / Test),,Y, ,, , ,, , ,, , ,,, , ,,,Yes,ADS,Waymo LLC., , , , ,Y, , , ,,SEP-2021, ,SEP-2021,17:14, ,a2f72a0435b1c3e,,Y,,Y,[MAY CONTAIN PERSONALLY IDENTIFIABLE INFORMATION], ,Sann Francisco, ,CA ,[MAY CONTAIN PERSONALLY IDENTIFIABLE INFORMATION], ,Intersection,Dry,No Unusual Conditions,25, ,Daylight,Y, , , , , , , ,,Passenger Car,No Injuries Reported,Yes,Traveling Wrong Way,Unknown,Unknown, , , , , , , , , , ,Y,Making Left Turn,No,No,Yes,8, , , ,Y, , , , , , , , , , , , ,Y,Y, , ,No,, ,Yes,, ,, ,, ,Yes, ,"On September [XXX], 2021 at 5:14 PM PDT a Waymo Autonomous Vehicle ('Waymo AV') operating in San Francisco, California was in a collision involving a passenger vehicle at [XXX] and [XXX]. 
While making a left turn from [XXX] onto [XXX] in manual mode, the Waymo AV was struck by a passenger vehicle attempting to pass the Waymo AV on the left side using the oncoming traffic lane. At the time of the impact the Waymo AV's Level 4 ADS was not engaged and a test driver (in the driver's seating position) was operating the Waymo AV in manual mode. The Waymo AV sustained minor damage to the left front fender. The other vehicle left the scene without exchanging information.
Transdev Alternative Services is reporting this duplicate crash report under Request No. 2 of Standing General Order 2021-01. Transdev will supplement or correct its reporting with additional information as it may become available.",
30531-1503,1,Transdev Alternative Services,Monthly,9,2021,OCT-2021,SADHW2S10M1, ,N/A,Jaguar,I-Pace, ,2021, ,93f83a6c71b9de2,2055, ,In-Vehicle (Commercial / Test),,Y, ,, , ,, , ,, , ,,, , ,,,Yes,ADS,Waymo LLC., , , , ,Y, , , ,,SEP-2021, ,SEP-2021,01:56, ,1dacdcc3d3d698e,,Y,,Y,[MAY CONTAIN PERSONALLY IDENTIFIABLE INFORMATION], ,San Francisco, ,CA ,[MAY CONTAIN PERSONALLY IDENTIFIABLE INFORMATION], ,Street,Dry,No Unusual Conditions,25, ,Dark - Not Lighted,Y, , , , , , , ,,Passenger Car,No Injuries Reported,Yes,Parked,No,No, , , , , , ,Y, , , , ,Backing,No,No,Yes,2, , , , , , , ,Y, , , , , , , , ,Y,Y, , ,No,, ,Yes,, ,, ,, ,Yes, ,"On September [XXX], 2021 at 1:56 AM PDT, a Waymo Autonomous Vehicle (""Waymo AV"") operating in San Francisco was in a collision involving an unoccupied parked passenger vehicle at the north end of [XXX] (a dead-end road). 
While performing a multipoint turn in autonomous mode, the Waymo AV was reversing at approximately 2 MPH when it made contact with the rear tail light of an unoccupied parked passenger vehicle. The Waymo AV was operating with a test driver present (in the driver's seating position), and at the time of the impact, the Waymo AV's Level 4 ADS was engaged in autonomous mode. The contact caused a small break in the tail light cover of the parked vehicle and minor damage to the rear bumper of the Waymo AV.
Transdev Alternative Services is reporting this duplicate crash report under Request No. 2 of Standing General Order 2021-01. Transdev will supplement or correct its reporting with additional information as it may become available.",
30270-1500,1,Waymo LLC,Monthly,9,2021,OCT-2021,SADHW2S16M1, ,N/A,Jaguar,I-Pace, ,2021, ,127631507705ca2,8379, ,In-Vehicle (Commercial / Test),5th Generation ADS, , ,, , ,, , ,, , ,,, , ,,,Yes,ADS,Waymo LLC, , ,Y, , , , , ,,SEP-2021, ,SEP-2021,11:39, ,0d0ae62c0bf671d,[MAY CONTAIN PERSONALLY IDENTIFIABLE INFORMATION], ,[MAY CONTAIN PERSONALLY IDENTIFIABLE INFORMATION], ,[MAY CONTAIN PERSONALLY IDENTIFIABLE INFORMATION], ,San Francisco, ,CA ,[MAY CONTAIN PERSONALLY IDENTIFIABLE INFORMATION], ,Street,Dry,No Unusual Conditions,25, ,Daylight,Y, , , , , , , ,,Passenger Car,No Injuries Reported,Yes,Backing,No,No,Y, , , , , , , , , , ,Stopped,No,No,Yes,0, , , , , , , ,Y, , , , , , ,Y, ,Y,Y, , ,No,, ,Yes,, ,, ,, ,Yes, ,"On September [XXX], 2021 at 11:39 AM PDT a Waymo Autonomous Vehicle ('Waymo AV') operating in San Francisco, California was in a collision involving a passenger vehicle on the 400 block of [XXX].
While in autonomous mode, the Waymo AV was stopped behind a double-parked passenger vehicle in the right-hand lane of traffic with slow-moving (same directional) traffic to its left. The driver of the Waymo AV (in the driver's seating position) transitioned the vehicle to manual mode and initiated a lane change into the congested left-hand lane. Before the driver of the Waymo AV could complete this maneuver, the passenger vehicle in front of the Waymo AV shifted into reverse and proceeded to make contact with the rear right sensor of the Waymo AV. At the time of the impact the Waymo AV's Level 4 ADS was not engaged and a test driver was operating the Waymo AV in manual mode. Both vehicles sustained minor damage. 
Waymo is reporting this crash under Request No. 2 of Standing General Order 2021-01. Waymo will supplement or correct its reporting with additional information as it may become available. This report was submitted from the Pacific time zone on the required date.",
30270-1498,2,Waymo LLC,Update,9,2021,OCT-2021,SADHW2S13M1, ,N/A,Jaguar,I-Pace, ,2021, ,69f9ac55561d6ff,11571, ,In-Vehicle (Commercial / Test),5th Generation ADS, , ,, , ,, , ,, , ,,, , ,,,Yes,ADS,Waymo LLC, , ,Y, , , , , ,,SEP-2021, ,SEP-2021,12:33, ,0cb307e3099fa7e,[MAY CONTAIN PERSONALLY IDENTIFIABLE INFORMATION], ,[MAY CONTAIN PERSONALLY IDENTIFIABLE INFORMATION], ,[MAY CONTAIN PERSONALLY IDENTIFIABLE INFORMATION], ,San Francisco, ,CA ,[MAY CONTAIN PERSONALLY IDENTIFIABLE INFORMATION], ,Intersection,Dry,No Unusual Conditions,25, ,Daylight,Y, , , , , , , ,,Passenger Car,No Injuries Reported,Yes,Making Right Turn,Unknown,Unknown, , , , , , , , , , ,Y,Stopped,No,No,Yes,0, , , ,Y, , , , , , , , , , ,Y, ,Y,Y, , ,No,, ,Yes,, ,, ,, ,Yes, ,"On September [XXX], 2021 at 12:33 PM PDT a Waymo Autonomous Vehicle (""Waymo AV"") operating in San Francisco, California was in a collision involving a passenger vehicle at [XXX] and [XXX]. 
The Waymo AV was waiting to turn right onto [XXX] in autonomous mode when the driver (in the driver's seating position) transitioned to manual mode. A passenger vehicle was in the process of completing a right turn from [XXX] onto [XXX] and made contact with the front left fender of the stopped Waymo AV, before proceeding straight through the narrow roadway. At the time of the impact the Waymo AV's Level 4 ADS was not engaged and a test driver was operating the Waymo AV in manual mode. The Waymo AV sustained minor damage to the fender. The other vehicle left the scene without exchanging information. 
Waymo is reporting this crash under Request No. 2 of Standing General Order 2021-01. Waymo will supplement or correct its reporting with additional information as it may become available. This report was submitted from the Pacific time zone on the required date.",
30270-1498,1,Waymo LLC,Monthly,9,2021,OCT-2021,SADHW2S13M1, ,N/A,Jaguar,I-Pace, ,2021, ,69f9ac55561d6ff,11571, ,In-Vehicle (Commercial / Test),5th Generation ADS, , ,, , ,, , ,, , ,,, , ,,,Yes,ADS,Waymo LLC, , ,Y, , , , , ,,SEP-2021, ,SEP-2021,12:33, ,0cb307e3099fa7e,[MAY CONTAIN PERSONALLY IDENTIFIABLE INFORMATION], ,[MAY CONTAIN PERSONALLY IDENTIFIABLE INFORMATION], ,[MAY CONTAIN PERSONALLY IDENTIFIABLE INFORMATION], ,San Francisco, ,CA ,[MAY CONTAIN PERSONALLY IDENTIFIABLE INFORMATION], ,Intersection,Dry,No Unusual Conditions,25, ,Daylight,Y, , , , , , , ,,Passenger Car,No Injuries Reported,Yes,Making Right Turn,Unknown,Unknown, , , , , , , , , , ,Y,Stopped,No,No,Yes,0, , , ,Y, , , , , , , , , , ,Y, ,Y,Y, , ,No,, ,Yes,, ,, ,, ,Yes, ,"On September [XXX], 2021 at 12:30 PM PDT a Waymo Autonomous Vehicle ('Waymo AV') operating in San Francisco, California was in a collision involving a passenger vehicle at [XXX] and [XXX]. 
The Waymo AV was waiting to turn right onto [XXX] in autonomous mode when the driver (in the driver's seating position) transitioned to manual mode. A passenger vehicle was in the process of completing a right turn from [XXX] onto [XXX] and made contact with the front left fender of the stopped Waymo AV, before proceeding straight through the narrow roadway. At the time of the impact the Waymo AV's Level 4 ADS was not engaged and a test driver was operating the Waymo AV in manual mode. The Waymo AV sustained minor damage to the fender. The other vehicle left the scene without exchanging information. 
Waymo is reporting this crash under Request No. 2 of Standing General Order 2021-01. Waymo will supplement or correct its reporting with additional information as it may become available. This report was submitted from the Pacific time zone on the required date.",
30270-1495,1,Waymo LLC,Monthly,9,2021,OCT-2021,SADHW2S18M1, ,N/A,Jaguar,I-Pace, ,2021, ,d5bf40bdf0b1c10,2684, ,In-Vehicle (Commercial / Test),5th Generation ADS, , ,, , ,, , ,, , ,,, , ,,,Yes,ADS,Waymo LLC, , ,Y, , , , , ,,SEP-2021, ,SEP-2021,17:14, ,a2f72a0435b1c3e,[MAY CONTAIN PERSONALLY IDENTIFIABLE INFORMATION], ,[MAY CONTAIN PERSONALLY IDENTIFIABLE INFORMATION], ,[MAY CONTAIN PERSONALLY IDENTIFIABLE INFORMATION], ,San Francisco, ,CA ,[MAY CONTAIN PERSONALLY IDENTIFIABLE INFORMATION], ,Intersection,Dry,No Unusual Conditions,25, ,Daylight,Y, , , , , , , ,,Passenger Car,No Injuries Reported,Yes,Traveling Wrong Way,Unknown,Unknown, , , , , , , , , , ,Y,Making Left Turn,No,No,Yes,8, , , ,Y, , , , , , , , , , ,Y, ,Y,Y, , ,No,, ,Yes,, ,, ,, ,Yes, ,"On September [XXX], 2021 at 5:14 PM PDT a Waymo Autonomous Vehicle (""Waymo AV"") operating in San Francisco, California was in a collision involving a passenger vehicle at [XXX] and [XXX]. 
While making a left turn from [XXX] onto [XXX] in manual mode, the Waymo AV was struck by a passenger vehicle attempting to pass the Waymo AV on the left side using the oncoming traffic lane. At the time of the impact the Waymo AV's Level 4 ADS was not engaged and a test driver (in the driver's seating position) was operating the Waymo AV in manual mode. The Waymo AV sustained minor damage to the left front fender. The other vehicle left the scene without exchanging information.
Waymo is reporting this crash under Request No. 2 of Standing General Order 2021-01. Waymo will supplement or correct its reporting with additional information as it may become available. This report was submitted from the Pacific time zone on the required date.",
30270-1494,1,Waymo LLC,Monthly,9,2021,OCT-2021,SADHW2S10M1, ,N/A,Jaguar,I-Pace, ,2021, ,93f83a6c71b9de2,2055, ,In-Vehicle and Remote (Commercial / Test),5th Generation ADS, , ,, , ,, , ,, , ,,, , ,,,Yes,ADS,Waymo LLC, , ,Y, , , , , ,,SEP-2021, ,SEP-2021,01:56, ,1dacdcc3d3d698e,[MAY CONTAIN PERSONALLY IDENTIFIABLE INFORMATION], ,[MAY CONTAIN PERSONALLY IDENTIFIABLE INFORMATION], ,[MAY CONTAIN PERSONALLY IDENTIFIABLE INFORMATION], ,San Francisco, ,CA ,[MAY CONTAIN PERSONALLY IDENTIFIABLE INFORMATION], ,Street,Dry,No Unusual Conditions,25, ,Dark - Not Lighted,Y, , , , , , , ,,Passenger Car,No Injuries Reported,Yes,Parked,No,No, , , , , , ,Y, , , , ,Backing,No,No,Yes,2, , , , , , , ,Y, , , , , , ,Y, ,Y,Y, , ,No,, ,Yes,, ,, ,, ,Yes, ,"On September [XXX], 2021 at 1:56 AM PDT, a Waymo Autonomous Vehicle ('Waymo AV') operating in San Francisco was in a collision involving an unoccupied parked passenger vehicle at the north end of [XXX] (a dead-end road). 
While performing a multipoint turn in autonomous mode, the Waymo AV was reversing at approximately 2 MPH when it made contact with the rear tail light of an unoccupied parked passenger vehicle. The Waymo AV was operating with a test driver present (in the driver's seating position), and at the time of the impact, the Waymo AV's Level 4 ADS was engaged in autonomous mode. The contact caused a small break in the tail light cover of the parked vehicle and minor damage to the rear bumper of the Waymo AV.
Waymo is reporting this crash under Request No. 2 of Standing General Order 2021-01. Waymo will supplement or correct its reporting with additional information as it may become available. This report was submitted from the Pacific time zone on the required date.",
30590-1482,1,Apple Inc.,Monthly,9,2021,OCT-2021,2T2BGMCA5HC, ,N/A,Lexus,RX 450h, ,2017, ,259ff2c24c048a1,17962, ,In-Vehicle (Commercial / Test),"[REDACTED, MAY CONTAIN CONFIDENTIAL BUSINESS INFORMATION]", ,Y,, , ,, , ,, , ,,, , ,,,Yes,ADS,Apple Inc., , , , , ,Y, , ,,SEP-2021, ,SEP-2021,10:53, ,9b9e8318ed96db6,[MAY CONTAIN PERSONALLY IDENTIFIABLE INFORMATION], ,[MAY CONTAIN PERSONALLY IDENTIFIABLE INFORMATION], ,[MAY CONTAIN PERSONALLY IDENTIFIABLE INFORMATION], ,Sunnyvale, ,CA ,[MAY CONTAIN PERSONALLY IDENTIFIABLE INFORMATION], ,Intersection,Dry,No Unusual Conditions,45, ,Daylight, , ,Y, , , , , ,,Other Fixed Object,No Injuries Reported,Yes,,,, , , , , , , , , , , ,Making Right Turn,No,No,Yes,13, , , , , , , , ,Y, , , , , ,Y, ,Y,Y, , ,No,, ,Yes,, ,, ,, ,Yes, ,"Subject vehicle was on a testing mission in Sunnyvale, CA.  The vehicle was traveling South-bound on [XXX], an eight-lane divided road, operated by the vehicles Level 4 Automated Driving System and supervised by a safety driver in the drivers designated seating position, and with a safety operator in the front passenger seating position.  Subject vehicle moved to the right of the lane to turn right onto West-bound [XXX], a two-lane road, and made contact with a curb at approximately 13-miles per hour.  The safety driver was monitoring the behavior of a vehicle passing in the left lane for signs that it might enter subject vehicles path and did not see subject vehicle moving toward the curb in time to intervene and avoid contact.  During the incident, the safety driver disengaged the Automated Driving System, and then pulled the vehicle to the side of [XXX] and inspected the vehicle and curb for damage.  After the inspection, the safety driver drove the vehicle back to base with the Automated Driving System disengaged.  Subject vehicle did not sustain tire or wheel damage, but the contact resulted in misalignment.  No other agents were involved, no injuries were reported, and law enforcement was not called to the scene. Post-Crash Information: In addition to telematics and video, we also have photographs of the tires, curb, and alignment calibration information.                                                                                                 ",
30610-1441,1,"Zoox, Inc.",Monthly,10,2021,OCT-2021,5TDDCRFH9GS, ,N/A,Toyota,Highlander, ,2016, ,92c53b3ee15a475,38832, ,In-Vehicle (Commercial / Test),14.21.09.21, , ,, , ,, , ,, , ,,, , ,,,Yes,ADS,Zoox Inc., , ,Y, ,Y, , , ,,SEP-2021, ,SEP-2021,15:15, ,0d793f16e8354d9,[MAY CONTAIN PERSONALLY IDENTIFIABLE INFORMATION], ,[MAY CONTAIN PERSONALLY IDENTIFIABLE INFORMATION], ,[MAY CONTAIN PERSONALLY IDENTIFIABLE INFORMATION], ,San Francisco, ,CA ,[MAY CONTAIN PERSONALLY IDENTIFIABLE INFORMATION], ,Intersection,Dry,No Unusual Conditions,25, ,Daylight,Y, , , , , , , ,,Passenger Car,No Injuries Reported,No,Changing Lanes,Unknown,Unknown, , , , , , , , , , ,Y,Stopped,No,No,Yes,0, , , , , , , ,Y,Y,Y, , ,Y,Y,Y, ,Y, , , ,Yes,Traffic Collision Investigation Unit (TCIU), ,Yes,[MAY CONTAIN PERSONALLY IDENTIFIABLE INFORMATION], ,,Y,,Y,Yes, ,"A Zoox vehicle in manual mode was stopped in the left turn lane, when a passenger vehicle approaching from the rear in the right adjacent lane collided into the right passenger side doors of the Zoox vehicle. The Zoox vehicle incurred moderate damage to the right side passengers doors. The police were not called at the scene but a police report was filed. There were no injuries. Autonomy was engaged in the 30 second period prior to the collision.",
30531-1382,2,Transdev Alternative Services,10-Day Update,,,OCT-2021,SADHW2S13M1, ,N/A,Jaguar,I-Pace, ,2021, ,db1aad21cae0c5d,10779, ,In-Vehicle (Commercial / Test),,Y, ,, , ,, , ,, , ,,, , ,,,Yes,ADS,Waymo LLC, , , , ,Y, , , ,,OCT-2021, ,OCT-2021,15:51, ,2be0d6e1e9a8d23,,Y,,Y,[MAY CONTAIN PERSONALLY IDENTIFIABLE INFORMATION], ,San Francisco, ,CA ,[MAY CONTAIN PERSONALLY IDENTIFIABLE INFORMATION], ,Intersection,Dry,No Unusual Conditions,30, ,Daylight,Y, , , , , , , ,,SUV,No Injuries Reported,Yes,Proceeding Straight,No,No, , , , , ,Y, , , , , ,Stopped,No,No,Yes,0, , , , ,Y, , , , , , , , , ,Y, ,Y, , , ,No,, ,Yes,, ,, ,, ,Yes, ,"On October [XXX], 2021 at 3:51 PM PDT a Waymo Autonomous Vehicle ('Waymo AV') operating in San Francisco, California was in a collision involving an SUV at [XXX] Drive at [XXX]. 
The Waymo AV was traveling in autonomous mode westbound on [XXX] / [XXX] when it stopped for pedestrians who were in a crosswalk and between the westbound and eastbound lanes of [XXX]. An SUV following behind the Waymo AV struck the rear of the Waymo AV. The Waymo AV sustained minor damage to its rear bumper and trunk, and the SUV sustained minor damage to its front bumper and hood. 
Transdev Alternative Services is reporting this crash under Request No. 1 of Standing General Order 2021-01 because the Waymo AV was stopped for pedestrians when the impact occurred. Transdev may supplement or correct its reporting with additional information as it may become available. This report is a duplicate to Waymo LLC report: WaymoLLC-202110[XXX]-0 (rev.202110[XXX]172410). No additional update to 10day narrative.",
30270-1410,1,Waymo LLC,1-Day,,,OCT-2021,SADHW2S13M1, ,N/A,Jaguar,I-Pace, ,2021, ,db1aad21cae0c5d,10779, ,In-Vehicle (Commercial / Test),5th Generation ADS, , ,, , ,, , ,, , ,,, , ,,,Yes,ADS,Waymo LLC, , ,Y, , , , , ,,OCT-2021, ,OCT-2021,15:51, ,2be0d6e1e9a8d23,[MAY CONTAIN PERSONALLY IDENTIFIABLE INFORMATION], ,[MAY CONTAIN PERSONALLY IDENTIFIABLE INFORMATION], ,[MAY CONTAIN PERSONALLY IDENTIFIABLE INFORMATION], ,San Francisco, ,CA ,[MAY CONTAIN PERSONALLY IDENTIFIABLE INFORMATION], ,Intersection,Dry,No Unusual Conditions,30, ,Daylight,Y, , , , , , , ,,SUV,Minor,Yes,Proceeding Straight,No,No, , , , , ,Y, , , , , ,Stopped,No,No,Yes,0, , , , ,Y, , , , , , , , , ,Y, ,Y,Y, , ,No,, ,Yes,, ,, ,, ,Yes, ,"On October [XXX], 2021 at 3:51 PM PDT a Waymo Autonomous Vehicle ('Waymo AV') operating in San Francisco, California was in a collision involving an SUV at [XXX] at [XXX]. 
The Waymo AV was traveling in autonomous mode westbound on [XXX] / [XXX] when it stopped for pedestrians who were in a crosswalk and between the westbound and eastbound lanes of [XXX]. An SUV following behind the Waymo AV struck the rear of the Waymo AV. The Waymo AV sustained minor damage to its rear bumper and trunk, and the SUV sustained minor damage to its front bumper and hood. The Waymo AV test driver (in the driver's seating position) later reported lower back pain.
Waymo is reporting this crash under Request No. 1 of Standing General Order 2021-01 because the Waymo AV was stopped for pedestrians when the impact occurred. Waymo may supplement or correct its reporting with additional information as it may become available. This report was submitted from the Pacific time zone on the required date.",