Report ID,Report Version,Reporting Entity,Report Type,Report Month,Report Year,Report Submission Date,VIN,VIN - Unknown,Serial Number,Make,Model,Model - Unknown,Model Year,Model Year - Unknown,Same Vehicle ID,Mileage,Mileage - Unknown,Driver / Operator Type,ADAS/ADS System Version,ADAS/ADS System Version - Unk,ADAS/ADS System Version CBI,ADAS/ADS Hardware Version,ADAS/ADS Hardware Version - Unk,ADAS/ADS Hardware Version CBI,ADAS/ADS Software Version,ADAS/ADS Software Version - Unk,ADAS/ADS Software Version CBI,Other Reporting Entities?,Other Reporting Entities? - Unk,Other Reporting Entities? - NA,Federal Regulatory Exemption?,Other Federal Reg. Exemption,Federal Reg. Exemption - Unk,Federal Reg. Exemption - No,State or Local Permit?,State or Local Permit,ADS Equipped?,Automation System Engaged?,Operating Entity,Operating Entity - Unknown,Source - Complaint/Claim,Source - Telematics,Source - Law Enforcement,Source - Field Report,Source - Testing,Source - Media,Source - Other,Source - Other Text,Incident Date,Incident Date - Unknown,Notice Received Date,Incident Time (24:00),Incident Time - Unknown,Same Incident ID,Latitude,Latitude - Unknown,Longitude,Longitude - Unknown,Address,Address - Unknown,City,City - Unknown,State,Zip Code,Zip Code - Unknown,Roadway Type,Roadway Surface,Roadway Description,Posted Speed Limit (MPH),Posted Speed Limit - Unknown,Lighting,Weather - Clear,Weather - Snow,Weather - Cloudy,Weather - Fog/Smoke,Weather - Rain,Weather - Severe Wind,Weather - Unknown,Weather - Other,Weather - Other Text,Crash With,Highest Injury Severity Alleged,Property Damage?,CP Pre-Crash Movement,CP Any Air Bags Deployed?,CP Was Vehicle Towed?,CP Contact Area - Rear Left,CP Contact Area - Left,CP Contact Area - Front Left,CP Contact Area - Rear,CP Contact Area - Top,CP Contact Area - Front,CP Contact Area - Rear Right,CP Contact Area - Right,CP Contact Area - Front Right,CP Contact Area - Bottom,CP Contact Area - Unknown,SV Pre-Crash Movement,SV Any Air Bags Deployed?,SV Was Vehicle Towed?,SV Were All Passengers Belted?,SV Precrash Speed (MPH),SV Pre-crash Speed - Unknown,SV Contact Area - Rear Left,SV Contact Area - Left,SV Contact Area - Front Left,SV Contact Area - Rear,SV Contact Area - Top,SV Contact Area - Front,SV Contact Area - Rear Right,SV Contact Area - Right,SV Contact Area - Front Right,SV Contact Area - Bottom,SV Contact Area - Unknown,Data Availability - EDR,Data Availability - Police Rpt,Data Availability - Telematics,Data Availability - Complaints,Data Availability - Video,Data Availability - Other,Data Availability - No Data,Data Availability - Unknown,Law Enforcement Investigating?,Investigating Agency,Investigating Agency - Unknown,Rep Ent Or Mfr Investigating?,Investigating Officer Name,Inv. Officer Name - Unknown,Investigating Officer Phone,Inv. Officer Phone - Unknown,Investigating Officer Email,Inv. Officer Email - Unknown,Within ODD?,Within ODD? - CBI,Narrative,Narrative - CBI?
30270-1160,1,Waymo LLC,1-Day,,,SEP-2021,SADHW2S12M1, ,N/A,Jaguar,I-Pace, ,2021, ,68397cbf53d7d3b,8500, ,In-Vehicle (Commercial / Test),5th Generation ADS, , ,, , ,, , ,, , ,,, , ,,,Yes,ADS,Waymo LLC, , ,Y, , , , , ,,AUG-2021, ,AUG-2021,17:41, ,930d0910bc2916c,[MAY CONTAIN PERSONALLY IDENTIFIABLE INFORMATION], ,[MAY CONTAIN PERSONALLY IDENTIFIABLE INFORMATION], ,[MAY CONTAIN PERSONALLY IDENTIFIABLE INFORMATION], ,San Francisco, ,CA ,,Y,Street,Dry,No Unusual Conditions,25, ,Daylight,Y, , , , , , , ,,Passenger Car,No Injuries Reported,Yes,Parked,No,No, ,Y, , , , , , , , , ,Backing,No,Yes,Yes,2, , , , , , , ,Y, , , , , , ,Y, ,Y,Y, , ,No,, ,Yes,, ,, ,, ,Yes, ,"On August [XXX], 2021 at 5:41 PM PDT, Waymo Autonomous Vehicle ('Waymo AV') operating in San Francisco was in a collision involving an unoccupied parked passenger vehicle at [XXX]. While performing a multipoint turn at the north end of [XXX] (a dead-end road), the Waymo AV was in reverse at approximately 2 MPH when it made contact with the front driver's side door of an unoccupied parked passenger vehicle. The Waymo AV was in autonomous mode until just before making contact, when the test driver transitioned the Waymo AV into manual mode. The contact caused minor scuffing and a small dent in the door handle of the parked vehicle's driver door and minor damage to the plastic sensor housing on the Waymo AV's rear passenger's side.
Waymo is reporting this crash under Request No. 1 of Standing General Order 2021-01 because the Waymo AV was towed from the scene (though the Waymo AV was driveable). Waymo may supplement or correct its reporting with additional information as it may become available.",
30412-1138,1,Cruise LLC,1-Day,,,AUG-2021,5G21A6P07L4, ,N/A,Chevrolet,Bolt, ,2020, ,0756666678e7ccc,31090, ,In-Vehicle and Remote (Commercial / Test),"[REDACTED, MAY CONTAIN CONFIDENTIAL BUSINESS INFORMATION]", ,Y,, , ,, , ,, , ,,, , ,,,Yes,ADS,Cruise, , , , , ,Y, , ,,AUG-2021, ,AUG-2021,23:05, ,aed9b05ea58c626,[MAY CONTAIN PERSONALLY IDENTIFIABLE INFORMATION], ,[MAY CONTAIN PERSONALLY IDENTIFIABLE INFORMATION], ,[MAY CONTAIN PERSONALLY IDENTIFIABLE INFORMATION], ,San Francisco, ,CA ,[MAY CONTAIN PERSONALLY IDENTIFIABLE INFORMATION], ,Street,Dry,No Unusual Conditions,25, ,Dark - Lighted,Y, , , , , , , ,,Non-Motorist: Cyclist,Unknown,Yes,Proceeding Straight,,, , , , , , , , , , , ,Proceeding Straight,No,No,Yes,8, , , , , , ,Y, , , , , ,Y, ,Y, ,Y,Y, , ,Yes,San Francisco Police Department, ,Yes,[MAY CONTAIN PERSONALLY IDENTIFIABLE INFORMATION], ,,Y,,Y,"[REDACTED, MAY CONTAIN CONFIDENTIAL BUSINESS INFORMATION]",Y,"A Cruise autonomous vehicle (Cruise AV), operating in autonomous mode, was traveling southbound on [XXX] between [XXX] and [XXX]. The Cruise AV was traveling 22.6 mph upon entering the intersection with [XXX] on a green light. As the Cruise AV continued through the intersection, a bicyclist traveling eastbound on [XXX] failed to stop for their red light and entered the intersection. The Cruise AV was disengaged from autonomous mode and the Cruise AV operator braked to a speed of 8.1 mph and, shortly thereafter, the bicyclist made contact with the Cruise AV, damaging the front of the Cruise AV and the bicycle. Police and Emergency Medical Services were called, but the cyclist left the scene before the police or EMS arrived. [REDACTED CONFIDENTIAL BUSINESS INFORMATION]",Y
30412-1089,1,Cruise LLC,Monthly,7,2021,AUG-2021,5G21A6P05L4, ,N/A,Chevrolet,Bolt, ,2020, ,0e07360d9d38851,29293, ,In-Vehicle (Commercial / Test),"[REDACTED, MAY CONTAIN CONFIDENTIAL BUSINESS INFORMATION]", ,Y,, , ,, , ,, , ,,, , ,,,Yes,ADS,CRUISE, , , , , ,Y, , ,,JUL-2021, ,JUL-2021,21:38, ,dfa7cebb30de052,[MAY CONTAIN PERSONALLY IDENTIFIABLE INFORMATION], ,[MAY CONTAIN PERSONALLY IDENTIFIABLE INFORMATION], ,[MAY CONTAIN PERSONALLY IDENTIFIABLE INFORMATION], ,San Francisco, ,CA ,[MAY CONTAIN PERSONALLY IDENTIFIABLE INFORMATION], ,Street,Dry,No Unusual Conditions,25, ,Dark - Lighted,Y, , , , , , , ,,Passenger Car,No Injuries Reported,Yes,Proceeding Straight,Unknown,No, , , , , , , , ,Y, , ,Stopped,No,No,Yes,0, ,Y, , , , , , , , , , ,Y, ,Y, ,Y,Y, , ,No,, ,Yes,, ,, ,, ,"[REDACTED, MAY CONTAIN CONFIDENTIAL BUSINESS INFORMATION]",Y,"[REDACTED, MAY CONTAIN CONFIDENTIAL BUSINESS INFORMATION]",Y
30531-6,3,Transdev Alternative Services,Update,8,2021,AUG-2021,SADHW2S14M1, ,N/A,Jaguar,I-Pace, ,2021, ,fcbda73e579f03e,1232, ,"Other, see Narrative",,Y, ,, , ,, , ,, , ,,, , ,,,Yes,ADS,"Waymo, LLC", , , , ,Y, , , ,,JUL-2021, ,JUL-2021,16:47, ,271d12d94b19ecc,,Y,,Y,[MAY CONTAIN PERSONALLY IDENTIFIABLE INFORMATION], ,San Francisco, ,CA ,[MAY CONTAIN PERSONALLY IDENTIFIABLE INFORMATION], ,Street,Dry,No Unusual Conditions,25, ,Daylight,Y, , , , , , , ,,Passenger Car,No Injuries Reported,Yes,"Other, see Narrative",Unknown,No, , , , , , , , , , ,Y,Proceeding Straight,No,Yes,Yes,18, , ,Y, ,Y, , ,Y, , , , , ,Y, , ,Y, , , ,Yes,San Francisco Police Dept., ,Yes,,Y,,Y,,Y,Yes, ,"No update to narrative. Please refer to Transdev report - TransdevAl-202107[XXX]-0 (rev.202107[XXX]223447) submitted on July, [XXX], 2021.",
30531-2,3,Transdev Alternative Services,Update,8,2021,AUG-2021,,Y,,Chrysler,Pacifica, ,2017, , ,34996, ,In-Vehicle (Commercial / Test),,Y, ,, , ,, , ,, , ,,, , ,,,Yes,ADS,Waymo LLC, , , , ,Y, , , ,,JUL-2021, ,JUL-2021,15:10, , ,,Y,,Y,[MAY CONTAIN PERSONALLY IDENTIFIABLE INFORMATION], ,San Francisco, ,CA ,,Y,Intersection,Dry,No Unusual Conditions,25, ,Daylight, , ,Y, , , , , ,,Van,No Injuries Reported,Yes,Proceeding Straight,No,No, , , , , , , , ,Y, , ,Making Left Turn,No,Yes,Yes,,Y, , , , , , ,Y, , , , , , , , ,Y,Y, , ,No,, ,Yes,, ,, ,, ,Yes, ,"No update to narrative. Please refer to Transdev report - TransdevAl-202107[XXX]-0 (rev.202107[XXX]225225) submitted on July, [XXX}, 2021.",
30792-1031,1,WeRide Corp,Monthly,8,2021,AUG-2021,3LN6L5LU1HR, ,N/A,Lincoln,MKZ, ,2017, ,1e795dcf422a758,13679, ,In-Vehicle (Commercial / Test),L4, , ,, , ,, , ,, , ,,, , ,,,Yes,ADS,Weride Corp, , , , , ,Y, , ,,JUL-2021, ,JUL-2021,11:35, ,7e6339198926ba7,[MAY CONTAIN PERSONALLY IDENTIFIABLE INFORMATION], ,[MAY CONTAIN PERSONALLY IDENTIFIABLE INFORMATION], ,[MAY CONTAIN PERSONALLY IDENTIFIABLE INFORMATION], ,San Jose, ,CA ,[MAY CONTAIN PERSONALLY IDENTIFIABLE INFORMATION], ,Street,Dry,No Unusual Conditions,35, ,Daylight,Y, , , , , , , ,,SUV,No Injuries Reported,Yes,Passing,No,No, , ,Y, , , , , , , , ,Proceeding Straight,No,No,Yes,3, , , , ,Y, , ,Y, , , , , , ,Y, ,Y, , , ,No,, ,No,, ,, ,, ,Yes, ,"At about 11:35 am our vehicle (car 1) was waiting behind a USPS truck to make an unprotected left turn, meanwhile one other vehicle (car 2) waited behind our vehicle.   Another non involved vehicle notices the queue of vehicles and passes on the right in the bike lane.  As the USPS truck begins to make the turn, car 1 begins to move forward at 7 MPH then slowed to 3 MPH when yielding to the vehicle passing in the bike lane. Car 2 directly behind us strikes our passenger rear bumper.  The safety driver then disengaged the vehicle (car 1) and moved into a nearby parking lot to exchange information.",
30531-33,2,Transdev Alternative Services,10-Day Update,,,AUG-2021,SADHW2S14M1, ,N/A,Jaguar,I-Pace, ,2021, ,09f6e9bd642f040,5471, ,"Other, see Narrative",,Y, ,, , ,, , ,, , ,,, , ,,,Yes,ADS,Waymo LLC., , , , ,Y, , , ,,AUG-2021, ,AUG-2021,16:48, ,67a8aed333e7a9d,,Y,,Y,[MAY CONTAIN PERSONALLY IDENTIFIABLE INFORMATION], ,San Francisco, ,CA ,,Y,Intersection,Dry,No Unusual Conditions,25, ,Daylight,Y, , , , , , , ,,Non-Motorist: Cyclist,No Injuries Reported,Yes,"Other, see Narrative",,, , , , , , , , , , , ,Proceeding Straight,No,No,Yes,1, ,Y, , , , , , , , , , , , , , ,Y,Y, , ,No,, ,Yes,, ,, ,, ,Yes, ,"No update to narrative. Please refer to Transdev report - TransdevAl-202108[XXX]-0 (rev.202108[XXX]111749) submitted on Aug, 4th, 2021.",
30531-33,1,Transdev Alternative Services,1-Day,,,AUG-2021,SADHW2S14M1, ,,Jaguar,I-Pace, ,2021, ,09f6e9bd642f040,5471, ,"Other, see Narrative",,Y, ,, , ,, , ,, , ,,, , ,,,Yes,ADS,Waymo LLC. , , , , ,Y, , , ,,AUG-2021, ,AUG-2021,16:48, ,67a8aed333e7a9d,,Y,,Y,[MAY CONTAIN PERSONALLY IDENTIFIABLE INFORMATION], ,San Francisco, ,CA ,,Y,Intersection,Dry,No Unusual Conditions,25, ,Daylight,Y, , , , , , , ,,Non-Motorist: Cyclist,No Injuries Reported,Yes,"Other, see Narrative",Not Applicable,No, , , , , , , , , , , ,Proceeding Straight,No,No,Yes,1, ,Y, , , , , , , , , , , , , , ,Y,Y, , ,No,, ,Yes,, ,, ,, ,Yes, ,"On August [XXX], 2021 at approximately 4:48pm, Waymo Autonomous Vehicle operated by a Transdev employee, in the city of San Francisco, California was stuck by a bicycle at [XXX] and [XXX]. The Waymo AV had stopped at the stop sign on [XXX] and, when the intersection was clear, began to proceed westbound through the intersection with [XXX]. At the approximately the same time, a cyclist traveling northbound ran the stop sign on [XXX], began to turn right into [XXX] but immediately veered left to continue northbound across the crosswalk on [XXX], where it stuck the rear drivers side of the Waymo AV. The cyclist stated upright and immediately rode away, continuing northbound on [XXX]. The Bicyclist caused a minor scratches and marks on the rear divers side bumper of the Waymo AV. The Waymo AV was operating with a driver (in the driver's seating position), who transitioned the vehicle from autonomous to manual mode approximately 1 second before the impact occurred. At the time of impact, the Waymo AV was in manual mode. Trasndev Alternative Services (TAS) is reporting this crash under Request No. 1 of the Standing General Order 2021-01 because of a vulnerable road user was involved. Transdev may supplement or correct it's reporting with additional information as it may become available. This report is a duplicate to Waymo LLC's report WaymoLLC-202108[XXX]-0 (rev. 202108[XXX]200020). ",
30270-31,1,Waymo LLC,1-Day,,,AUG-2021,SADHW2S14M1, ,,Jaguar,I-Pace, ,2021, ,09f6e9bd642f040,5471, ,"Other, see Narrative",5th Generation ADS, , ,, , ,, , ,, , ,,, , ,,,Yes,ADS,Waymo LLC, , ,Y, , , , , ,,AUG-2021, ,AUG-2021,16:48, ,67a8aed333e7a9d,[MAY CONTAIN PERSONALLY IDENTIFIABLE INFORMATION], ,[MAY CONTAIN PERSONALLY IDENTIFIABLE INFORMATION], ,[MAY CONTAIN PERSONALLY IDENTIFIABLE INFORMATION], ,San Francisco, ,CA ,,Y,Intersection,Dry,No Unusual Conditions,25, ,Daylight,Y, , , , , , , ,,Non-Motorist: Cyclist,No Injuries Reported,Yes,"Other, see Narrative",Not Applicable,No, , , , , , , , , , , ,Proceeding Straight,No,No,Yes,1, ,Y, , , , , , , , , , , , ,Y, ,Y,Y, , ,No,, ,Yes,, ,, ,, ,Yes, ,"On August [XXX], 2021 at 4:48 PM PDT, a Waymo Autonomous Vehicle (Waymo AV) operating in San Francisco, California was struck by a bicycle at [XXX] and [XXX]. The Waymo AV had stopped at a stop sign on [XXX] and, when the intersection was clear, began to proceed westbound through the intersection with [XXX]nue. At approximately the same time, a cyclist traveling northbound ran the stop sign on [XXX]nue, began to turn right onto [XXX] but immediately veered left to continue northbound across the crosswalk on [XXX], where it struck the rear driver?s side of the Waymo AV. The cyclist stayed upright and immediately rode away, continuing northbound on [XXX]nue. The bicycle caused minor scratches and marks on the rear driver?s side bumper of the Waymo AV. The Waymo AV was operating with a driver (in the driver?s seating position), who transitioned the vehicle from autonomous to manual mode approximately 1 second before the impact occurred. At the time of impact, the Waymo AV was in manual mode. Waymo is reporting this crash under Request No. 1 of Standing General Order 2021-01 because a vulnerable road user was involved. Waymo may supplement or correct its reporting with additional information as it may become available.",
30412-16,2,Cruise LLC,10-Day Update,,,JUL-2021,5G21A6P01L4, ,,Cruise,AV, ,2020, ,c25b8fa9390e19b,31980, ,In-Vehicle (Commercial / Test),"[REDACTED, MAY CONTAIN CONFIDENTIAL BUSINESS INFORMATION]", ,Y,, , ,, , ,, , ,,, , ,,,Yes,ADS,Cruise , , , , , ,Y, , ,,JUL-2021, ,JUL-2021,13:15, ,3759781d335193e,[MAY CONTAIN PERSONALLY IDENTIFIABLE INFORMATION], ,[MAY CONTAIN PERSONALLY IDENTIFIABLE INFORMATION], ,[MAY CONTAIN PERSONALLY IDENTIFIABLE INFORMATION], ,San Francisco, ,CA ,[MAY CONTAIN PERSONALLY IDENTIFIABLE INFORMATION], ,Street,Dry,Work Zone,25, ,Daylight,Y, , , , , , , ,,Non-Motorist: Other,Minor,Yes,Proceeding Straight,Not Applicable,No, , , , , , , , , , ,Y,Making Left Turn,No,No,Yes,13, , , , , , , ,Y,Y, , , ,Y, ,Y, ,Y,Y, , ,Unknown,,Y,Yes,,Y,,Y,,Y,"[REDACTED, MAY CONTAIN CONFIDENTIAL BUSINESS INFORMATION]",Y,"A Cruise autonomous vehicle (""Cruise AV?), operating in autonomous mode, was traveling northbound on [XXX] and yielding to oncoming traffic before making a left turn onto westbound [XXX]. The Cruise AV was yielding to an oncoming electric scooterist when the light turned from green to yellow. The driver of the Cruise AV disengaged from autonomous mode to make the left turn and, shortly thereafter, the electric scooterist made contact with the right side of the Cruise AV, damaging the Cruise AV?s front and rear passenger doors. The electric scooterist reported soreness and bruising and the San Francisco police were called. It is unknown at this time whether an investigation is being conducted by law enforcement. [REDACTED CONFIDENTIAL BUSINESS INFORMATION]",Y
30412-16,1,Cruise LLC,1-Day,,,JUL-2021,5G21A6P01L4, ,,Cruise,AV, ,2020, ,c25b8fa9390e19b,31980, ,In-Vehicle (Commercial / Test),"[REDACTED, MAY CONTAIN CONFIDENTIAL BUSINESS INFORMATION]", ,Y,, , ,, , ,, , ,,, , ,,,Yes,ADS,Cruise , , , , , ,Y, , ,,JUL-2021, ,JUL-2021,13:15, ,3759781d335193e,[MAY CONTAIN PERSONALLY IDENTIFIABLE INFORMATION], ,[MAY CONTAIN PERSONALLY IDENTIFIABLE INFORMATION], ,[MAY CONTAIN PERSONALLY IDENTIFIABLE INFORMATION], ,San Francisco, ,CA ,[MAY CONTAIN PERSONALLY IDENTIFIABLE INFORMATION], ,Street,Dry,Work Zone,25, ,Daylight,Y, , , , , , , ,,Non-Motorist: Other,Minor,Yes,Proceeding Straight,Not Applicable,No, , , , , , , , , , ,Y,Making Left Turn,No,No,Yes,13, , , , , , , ,Y,Y, , , ,Y,Y,Y, ,Y,Y, , ,Unknown,,Y,Yes,,Y,,Y,,Y,"[REDACTED, MAY CONTAIN CONFIDENTIAL BUSINESS INFORMATION]",Y,"A Cruise autonomous vehicle (Cruise AV), operating in autonomous mode, was traveling northbound on [XXX] Street and yielding to oncoming traffic before making a left turn onto westbound [XXX] Street. The Cruise AV was yielding to an oncoming electric scooterist when the light turned from green to yellow. The driver of the Cruise AV disengaged from autonomous mode to make the left turn and, shortly thereafter, the electric scooterist made contact with the right side of the Cruise AV, damaging the Cruise AVs front and rear passenger doors. The electric scooterist reported soreness and bruising and the San Francisco police were called. It is unknown at this time whether an investigation is being conducted by law enforcement. [REDACTED, MAY CONTAIN CONFIDENTIAL BUSINESS INFORMATION] The police report from the San Francisco Police Department was received after the original incident report was submitted.",Y
30270-4,2,Waymo LLC,10-Day Update,,,JUL-2021,SADHW2S14M1, ,,Jaguar,I-Pace, ,2021, ,fcbda73e579f03e,1232, ,"Other, see Narrative",5th Generation ADS, , ,, , ,, , ,, , ,,, , ,,,Yes,ADS,Waymo LLC, , ,Y, , , , , ,,JUL-2021, ,JUL-2021,16:47, ,271d12d94b19ecc,[MAY CONTAIN PERSONALLY IDENTIFIABLE INFORMATION], ,[MAY CONTAIN PERSONALLY IDENTIFIABLE INFORMATION], ,[MAY CONTAIN PERSONALLY IDENTIFIABLE INFORMATION], ,San Francisco, ,CA ,[MAY CONTAIN PERSONALLY IDENTIFIABLE INFORMATION], ,Street,Dry,No Unusual Conditions,25, ,Daylight,Y, , , , , , , ,,Passenger Car,No Injuries Reported,Yes,"Other, see Narrative",Unknown,No, , , , , , , , , , ,Y,Proceeding Straight,No,Yes,Yes,18, , ,Y, ,Y, , ,Y, , , , , , ,Y, ,Y,Y, , ,Yes,San Francisco Police Department, ,Yes,[MAY CONTAIN PERSONALLY IDENTIFIABLE INFORMATION], ,[MAY CONTAIN PERSONALLY IDENTIFIABLE INFORMATION], ,[MAY CONTAIN PERSONALLY IDENTIFIABLE INFORMATION], ,Yes, ,"No update to narrative. Please refer to Waymo LLC Report - 202107[XXX]-0 (rev.202107[XXX]170340) submitted on July [XXX], 2021.",
30531-6,2,Transdev Alternative Services,10-Day Update,,,JUL-2021,SADHW2S14M1, ,,Jaguar,I-Pace, ,2021, ,fcbda73e579f03e,1232, ,"Other, see Narrative",,Y, ,, , ,, , ,, , ,,, , ,,,Yes,ADS,"Waymo, LLC ", , , , ,Y, , , ,,JUL-2021, ,JUL-2021,16:47, ,271d12d94b19ecc,,Y,,Y,[MAY CONTAIN PERSONALLY IDENTIFIABLE INFORMATION], ,San Francisco, ,CA ,[MAY CONTAIN PERSONALLY IDENTIFIABLE INFORMATION], ,Street,Dry,No Unusual Conditions,25, ,Daylight,Y, , , , , , , ,,Passenger Car,No Injuries Reported,Yes,"Other, see Narrative",Unknown,No, , , , , , , , , , ,Y,Proceeding Straight,No,Yes,Yes,18, , ,Y, ,Y, , ,Y, , , , , ,Y, , ,Y, , , ,Yes,San Francisco Police Dept., ,Yes,,Y,,Y,,Y,Yes, ,"No update to narrative. Please refer to Transdev report - TransdevAl-202107[XXX]-0 (rev.202107[XXX]223447) submitted on July, [XXX], 2021.",
30531-2,2,Transdev Alternative Services,10-Day Update,,,JUL-2021,2C4RC1K76HR, ,,Chrysler,Pacifica, ,2017, ,27a8308e4525a57,34996, ,In-Vehicle (Commercial / Test),,Y, ,, , ,, , ,, , ,,, , ,,,Yes,ADS,Waymo LLC , , , , ,Y, , , ,,JUL-2021, ,JUL-2021,15:10, ,c26d492ac568c12,,Y,,Y,[MAY CONTAIN PERSONALLY IDENTIFIABLE INFORMATION], ,San Francisco, ,CA ,,Y,Intersection,Dry,No Unusual Conditions,25, ,Daylight, , ,Y, , , , , ,,Van,No Injuries Reported,Yes,Proceeding Straight,No,No, , , , , , , , ,Y, , ,Making Left Turn,No,Yes,Yes,,Y, , , , , , ,Y, , , , , , , , ,Y,Y, , ,No,, ,Yes,, ,, ,, ,Yes, ,"No update to narrative. Please refer to Transdev report - TransdevAl-202107[XXX]-0 (rev.202107[XXX]225225) submitted on July, [XXX], 2021.",
30270-1,2,Waymo LLC,10-Day Update,,,JUL-2021,2C4RC1K76HR, ,,Chrysler,Pacifica, ,2017, ,27a8308e4525a57,34996, ,In-Vehicle (Commercial / Test),4th Generation ADS, , ,, , ,, , ,, , ,,, , ,,,Yes,ADS,Waymo LLC, , ,Y, , , , , ,,JUL-2021, ,JUL-2021,15:10, ,c26d492ac568c12,[MAY CONTAIN PERSONALLY IDENTIFIABLE INFORMATION], ,[MAY CONTAIN PERSONALLY IDENTIFIABLE INFORMATION], ,[MAY CONTAIN PERSONALLY IDENTIFIABLE INFORMATION], ,San Francisco, ,CA ,,Y,Intersection,Dry,No Unusual Conditions,25, ,Daylight, , ,Y, , , , , ,,Van,No Injuries Reported,Yes,Proceeding Straight,No,No, , , , , , , , ,Y, , ,Making Left Turn,No,Yes,Yes,,Y, , , , , , ,Y, , , , , , ,Y, ,Y,Y, , ,No,, ,Yes,, ,, ,, ,Yes, ,"No update to narrative. Please refer to Waymo LLC Report - 202107[XXX]-0 (rev.202107[XXX]170406) submitted on July [XXX], 2021.",
30531-6,1,Transdev Alternative Services,1-Day,,,JUL-2021,SADHW2S14M1, ,,Jaguar,I-Pace, ,2021, ,fcbda73e579f03e,1232, ,"Other, see Narrative",,Y, ,, , ,, , ,, , ,,, , ,,,Yes,ADS,Waymo LLC, , , , ,Y, , , ,,JUL-2021, ,JUL-2021,16:47, ,271d12d94b19ecc,,Y,,Y,[MAY CONTAIN PERSONALLY IDENTIFIABLE INFORMATION], ,San Francisco, ,CA ,[MAY CONTAIN PERSONALLY IDENTIFIABLE INFORMATION], ,Street,Dry,No Unusual Conditions,25, ,Daylight,Y, , , , , , , ,,Passenger Car,No Injuries Reported,Yes,"Other, see Narrative",Unknown,No, , , , , , , , , , ,Y,Proceeding Straight,No,Yes,Yes,18, , ,Y, ,Y, , ,Y, , , , , , , , ,Y,Y, , ,Yes,San Francisco Police Department, ,Yes,,Y,,Y,,Y,Yes, ,"On July [XXX], 2021 at 4:47 PM PDT, a Waymo Autonomous Vehicle (""Waymo AV"") was proceeding straight westbound on [XXX] in San Francisco, when a passenger vehicle struck the Waymo AV from behind two times. The passenger vehicle then struck the Waymo AV a third time, on the left side of the Waymo AV, as it passed on the left, then immediately fled the scene. The San Francisco Police Department is investigating the event as a criminal act. At the time of the impact, the Waymo AV's Level 4 ADS was engaged in autonomous mode, and a test driver was present (in the driver's seating position). Transdev Alternative Services is reporting this crash under Request No. 1 of Standing General Order 2021-01 because the Waymo AV was towed away. Transdev may supplement or correct its report pursuant to Standing General Order 2021-01. Note: This report is a Transdev duplicate associated with Waymo's recent report: WaymoLLC-202107[XXX]-0 (rev.202107[XXX]170340). ",
30270-4,1,Waymo LLC,1-Day,,,JUL-2021,SADHW2S14M1, ,,Jaguar,I-Pace, ,2021, ,fcbda73e579f03e,1232, ,"Other, see Narrative",5th Generation ADS, , ,, , ,, , ,, , ,,, , ,,,Yes,ADS,Waymo LLC, , ,Y, , , , , ,,JUL-2021, ,JUL-2021,16:47, ,271d12d94b19ecc,[MAY CONTAIN PERSONALLY IDENTIFIABLE INFORMATION], ,[MAY CONTAIN PERSONALLY IDENTIFIABLE INFORMATION], ,[MAY CONTAIN PERSONALLY IDENTIFIABLE INFORMATION], ,San Francisco, ,CA ,[MAY CONTAIN PERSONALLY IDENTIFIABLE INFORMATION], ,Street,Dry,No Unusual Conditions,25, ,Daylight,Y, , , , , , , ,,Passenger Car,No Injuries Reported,Yes,"Other, see Narrative",Unknown,No, , , , , , , , , , ,Y,Proceeding Straight,No,Yes,Yes,18, , ,Y, ,Y, , ,Y, , , , , , ,Y, ,Y,Y, , ,Yes,San Francisco Police Department, ,Yes,,Y,,Y,,Y,Yes, ,"On July [XXX], 2021 at 4:47 PM PDT, a Waymo Autonomous Vehicle (""Waymo AV"") was proceeding straight westbound on [XXX] in San Francisco, when a passenger vehicle struck the Waymo AV from behind two times. The passenger vehicle then struck the Waymo AV a third time, on the left side of the Waymo AV, as it passed on the left, then immediately fled the scene. The San Francisco Police Department is investigating the event as a criminal act. At the time of the impact, the Waymo AV's Level 4 ADS was engaged in autonomous mode, and a test driver was present (in the driver's seating position). Waymo is reporting this crash under Request No. 1 of Standing General Order 2021-01 because the Waymo AV was towed away. Waymo may supplement or correct its report pursuant to Standing General Order 2021-01. ",
30531-2,1,Transdev Alternative Services,1-Day,,,JUL-2021,2C4RC1K76HR, ,,Chrysler,Pacifica, ,2017, ,27a8308e4525a57,34996, ,In-Vehicle (Commercial / Test),,Y, ,, , ,, , ,, , ,,, , ,,,Yes,ADS,Waymo LLC, , , , ,Y, , , ,,JUL-2021, ,JUL-2021,15:10, ,c26d492ac568c12,,Y,,Y,[MAY CONTAIN PERSONALLY IDENTIFIABLE INFORMATION], ,San Francisco, ,CA ,,Y,Intersection,Dry,No Unusual Conditions,25, ,Daylight, , ,Y, , , , , ,,Van,No Injuries Reported,Yes,Proceeding Straight,No,No, , , , , , , , ,Y, , ,Making Left Turn,No,Yes,Yes,,Y, , , , , , ,Y, , , , , , , , ,Y,Y, , ,No,, ,Yes,, ,, ,, ,Yes, ,"On July [XXX], 2021 at 3:10 PM PDT, a Waymo Autonomous Vehicle (""Waymo AV"") operating in San Francisco was in a collision involving a van at [XXX] and [XXX]. The Waymo AV, while in autonomous mode, was waiting to make a left turn and yielding to oncoming traffic, when the test driver (in the driver's seating position) transitioned to manual mode and proceeded with a left turn manually. During the left turn, an approaching van struck the right side of the Waymo AV. At the time of the impact, the Waymo AV was in manual mode. Waymo is reporting this crash under Request No. 1 of Standing General Order 2021-01 because a vehicle involved was towed away. Waymo may supplement or correct its report pursuant to Standing General Order 2021-01. This report is a duplicate report in reference to [XXX] (Waymo LLC Report - 202107[XXX]-0 (rev.202107[XXX]170406).pdf submitted by Waymo LLC.",
30270-1,1,Waymo LLC,1-Day,,,JUL-2021,2C4RC1K76HR, ,,Chrysler,Pacifica, ,2017, ,27a8308e4525a57,34996, ,In-Vehicle (Commercial / Test),4th Generation ADS, , ,, , ,, , ,, , ,,, , ,,,Yes,ADS,Waymo LLC, , ,Y, , , , , ,,JUL-2021, ,JUL-2021,15:10, ,c26d492ac568c12,[MAY CONTAIN PERSONALLY IDENTIFIABLE INFORMATION], ,[MAY CONTAIN PERSONALLY IDENTIFIABLE INFORMATION], ,[MAY CONTAIN PERSONALLY IDENTIFIABLE INFORMATION], ,San Francisco, ,CA ,,Y,Intersection,Dry,No Unusual Conditions,25, ,Daylight, , ,Y, , , , , ,,Van,No Injuries Reported,Yes,Proceeding Straight,No,No, , , , , , , , ,Y, , ,Making Left Turn,No,Yes,Yes,,Y, , , , , , ,Y, , , , , , ,Y, ,Y,Y, , ,No,, ,Yes,, ,, ,, ,Yes, ,"On July [XXX], 2021 at 3:10 PM PDT, a Waymo Autonomous Vehicle (""Waymo AV"") operating in San Francisco was in a collision involving a van at [XXX] and [XXX]. The Waymo AV, while in autonomous mode, was waiting to make a left turn and yielding to oncoming traffic, when the test driver (in the driver's seating position) transitioned to manual mode and proceeded with a left turn manually. During the left turn, an approaching van struck the right side of the Waymo AV. At the time of the impact, the Waymo AV was in manual mode. Waymo is reporting this crash under Request No. 1 of Standing General Order 2021-01 because a vehicle involved was towed away. Waymo may supplement or correct its report pursuant to Standing General Order 2021-01. ",